material,coeffvar,coeffvar_uw,crit_bw_1,crit_bw_1_uw,entropy,entropy_uw,fit_lognorm_SW,fit_lognorm_SW_uw,fit_norm_SW,fit_norm_SW_uw,kurtosis,kurtosis_uw,mean,mean_uw,modality_index,modality_index_uw,n,skewness,skewness_uw,w_v_uw_wasserstein,weight_outliers,weight_outliers_uw
AccessFlooring,0.7166120797150832,0.7973928575390324,0.5617393696908978,0.7274248494701964,3.3173315708386406,3.6726978358901863,0.8494116503658599,0.912889545161801,0.9408523678774999,0.8870817017132662,-0.42320177424830163,3.3764462370627895,1.0495831275216292,0.9999999999999999,1.0006204365334728,1.0280841516181272,53.0,0.5055559928364058,1.4611833411752164,0.12066643069036952,0.002196022764953359,0.018867924528301886
AccessFlooringPedestals,0.7455856917047092,0.6420544974645521,0.5598094957506264,0.4942698121611483,2.210414170851654,2.351673301904639,0.8917379209458604,0.9247448315443465,0.9666226237052599,0.9467795739712258,0.16625917979727137,0.49182272625335366,0.9680125954677462,1.0000000000000002,1.0,1.0,13.0,0.7530917292035287,0.7895028742751836,0.0803901182218877,0.0,0.0
AcousticalCeilings,1.7535974083137917,1.6591697013389641,1.7688590040861671,1.6255745426907335,3.1995322798062906,3.348246316654555,0.9533433053206312,0.9622585378473276,0.4489224569193863,0.5006358208247527,42.285215975721634,38.18153348513542,0.9312200364004626,1.0000000000000002,1.0093244332579738,1.008822288055942,412.0,5.74887852611989,5.27016477638714,0.09292574718589587,0.14054918359803203,0.145631067961165
Aggregates,7.107461973628843,6.424245552319687,3.9586608346334975,3.7717960864094997,1.1736410009855682,1.1402171587635999,0.9166235632163843,0.9221747183264277,0.08282164949145206,0.11340301242052908,296.0683305504247,246.7219645331271,0.8972473692360423,0.9999999999999997,1.0038614687354932,1.0084317317130513,384.0,16.950371739127736,14.922681553848603,0.23053359904467524,0.06818067608021712,0.11458333333333334
AluminiumBillets,0.9001384470221278,0.8656033349634747,0.8863996228865847,0.9840579270630823,3.864277586109131,4.126670474533679,0.972478099150505,0.9537935662538458,0.8123807792000486,0.822467890478628,5.668478652861983,8.613243147204013,1.0443500678418767,1.0,1.020427907769703,1.017329270759607,120.0,1.9909219075630311,2.236995624420989,0.06714912019288702,0.05091374499805163,0.03333333333333333
AluminiumExtrusions,0.8514955388435604,0.8177231796232496,1.0105467590552835,0.9452903412491029,2.930607142898502,3.260918854213801,0.9207403261318348,0.9519748627859773,0.6899197883377912,0.7183996529751426,6.812647729582318,7.180976195643482,1.0094852431480277,0.9999999999999999,1.0738932863107784,1.070504973760363,36.0,2.511320968056919,2.521743750247535,0.0800516398809498,0.06494546106111922,0.05555555555555555
AluminiumSheetGoods,0.8218833647220964,0.8322869541332962,0.38589195151699346,0.470608801393936,2.7651059946294607,2.971376539969033,0.9474251833827445,0.9510641296365299,0.8349972892712356,0.8443267531038592,0.7931281673288593,0.15362685049534813,0.9268196356467017,1.0,1.0,1.0,26.0,1.2091314879439061,1.0742523999301254,0.0821835427805069,0.028728472093710485,0.038461538461538464
AluminiumSiding,0.4755023523128038,0.5280530327661387,0.7898308884002749,0.6038252026953387,0.9286361675688839,1.0986122886681144,0.9607586427101262,0.9561474769901381,0.9955351590063858,0.9998590287176354,,,1.1978968655652944,1.0,1.0,1.0,3.0,-1.607850114171004,-0.06168301151315891,0.19789686556529412,0.0,0.0
AluminiumSuspensionAssembly,1.1268977495325276,1.201867774075298,0.7079755318672748,0.7015529080303639,2.142475525238708,2.347180829317888,0.9030430298440333,0.9093437360966836,0.792032145773023,0.7629110641513599,2.2690202270405173,4.483214366916057,1.2164893301478634,1.0000000000000002,1.0,1.0204005894902481,22.0,1.5593579578101497,1.9275733301416929,0.21648933014786348,0.06955559152005275,0.045454545454545456
Asphalt,0.2600988575656265,0.26500025515816206,0.4123525292425127,0.4518768062802839,4.5945344853625,4.623080975179613,0.9652229947878748,0.9678180434231227,0.9028121578587365,0.8963405675894759,5.9041100823531245,6.109877075826179,0.9955233612521002,1.0000000000000002,1.0069061854534085,1.009154565156715,7232.0,1.5393058855743464,1.6228284976725058,0.004927035618183227,0.044653013408665156,0.045492256637168146
BackingAndUnderlay,1.3734254035589537,1.4273083601253846,0.6817889769378337,0.8070070024387275,3.053410983274887,3.1711062139668496,0.9839805203242731,0.9543715662249908,0.6822747554989643,0.6497797011049407,5.1902112222033745,6.853265645063857,1.0583462967351864,0.9999999999999998,1.0143054644431793,1.037033785089428,45.0,2.272252795914303,2.585468631620784,0.11078299619851735,0.12003060443866136,0.11111111111111112
BituminousRoofing,0.8934721382063724,0.8825190221461414,1.068592562545425,0.949456086808417,3.4266787034784785,3.619754775050524,0.9780114202410796,0.9883179098031101,0.7336423377662074,0.7493861778079243,10.32890244783706,10.097923067558629,1.0341453745262283,1.0,1.0277749518532497,1.0222072619938776,66.0,2.69821941981011,2.661886929699789,0.07221369851198846,0.031248153863216457,0.06060606060606061
BlanketFacing,0.5768557783561169,0.6603474412261163,0.6506613889254824,0.8396829198125447,2.787679977141621,3.1836729714837984,0.8727234599054907,0.8724002405574519,0.8705184285634944,0.7943923596512326,6.540705755360844,5.0391654682247955,0.8191719518622501,1.0000000000000002,1.0237291386274983,1.0605764113186673,28.0,1.6934683294359287,1.9613562338564847,0.1822990286817721,0.021424536975713875,0.07142857142857142
BlanketInsulation [mineral wool],0.9740152227653087,1.0694917161371635,1.0354610780247622,1.1194103287100794,3.695649320187166,3.8474931328418984,0.9572999427082871,0.9309556255000982,0.5829353329793079,0.5669579032811601,16.650553141180357,11.268678312832616,0.8930728347439628,1.0000000000000002,1.0336027875020735,1.053545989607294,184.0,3.770015022130187,3.295714006834492,0.1079311911602625,0.08115158458739555,0.10326086956521738
BlanketInsulation [other],0.43813671478398486,0.7550040735013382,0.3606422675213682,0.6463858367455421,0.5433186552598724,1.0986122886681178,0.9290963667493711,0.9295911053734708,0.9965370912975703,0.9955275127701789,,,0.7806365322615879,1.0,1.0,1.0,3.0,-2.4080552993437827,0.3454290422676277,0.44738094835913633,0.009585263433586294,0.0
BlanketInsulation [type not stated],1.2674295840431564,1.1619392199774394,0.8327496407837682,0.7204840117763625,3.4322909730350313,3.678132961469878,0.951626762063243,0.9612540179928349,0.5589212807730928,0.6383083103717502,15.730479731456297,11.178548900762218,0.939488481211274,1.0,1.0150347282948564,1.0129837592178437,129.0,3.661356811908116,3.0340630384179064,0.10006708077398378,0.11037142245728164,0.12403100775193798
BlownInsulation [cellulose],1.1259280352269279,1.1332960113193202,0.8455397969629386,0.8065165138830613,0.7674754128622401,1.0986122886681202,0.9796649449918181,0.8678362403890658,0.9659464275170122,0.7774078101824612,,,1.043292339413536,0.9999999999999999,1.0,1.0,3.0,1.4032042256949868,1.7239399600127974,0.09293681618496408,0.3622193416706191,0.3333333333333333
BlownInsulation [type not stated],0.5491815241612263,0.6424188127508977,0.5275388720957686,0.5821826400467275,2.0663591326580484,2.685945324669796,0.9578191260316599,0.9542076589471196,0.8499463737329206,0.8034669915087368,3.0025628567429585,3.0388540587403834,1.0615894331285562,0.9999999999999999,1.0,1.0,16.0,1.572077098824211,1.7522373681928793,0.10095500485992123,0.29288775751669593,0.1875
BoardInsulation [EPS],1.0892943651841465,1.5185245953892603,1.107978886704567,1.4699837773824405,2.8602673903406446,3.0977208518816766,0.975434139575947,0.9763024936774269,0.7372657332390844,0.522023995366174,11.968307099576162,26.064373991785576,0.933118420351331,0.9999999999999994,1.014634506552205,1.0281830964693006,47.0,2.4556463000029476,4.642303052486983,0.23903425706859824,0.10403267853698497,0.06382978723404255
BoardInsulation [PIR or PUR],1.0625464664772062,1.4005356215697917,0.6625738041118726,0.9924584719195968,2.7176192872163907,3.197945899117643,0.8956671122333576,0.9362987071392876,0.6806677497662093,0.5664516080586816,9.549626396730812,10.50275068177648,0.8711980779620971,0.9999999999999999,1.0055377426022813,1.0406698133762244,50.0,2.524094470752425,3.155293575475566,0.20720517777337116,0.01874995609919143,0.06
BoardInsulation [XPS],1.3138355371242922,1.263347966071531,1.1127888709170954,0.9553906744540396,2.299827972284125,2.552085297620988,0.9531632821687459,0.9766644527137446,0.6235227628305499,0.638643073370538,4.580741592184308,9.39809954751434,1.217043952966461,1.0,1.0660299521486838,1.052024790847023,19.0,2.302727786879513,2.8776936804704665,0.23918022400722286,0.15694884195982106,0.15789473684210525
BoardInsulation [mineral wool],0.6014370052190726,0.64573142377851,0.817807355561911,0.9291731598865752,3.474884326996228,3.6516137672807223,0.9883291140257277,0.976722031293628,0.8383344143204015,0.7744174689324486,5.286696521289679,9.83969140412469,1.0912944456454006,0.9999999999999998,1.0115342463109782,1.0205102038013836,77.0,1.871186684698199,2.5837452600527144,0.10722696304650327,0.04419986790538884,0.06493506493506494
BoardInsulation [other],0.821026555289418,0.7049292294885029,0.7131743066095981,0.7202096011263466,1.3306110065060397,1.54982604587821,0.9022344079326899,0.895248868519865,0.7803373328992713,0.8234945768871653,1.0668099614639304,-1.177865150737058,0.8101890240802951,1.0000000000000002,1.0,1.0002107288540585,7.0,1.4881425559631092,0.8120566187453548,0.18981097591970492,0.20624033424834598,0.0
BoardInsulation [type not stated],0.8337220581801408,0.8503479365882542,0.3840443026067331,0.33254194165745293,3.9681191616564546,4.26587060309757,0.9654994347763881,0.9604514402835619,0.8378708341747267,0.8570248075475875,1.9308204568703289,1.2175848863514867,0.9029399419439341,1.0,1.0,1.0,131.0,1.5048318138265726,1.3145143992560548,0.10507249417973426,0.05559657563739673,0.03816793893129771
Brick,1.4707826420726031,1.4740494019526196,1.5449794773547416,1.3807112508286234,3.288994812482444,3.4385164741292686,0.9599137570001955,0.9602418130793022,0.401851652011318,0.4398563005030176,47.207960662914644,35.390363590879865,0.9151676762127949,1.0000000000000002,1.015534430173189,1.0203114995816285,215.0,6.277880247989138,5.45466445904876,0.0875479568364488,0.05631445849468775,0.08837209302325581
CMU [3000-3999 psi],0.3074293300784401,0.2835188159854705,0.40911643987478413,0.2836546189692029,4.032290192904263,4.200635486105007,0.9684858514659004,0.9733156961631455,0.9597109699779091,0.9594868617230063,-0.3973653073210545,0.1429517764311256,1.034373756614877,1.0000000000000004,1.0,1.0,137.0,0.4757050084552138,0.5846912657648252,0.039507052122247956,0.0,0.0364963503649635
CMU [4000-4999 psi],0.32170733245123206,0.27628675590579077,0.930012776281134,0.3674911127040535,2.4098234225474804,2.7363390511050705,0.9795995889800222,0.9904931908448098,0.9811433589819321,0.9606212700622762,-1.3532364894373017,0.41729016861824303,1.1745494769824338,0.9999999999999998,1.0,1.0,18.0,-0.09390159819682313,0.7240351781114304,0.18153122964102375,0.0,0.05555555555555555
CMU [5000-5999 psi],0.0912539757544761,0.11505162401767635,0.524276268380695,0.644982324958229,1.657372660596018,2.0794415416798375,0.9022485624589032,0.947832770960574,0.8891449008487291,0.9248111073270874,5.838767464500953,2.357169384592969,0.9710010799308234,1.0,1.0,1.0,8.0,0.9656589248628967,0.9465448107117128,0.03208152264184194,0.351989492901186,0.125
CMU [<3000 psi],0.3364356123183577,0.3551714598714726,0.34582928073633634,0.42005574719948885,4.35709277037667,4.572206142536403,0.9816310740309314,0.9799613530865678,0.9172249791720093,0.9043754404401715,1.4120237029749068,1.5656223453923213,0.9719158685482141,1.0000000000000002,1.0,1.004047425114218,274.0,1.1278594227814411,1.2262606819611355,0.02902988644830346,0.023617720912239747,0.04014598540145986
CMU [>=6000 psi],0.18989856060993923,0.25030406520437487,0.5230746057465849,0.4671332482568682,1.4667784760764402,2.0794415416798384,0.9731432497154273,0.9803959633627402,0.9802220681656316,0.9733299166520434,-0.6157999738070424,0.08798435942990959,1.006387407225514,1.0,1.0,1.0,8.0,-0.40526748873675883,0.44205298373201324,0.08047972250136683,0.0,0.0
CMU [strength not stated],0.2272640433410283,0.24423074907843234,0.6715259718369038,0.6039578459743566,2.9669682917052485,3.4147395813132615,0.9465754317706573,0.9673180737593341,0.8794085062473335,0.9213873827286474,3.3431790220078303,1.460742224866369,0.9390397678972625,0.9999999999999998,1.0276285361199866,1.0210069854326804,39.0,1.362560404566828,0.9604788284988173,0.0647332027621435,0.030949310040822655,0.05128205128205128
CableTrays,1.247560275116454,1.3340015033283588,0.9007886223235267,0.9761112812070101,3.092583429581947,3.373627133126781,0.9186335129552035,0.9240961497292354,0.7226802181148442,0.6691699558470118,9.826837155165752,10.06736500143156,0.9573305322936871,1.0000000000000002,1.019142037573903,1.0353249524452015,59.0,2.6387748689632518,2.903627280708979,0.10607094328272526,0.1009880525259774,0.10169491525423728
Carpet,0.46309631270832696,0.4600564234824132,0.2148020115684323,0.29791639123037916,4.88257676738587,4.9315310904277165,0.9847308287724691,0.9862532986272947,0.9419396660461248,0.9448352377733952,-0.08586160146506275,0.03910078634302996,1.0013123322426232,1.0,1.0,1.0006327244747624,1989.0,0.7670328673943061,0.7715951216898859,0.007908530719415089,0.0057759322541225,0.004022121669180492
CastDecksAndUnderlayment,0.3093751617228926,0.31597406632123326,0.6449586382846624,0.6544475223715368,4.389223445159628,4.569969280304689,0.9854139733963865,0.9848214852912753,0.9410711935826805,0.9433003010535914,1.0891332435949896,0.8890396011261006,1.0084300522319485,1.0000000000000002,1.0086143376805201,1.0103570826020727,255.0,0.9135146875010787,0.8732279709955294,0.01372963505353348,0.006213803795699154,0.00784313725490196
Cement,0.44471916410644485,0.42437944199255867,1.1745825052942203,1.0405447655720406,4.370884049531277,4.425519548579544,0.9412089093464671,0.9456228633803195,0.8688056087814576,0.8884211610099567,12.211316774761562,10.857419032520365,0.9911512014126438,1.0000000000000004,1.012825415429883,1.0079023762433206,1084.0,2.1265140498034736,1.9237889426138166,0.014798817263747217,0.02438209250151993,0.02214022140221402
CementBoard,0.5039765573286296,0.5411887647430993,0.38894269796841635,0.43752491994952464,2.6989854220363947,2.912494403331059,0.9468811101110821,0.9445280525474916,0.8898171532143072,0.864462699249297,0.8204360219009512,0.2417912080018922,0.9871673023706077,0.9999999999999998,1.0,1.0,21.0,1.1278397962013031,1.0793512940216246,0.053550353189144896,0.10896356452360652,0.14285714285714285
CementGrout,0.37713557626134686,0.36619098719600485,1.1304114813806956,0.9663676562031878,4.382603826408749,4.398905732538409,0.9706546985838592,0.9748794474647776,0.8252870290484627,0.8410209673686802,10.876200220882941,9.449806441200241,0.9998645209514736,1.0000000000000004,1.009671000409691,1.0065669871010523,3764.0,2.4103138262000754,2.235647251286485,0.005559990021817771,0.041564452869936555,0.04330499468650371
CementitiousSheathingBoard,0.7973738576699186,0.8478777318524132,0.4502000935983296,0.4873531430505661,3.357009535187035,3.7210304010504482,0.9467811380414417,0.9180642120630196,0.8950699757770634,0.9043980327782193,0.6502411539271484,-0.3203990250841713,1.0432674581830612,1.0,1.0,1.0008746173147705,51.0,1.0670234453378533,0.7344470257292786,0.12308412049218657,0.062343544640834275,0.0
Chairs,2.8915824465226456,2.926739630790556,2.0421159365936736,2.132571176835218,1.517443912638903,1.8404309053010752,0.8016409880900751,0.840783124284445,0.2786544651680828,0.3001284095028359,123.96825221911996,65.60832679435495,0.7274079759806709,0.9999999999999999,1.0069826309079013,1.0144799296369824,86.0,10.101851475274612,7.657854804947737,0.2728558347958247,0.007254999852193866,0.023255813953488372
Coil,0.6797073731912212,0.633119340789944,1.0049427805300826,1.1128322667681396,3.884842600918544,4.0572887536441,0.9362699502971596,0.9436469094758352,0.8717929060913877,0.7827473234135598,5.712982870909621,13.140528730503613,1.0497153208514853,0.9999999999999999,1.0143506144753514,1.016613509646723,140.0,1.6982544285918393,2.727069475997609,0.12004683694615165,0.04307123148709055,0.03571428571428571
CompositeLumber,0.27051283978639007,0.3678841034537924,0.590488277374273,0.6820140098850773,2.0946610133677663,2.479955520544521,0.980670792735478,0.9633020898839904,0.9196367744331216,0.876295164943586,4.094525149186255,3.410991489920292,1.0631374341127162,1.0000000000000002,1.0009721583647153,1.012742172720376,16.0,1.3024887468955255,1.5115197058758267,0.11998985167149985,0.031736312845323314,0.0625
CompositionSiding,0.560627922405109,0.6078631232519967,0.7860374200895345,0.8068126878113747,0.8569156057008067,1.098612288668115,0.8813815533659585,0.75870676392347,0.8881419827509356,0.7721721138764062,,,1.0604584223925984,1.0,1.0,1.0,3.0,-2.2049140397407774,-1.7267828790688615,0.06045842239259847,0.0,0.0
ConcreteAdmixtures,2.2295101908285258,3.5991450067932558,2.3280521476801024,2.589644948468323,2.2588052878226796,2.3818302992913867,0.9748672079469952,0.971485193523098,0.21128670463365343,0.16863441876076268,525.1663376619023,110.02807539961306,0.7062309428108062,0.9999999999999998,1.001727801476282,1.0093145320902328,118.0,21.000442405007757,10.32134715862402,0.31281134860152354,0.1376199404576909,0.06779661016949153
ConcretePaving [3000-3999 psi],0.21963795831889601,0.21494036547897846,0.49793596241710364,0.4811620947057207,3.6434824404642048,3.933601647917338,0.9633142632052857,0.9611221891369903,0.967611913957586,0.9626791170066653,-1.0666234754993051,-1.0401806350812555,1.01033225571655,0.9999999999999999,1.0028851100984064,1.038158406294417,108.0,-0.007461871721663946,0.025569589887756212,0.013452795581023446,0.0,0.0
ConcretePaving [4000-4999 psi],0.22530131998053743,0.2304691036705482,0.301892382707706,0.2952003029922049,4.062940570606145,4.350833454237424,0.982071153192389,0.9834011717462637,0.9656810495914704,0.970718581490819,0.19341054404417393,0.20119041921795885,1.0080033933519816,1.0000000000000002,1.0,1.0,160.0,0.5560907260138543,0.5162326263362352,0.010332732419131933,0.04714111883164622,0.049999999999999996
ConcretePaving [5000-5999 psi],0.2500371999588092,0.2567335929095995,0.4636302744689215,0.6337802301424397,2.963372838486989,3.2836619282336654,0.9501898347653676,0.9203172267851878,0.930789213775484,0.9102495874274408,-0.8259364872851389,-1.3138285109913121,0.9198149059971602,0.9999999999999999,1.0,1.1433136350713002,42.0,0.52631220553586,0.1935692353468302,0.08018509400284,0.0,0.0
ConcretePaving [<3000 psi],0.23340668427792793,0.22049179487626291,0.5035776701313331,0.40535894492168756,2.9059627902428353,3.3790925052297345,0.9054869344259462,0.9239109548009905,0.9497259045844483,0.9520711149135589,-0.7175555103435306,-0.44555396330854297,1.0358659158976105,1.0,1.0,1.0,32.0,-0.4005626429073495,-0.09195920820334415,0.045877755553743745,0.0,0.0
ConcretePaving [strength not stated],0.33791226811536973,0.609800463814192,0.8158587200585732,1.0658998316058488,2.767190000720403,3.1722696170693494,0.9514305868631614,0.8839596731286349,0.8321404875263214,0.6270007800005779,17.456100918150685,9.937463902306163,0.8507951975098911,1.0000000000000002,1.0051936704776148,1.0707105882564103,38.0,2.4486918512687117,3.0197657673657345,0.1518645091905205,0.0028621893419124756,0.05263157894736842
Countertops,1.3634510044298254,1.1385189897404138,1.1288015560311309,1.0768861981133058,3.1545771487439542,3.55108920358594,0.961968651691529,0.9355534595019865,0.6533444986987889,0.7367704200508431,12.119177775000047,9.62651691654041,0.8298839456051404,1.0,1.0398973164812013,1.0477190774785543,76.0,3.0834088211787307,2.6029671660252647,0.1791308530415744,0.027350224071408906,0.02631578947368421
CurtainWalls,0.670665120055479,0.7501707259948927,0.49212005426891986,0.7780267128326747,3.2612822595671185,3.6261771738633204,0.9532135184127367,0.9573153188717286,0.8214356871280972,0.7554764800270884,3.701598110423332,5.877188349482607,1.0509059655661916,0.9999999999999999,1.0,1.020328607656752,54.0,1.724004546722429,2.2419661077155313,0.08949046197243843,0.01853070626248618,0.05555555555555555
DampproofingAndWaterproofing,2.4983649723970394,2.5452261143091612,1.2733801721102003,1.0825415039155604,2.846533631029688,2.892532700030771,0.942617875759766,0.9285698432291277,0.30406435430498774,0.3197038470529262,30.850597867559035,24.619516754499724,0.9720480243456802,1.0,1.0173831705944645,1.0234389533311279,162.0,5.473583828821956,4.915243722103843,0.1291129016722848,0.10790225221020311,0.08024691358024691
DataCabling,2.028441185139194,1.9394387649789442,1.081042034970454,1.2758229191266015,2.6784395093774473,2.870831288321216,0.9671375358809949,0.96973491073144,0.5355876415060615,0.5564444850936794,11.498344563847184,16.832177818037582,0.9260366262742471,0.9999999999999999,1.0088439695294322,1.0094982191473338,951.0,3.187199359184635,3.489251283955535,0.10635727806869469,0.15974875217908682,0.1345951629863302
DeckingBoards,0.43760899633359646,0.5364756886582952,0.6702999586029948,0.6995857384201579,1.655941181306206,1.7478680974667657,0.9736282514157977,0.9618989801768074,0.8841924993922177,0.8422786876312083,0.41528610034195285,2.8468612086015064,1.221294658981122,1.0000000000000002,1.0,1.0,7.0,1.0392213652886977,1.6310020755495391,0.22129465898112213,0.2068046996074279,0.14285714285714285
DeckingSteel,0.23668930049700096,0.2640031871529474,0.4851193288928981,0.48605582837474426,3.4847903643877736,3.828020274749561,0.8819310189564558,0.8849505243937633,0.957828754145963,0.9703162055578234,1.0435831105621993,0.31561887101741587,1.0232689628612974,0.9999999999999996,1.0,1.0059503042747369,62.0,-0.02184847599909169,-0.3913008871117882,0.03957860412623309,0.11443821194143164,0.016129032258064516
DemountablePartitionTrack,0.6666406779747964,0.6778381884531309,0.7371684389180652,0.7337548830805186,1.215975405064321,1.3862943611198986,0.9059134069707254,0.948047754472847,0.9698747474161831,0.941591994063652,-2.355523716459284,-2.8600607329124497,0.9536953098281882,0.9999999999999998,1.0,1.0,4.0,0.04531683107253328,0.35554284796408253,0.14534663363223288,0.0,0.0
DemountablePartitions,0.5431663794570629,0.5335675939681239,0.5182150988794775,0.5101552945732192,3.275269164460246,3.6410020464511286,0.82514045651893,0.8632710164081342,0.9525832569828501,0.9642406132147385,0.1381867509915326,0.3855396793200432,0.9777069796571936,0.9999999999999998,1.0,1.001153610713452,45.0,0.11536377984978499,0.3490599321787082,0.04658168956995385,0.0,0.022222222222222223
DoorsAndFrames,0.9187102398267176,1.1373660704163184,0.8990851857788061,0.8858713912618823,3.3576255676589297,3.715951695602794,0.9818598844200473,0.9733193275962856,0.6914038228070565,0.6428300351769272,16.388717777552188,8.050350452960188,0.8898414674260939,1.0000000000000002,1.0220070015019294,1.025420395412684,61.0,3.3557891377722737,2.7900243054879645,0.17359738218507312,0.018923852488841344,0.0819672131147541
Electrical,0.006201137995202942,0.01106448701134831,0.47610434349777164,0.6935139086036973,0.6615941254960568,1.0986122886681098,0.9518464854848355,0.9820108264654308,0.949893963496349,0.9810450295997544,,,0.9907697445333576,1.0,1.0,1.0,3.0,5.516159551846683,0.6973106571137119,0.009230255466642488,0.24822406290630264,0.0
Elevators,1.9350740985026544,1.838185965570362,0.8708544567943179,0.941653996274857,1.4662673836035645,1.842189370452505,0.9583520154878493,0.9426447578313228,0.5740443939582374,0.5969111209131408,10.607070954226598,8.63762014659661,0.8343894210991238,0.9999999999999997,1.0308129747089474,1.053539405537984,20.0,2.851938276063051,2.7278363340672915,0.1949146510083789,0.2184653199952523,0.2
FenestrationAccessories,1.4827275764539418,1.4039803981250885,1.0715795469496872,1.0406332652549424,1.9609018142316843,2.507026435557442,0.8042775435315257,0.8542875930837134,0.556352334564728,0.6356484294516034,13.595042398028388,10.71286560883452,0.9065093078568779,1.0,1.0523782601249754,1.0709217414293657,17.0,3.450871156035974,3.013950285037438,0.18093295610664922,0.05535073160296863,0.058823529411764705
FenestrationFraming,1.1700481732215764,1.1033765858469646,2.2811231157918312,2.257690427706737,3.646614763439882,3.6959029614562207,0.9633672546730235,0.9633450856730293,0.6238243798519839,0.6304307068796957,40.225875512523764,48.203587665464426,1.050628243006406,1.0,1.00876289148698,1.0071266772545966,259.0,4.935740660741186,5.291879387314282,0.07834686163228112,0.05959169416214936,0.04633204633204633
FiberCementSiding,0.3847615424008634,0.4824760756983657,0.7583278799706538,0.8665736958670945,2.5979299578301505,3.253646282882885,0.9440637496859311,0.9279110452090704,0.8240321768183324,0.7576271999845836,8.59685270788783,5.787752721866425,0.9212642627003989,1.0000000000000002,1.0181917147767283,1.0637760190840273,29.0,2.0818278106719115,2.2292580860435383,0.0948165967610959,0.01785377709729447,0.06896551724137931
FireAndSmokeProtection,0.9613842667655157,0.8471176283546729,0.8484571161872879,0.7200060682366952,2.648012911219338,2.96501569325652,0.972454540235953,0.9569623874889673,0.7781383125359719,0.8036513766302492,0.5015070220605585,2.7398578867051877,1.0659124446743173,1.0000000000000004,1.0145959093069123,1.0398115050583068,22.0,1.3311599260744729,1.711861715935024,0.19079145578942933,0.1580185113163807,0.09090909090909091
FlashingAndSheetMetal,1.3644980708668115,1.291391733927799,0.97311276977407,0.75230275395916,2.101262435761946,2.369382119694695,0.8670774729965373,0.8527623997462219,0.5649063131443962,0.6046637617537263,5.312004768479652,5.697749780404506,1.0258459654883654,1.0,1.0610078340686298,1.0136895162138957,12.0,2.458938843451774,2.4283404898800027,0.16833243973363127,0.13344866705157665,0.16666666666666666
FlatGlassPanes,0.8762976441872627,1.1473501746626067,0.9483602731769394,1.1815843531200414,3.0889691261281174,3.344818788748127,0.9435590877433198,0.9589790051961298,0.8411942932386974,0.6830020924039805,5.2699782656013,13.905697749123183,0.8436003619175332,0.9999999999999997,1.0018433330730032,1.0314537914014212,47.0,1.5789651507627644,3.1785048095152817,0.17376509226909642,0.01847555392380641,0.0851063829787234
FlowableFill,0.8890729753981951,0.831999363571885,1.27057497574622,0.9156275813826231,4.042399601008279,4.072305468043256,0.9691571580090885,0.9762806236819012,0.6811891617803418,0.7203602888414968,18.384997801647934,15.898217515867133,1.009018894589875,1.0000000000000004,1.0129010208069062,1.015013990405764,2008.0,3.4438940961157956,3.1074847658047857,0.025805788579144045,0.055668399273275576,0.052290836653386435
FoamedInPlace [PIR or PUR],0.822053537981963,0.9866504859065055,1.1626565896414787,0.8823767259682235,1.5736984141734547,1.9061547465398614,0.9751226878495491,0.897395668081957,0.8518677721517369,0.6525371122782042,-2.2203946850811023,6.486475971200588,1.7296686088209627,1.0,1.0018953417506609,1.062138097491245,8.0,0.5199289352658198,2.4606098402112853,0.7301746111115792,0.0,0.125
FoamedInPlace [type not stated],0.1158922377181897,0.13741346953299455,0.5739097146995131,0.5803615191388685,1.3758083593327453,1.6094379124341018,0.8732917745311607,0.9509604236799754,0.9085826698003754,0.9752253426822088,4.772937894073056,1.0814780527566197,0.9950348917968301,1.0,1.0,1.0,5.0,-1.0501995806752953,-0.5785605714164811,0.03240376623317692,0.2646228087363876,0.0
Furnishings,0.2999663024798833,0.2983345569100991,0.8236773311870534,0.7684452725412669,1.446805156400829,1.9459101490553163,0.9019765646016595,0.8549245506455269,0.9078309723571365,0.8770109025523605,-2.445001271247021,-2.0978276500765625,0.9773188249659241,1.0000000000000004,1.0024691302071687,1.0262952408124824,7.0,-0.19222233140291148,-0.25827414594642895,0.045428677430401604,0.0,0.0
GlazedDoors,1.1828813790433064,1.2612499608102798,1.442524596215217,1.3644412890066704,3.556039184346688,3.7535348238540065,0.9429577987377119,0.9496420194823438,0.5733099477776068,0.5891387186684434,31.270063912933374,22.867447006185643,0.9397380498661974,1.0000000000000002,1.0187503540180058,1.0232070255689858,141.0,4.825695052249907,4.208242131636735,0.08516884928519435,0.039619556282167,0.05673758865248227
Grouting,4.167768298998758,4.261428504494493,2.878912796037615,2.9373440468262495,1.7753525860691226,1.769625616800982,0.9443461066462195,0.9537238530938585,0.17794857720899634,0.16862039481414282,112.91850506678048,137.9390373207367,1.0897314181077238,1.0000000000000002,1.014765011102365,1.0128132891255364,219.0,9.931161799135353,11.082697842074829,0.10608478508358091,0.1100598902552386,0.1187214611872146
Gypsum,0.668404623200426,0.6754769271695479,1.5612914512719243,1.5209602324333518,4.004853532763239,4.041985369692,0.9910023060328255,0.9896483556657156,0.7365906903457102,0.7216221720870823,26.047100353967767,29.957108667913772,1.0113988136236838,1.0,1.0103172591737446,1.0126308196948992,771.0,3.7221318375090617,4.02568946550828,0.018692221540844052,0.040958150150051706,0.04020752269779509
GypsumSheathingBoard,0.32666776500701844,0.33337392914437514,0.6980208973418054,0.4171355541791268,2.4881680709708314,2.9444389791664456,0.9638062333650304,0.9760458690286841,0.979065881907884,0.9594265198691596,-1.1806082231185546,-0.7492677633795738,1.1284780847106646,1.0000000000000004,1.0,1.0,19.0,-0.06987609014801499,0.4202646111685494,0.13068880731518248,0.0,0.0
HeavyTimber,0.9493752443193544,0.9241523765132216,0.8076822546119152,0.8342884376278692,1.2073907651782698,1.33217904021013,0.8049473530115732,0.7592687740448255,0.7357057470331443,0.7157729723279735,-2.831062965873204,-3.3166535563413673,0.9614289411881625,1.0,1.000260624720239,1.0427388608710026,5.0,0.7953050367946825,0.6034631353246369,0.06916503535285783,0.0,0.0
Hollow,0.4181268703617883,0.3706992511727067,1.2093487575942934,1.09216935359224,3.986001092299637,4.272313376561458,0.9607344222142805,0.9597051473195952,0.8636545249880749,0.9369365116088233,6.418586757296552,4.798104959028271,1.0403057738881776,1.0,1.0437736574103988,1.0179968967308053,145.0,1.6661737872281661,1.0549035409155019,0.0456876547301234,0.019456762130475768,0.006896551724137931
HotRolled,0.9740670823972597,1.084488608609946,0.7077351467892753,0.7928458560635673,3.522837435685018,3.6805424559587916,0.9709649683486649,0.9460763871725829,0.6906687116354306,0.6381903352266356,5.888071755774107,5.937936661244775,1.0200623053430786,0.9999999999999997,1.0273734020132352,1.0354190729320953,81.0,2.4023569868688788,2.508780357651325,0.08824626218939602,0.12076984487621067,0.16049382716049382
InsulatedRoofPanels,0.27241250866010736,0.29836895530754715,0.5147454712164514,0.6786754158990188,4.271391967577643,4.452181447376413,0.9549130119249012,0.9743502442809521,0.971539430709338,0.9655384155258485,0.49170170859707196,1.7135367096257828,1.0189240721038992,1.0000000000000002,1.0003990354867043,1.0093547436235804,271.0,0.5098860661524947,0.7725052913980877,0.026095091205183774,0.024361694196466867,0.01845018450184502
InsulatedWallPanels,0.2823531843116658,0.32635393069483637,1.4469673098131062,1.7494133572103887,4.093172200374563,4.206062873474789,0.9941641181119407,0.9827670469312207,0.9683949471962114,0.8893485653264389,1.2424738174050567,14.322438588274249,0.9963908042233853,1.0000000000000002,1.0002616535627809,1.0067024236349076,420.0,0.706464293965009,2.110327213800228,0.01839549968895671,0.008563272112536574,0.014285714285714287
InsulatingGlazingUnits,0.9166327752016876,0.967008142890863,0.47731594933914123,0.5851978797313567,2.758369841672565,2.8071080592762665,0.8189997399018097,0.804588013685579,0.664865278428347,0.662859966700212,3.7158617654936212,2.9875219111983373,0.9610808037560418,1.0,1.0,1.0064234240397456,32.0,2.0504749143312275,1.9379533955267263,0.06573107200586986,0.22131377080391246,0.15625
JointProtection,0.46385605079848014,0.45390140510083554,0.8097598392374318,0.6341654686834309,1.4672835310237042,1.609437912434105,0.8871627786014125,0.9221432656698454,0.918653701935489,0.9586818964757403,-2.3575159216511365,-1.804763179560318,1.0601382949955993,1.0,1.0,1.0,5.0,-0.5722293410977389,-0.23044684031140392,0.07420497310756777,0.0,0.0
Laminate,0.7015311782717396,0.74334801540831,0.447475851557278,0.44311653211693003,2.990517980566894,3.2047775241322665,0.9492397019991253,0.9402502757783897,0.9080328322905369,0.9015980887993379,-0.6612397412624589,-0.1875768365585184,1.0594925727888866,1.0,1.0,1.0,26.0,0.6796374152662644,0.882568457528503,0.0761603249518992,0.0,0.038461538461538464
MBQ,0.7520441762890825,0.6820535858471657,1.0677491637957943,0.8498974070113486,3.031838411857313,3.329224660239863,0.7644668122055117,0.8981257801072224,0.48016381956309545,0.6750436308567354,17.03093091271075,8.996858999513204,0.8551147537042798,1.0000000000000002,1.030572122238322,1.0258661333629808,40.0,3.9427419285826892,2.759513275496998,0.15988018062302192,0.07336827058058697,0.125
MasonryCement,0.22318972931969314,0.3237293279094594,0.5282725836431336,0.5006100962631125,2.7612079809954615,3.044820482464581,0.8666386697230382,0.869410368239242,0.8643529163081951,0.9493417630816191,4.0409246256398905,1.1534566914275688,1.031286698079882,1.0,1.024523510585554,1.0,26.0,0.9173160653838927,0.251521169960115,0.08452647157386334,0.09878463735124969,0.11538461538461539
MassTimber,0.9954997516854572,1.04318880150003,0.6614046105703967,0.708770062491879,3.3703238945330076,3.582894310677048,0.9222809805022177,0.9230169916136531,0.6589279632167366,0.6961936673662437,3.607664401158456,2.013190636773612,0.8892429492710654,1.0,1.0737214465123988,1.096834633890862,66.0,2.1336365208470096,1.7782003698856765,0.1375535564575651,0.12965853313228132,0.16666666666666663
MechanicalInsulation,0.7662289278414284,0.9476337195459129,0.6241970373537477,0.7351111812197573,2.5690284837589137,2.9650156932565217,0.9498116266504352,0.960933685011536,0.9049703933468647,0.7460767094876462,0.7280829395190724,6.426835399965928,1.5311387551953055,1.0000000000000004,1.0,1.016696448388154,22.0,1.0829989649352043,2.3323114283104944,0.5348158179033113,0.08364119314737734,0.09090909090909091
MetalDoorAndFrames,0.6211718381693592,0.6972591588198472,0.6716878847102832,0.6951691188120159,3.1820075688069753,3.527169277557572,0.9599285800621404,0.9720853567966534,0.822266568146786,0.7955210846159941,3.1361916704066584,4.483238255739873,1.0425663154893887,0.9999999999999999,1.0256911253620107,1.0232675041148538,42.0,1.627804898880422,1.9888414151017664,0.09402797565305154,0.0467520872457413,0.07142857142857142
MetalRailings,0.5425971346865082,0.5896104063833748,0.7102833691515884,0.7292945761877507,2.254998445725083,2.5649493574615443,0.8782070203855502,0.9107115863194318,0.7512810186696256,0.8132098059093047,3.2455560631928226,1.3365778843517007,0.964573879262306,1.0000000000000002,1.02738807093067,1.0377765009248077,13.0,1.8477906145065992,1.3830146135366737,0.0827384400733604,0.12178318382262698,0.15384615384615385
MetalStairs,0.190759435338714,0.2320632784439827,0.691746980790254,0.6780831023465442,1.350610173346086,1.609437912434103,0.7649096687182814,0.936883139231212,0.7341427109941541,0.9022659119957648,1.7797266484257768,2.407895735982705,1.0612571041951722,1.0,1.0,1.0,5.0,1.607732086193668,1.030221572208379,0.06604643444257043,0.2548570013236684,0.2
Mirrors,0.45373085130066093,0.41975540924482935,0.4309092527416901,0.45338180710288667,2.288204867779176,2.6980110198441203,0.8456792844695598,0.8858439186529469,0.9510522837616211,0.9820656466956146,0.43292556013685907,-0.3762755533147122,0.9014262168057112,1.0000000000000002,1.0,1.0,19.0,0.4102804175537789,-0.006150723052177727,0.10019525587170264,0.3447845839361371,0.0
MiscMetalFabrication,0.6277099064094847,0.6338980214091733,0.89260440174061,0.7865961516113336,3.3708865641225496,3.658651571329605,0.9074157726089733,0.9566613035823043,0.7473191323975155,0.8292234295161287,9.845323307626238,6.479443290701568,0.9886978180145448,1.0000000000000007,1.025724160817855,1.0221440607243317,69.0,2.494952898910014,2.00584244311886,0.0782318229194254,0.045113600157054665,0.043478260869565216
Mortar,1.4863411261583277,1.4787698532521978,1.074735873898386,1.0898572957017194,3.5833300981278127,3.6628181955593093,0.9640534188773633,0.975913112366247,0.5440253280148543,0.5156560993004654,14.547323065915366,22.740721067742186,1.1305614927247625,1.0000000000000004,1.0438530208961883,1.0224184972413328,248.0,3.5776630751389646,4.350860885955785,0.1446580034935295,0.09005993971435373,0.07258064516129031
NetworkingCableTrays,0.575614988254466,0.5291522708788817,0.7148608989593845,0.4109637766773989,2.362496491536159,2.8152049266199537,0.9309002681236365,0.9265091341415583,0.8551581230437142,0.939080963356312,1.1453581913399746,-0.04491065968880898,0.9844792802583434,1.0000000000000002,1.0004013430174745,1.0,22.0,1.1767900442534927,0.6034103970635916,0.11294997960541969,0.12506552310988867,0.0
NetworkingRaceways,1.2369372430174723,1.2691544358768312,0.6079547200621325,0.5366621801414383,2.7601924567412146,3.1191623125197734,0.9338182611462943,0.9529889523315745,0.7813206850488177,0.7508793217006176,1.808846973688807,3.2126140860415147,1.0242181177586813,1.0,1.0033233748291361,1.000255009972166,32.0,1.5494198523478024,1.8577702184997966,0.11406329035906188,0.17021023958496856,0.15625
NonStructuralWood,0.5594639660662479,0.7706589557932153,1.1813274740175064,1.3963645591093194,3.127494144248897,3.4365559609289176,0.9300680884117553,0.922348923426846,0.8935854149879883,0.7095817101604576,13.762398089916916,18.83696409628284,0.8841111766027231,1.0,1.0038012417208124,1.0336887728097444,57.0,1.8542389190445365,3.4287981167898742,0.13641084407046766,0.018035522390274474,0.017543859649122806
OilPatch,1.2842711402732978,1.1989426866844564,1.9744801536129124,1.9214981000207352,3.464072097036496,3.566221575936878,0.9591795941151628,0.9692030010918883,0.4576718652063099,0.4711389954270896,31.59902578632765,45.294234581001305,1.1264047911391835,1.0000000000000002,1.0238413641286557,1.039029327919982,282.0,5.222070256643468,6.023495277186705,0.12661350750936318,0.07014167342230265,0.053191489361702114
OpenWebMembranes,0.21770313974628117,0.3481079363035392,0.5040903713015298,0.8180371805281382,2.040678484661291,2.4762471329830382,0.8871676685005473,0.8791687543492166,0.8615573091733196,0.7648029350820403,1.1778678136258125,5.891795459787323,0.8660813276365685,0.9999999999999998,1.000347140972972,1.0404386036000532,17.0,1.1912494516171903,2.194861197103704,0.13391867236343116,0.017686607018709465,0.058823529411764705
Openings,0.7651940787133369,0.7136213974783935,0.7194825265771617,0.6628725007735987,2.071497639039719,2.369382119694685,0.7612901986376264,0.7403192118213865,0.9110182257592286,0.9050004718726442,-1.3623420625727911,-1.1120532267081946,0.9527554537928539,0.9999999999999999,1.0006121329458668,1.0072364735941037,12.0,-0.07683966955778412,-0.17258585371032126,0.06754560424994989,0.0,0.0
OtherFlooring,0.9127531883440781,1.0660257945486111,0.37180462930905744,0.5006019455536815,3.971989465177889,4.2126418860233095,0.9282920417941357,0.9559257847486657,0.8594016593062725,0.7871854560053695,4.46019112712948,6.307879930484763,0.9013529751158039,1.0,1.008855777587151,1.0090969367734997,217.0,1.6594219933919692,2.1704384660123175,0.11895802938230292,0.03808731616476651,0.05069124423963134
PaintingAndCoating,1.0426215065436897,1.3255904299225347,0.8556632116351276,0.8919552342346238,2.4594253950488407,2.7985132569433167,0.8996453009748022,0.9689069065859512,0.6459023844646231,0.6995724358613418,18.682112583090895,7.720439185119085,0.9081585976092109,1.0,1.0272249961381683,1.047486164796515,19.0,3.6454720290701452,2.562917840510117,0.3204924200188946,0.11790904957712409,0.05263157894736842
PlateSteel,0.4678895287272094,0.8083643271484691,0.8128094521940162,0.9587934301674894,3.4255230249862074,3.6892282155780887,0.9058623543096419,0.947195553437719,0.8473840760520954,0.6190449216717577,22.865582922401504,19.900147709363136,0.8976701189258859,0.9999999999999998,1.007071296387913,1.036482101907221,72.0,2.2744736722454757,3.908362795964312,0.13727440597323978,0.007544722891714243,0.041666666666666664
PostTensioningSteel,0.11474320297082309,0.12080269980975851,0.5461335342700928,0.5323997619521273,3.0642895097709495,3.248189295336034,0.9293062868562693,0.9584969216698123,0.8916938255182151,0.9296500354873902,2.4326269331576333,1.316853972162096,0.9844401390597609,0.9999999999999998,1.0010610524403416,1.0008581966474808,35.0,1.3315539956454936,1.023361735976383,0.017388421793539492,0.024343346703965985,0.02857142857142857
PowerCabling,13.404095640398957,12.828546721187017,4.175688026156343,4.146832406273914,0.23307542213722318,0.19425306257670585,0.9299110110853639,0.9237387140813667,0.03933279113409366,0.04600312568793574,347.02337640455306,317.9583438867255,0.933379765835682,1.0,1.0040941960549092,1.0050438331473366,400.0,18.330479636803602,17.412882710732227,0.11386083171788254,0.16359463697906526,0.14250000000000002
PrecastConcrete,0.3786825381440391,0.4139935392052079,0.5213861998549613,0.606841084710584,4.10855010168048,4.182741758969894,0.9470780582933653,0.9302077316110111,0.8140167374036025,0.7336729667981577,9.302569536348297,12.101410410853392,0.9751404761879316,1.0000000000000002,1.0109546651727865,1.0150713171169783,499.0,2.3031761051761985,2.9065579849364807,0.025025371817782152,0.048739737152597364,0.0501002004008016
ProcessedNonInsulatingGlassPanes,1.3344623857103897,1.4486129539550832,0.6881025032050327,0.6113143746920594,3.546016452620567,3.7033518384113355,0.9474301938836615,0.9607776179559141,0.7127931567166175,0.6561514067583674,6.9938108827124275,9.588530078040709,1.1642504427945943,1.0,1.0098937259764722,1.0205414751202506,130.0,2.4170493951662766,2.8698918209768816,0.17261704809524658,0.06381066808003505,0.06923076923076923
ReadyMix [3000-3999 psi],0.2493107544939339,0.24876474943582544,0.5015667039928299,0.3727769641638628,4.657794274224836,4.66054057991301,0.9982226333391805,0.9982933090642053,0.9764698273340006,0.977555538121432,1.1974786851846824,1.0429164471198027,1.0008569019454534,0.9999999999999996,1.0012309507385637,1.0008309256279466,20814.0,0.6859790418715828,0.6669574188385856,0.0013029510118244983,0.01693864066694719,0.016287114442202367
ReadyMix [4000-4999 psi],0.2431184488471118,0.2418335253620228,0.47282189836270644,0.4742287279173785,4.532580537068782,4.5293230093772125,0.9951600253100358,0.9948166207658572,0.9831811815916462,0.9832220424239487,1.0928733443841059,1.1696461459201477,1.0009344443608184,1.0,1.0024656092412563,1.0019446683629547,31025.0,0.5718333154283729,0.5707653196191426,0.0013737090370555028,0.009918913110154847,0.009508460918614021
ReadyMix [5000-5999 psi],0.24473161800128174,0.2439990668156573,0.6376063598641548,0.5576374478605101,4.6791229873749955,4.686407846240397,0.9904101437830806,0.9883631389542754,0.9904478965219439,0.9931300444533219,0.24366250276785467,-0.0364038987224536,1.0024760783620055,0.9999999999999996,1.0063050998324985,1.014388645385015,14366.0,0.3375076545263215,0.2592740664657261,0.0026998681333196173,0.003259895325237743,0.0028539607406376163
ReadyMix [<3000 psi],0.29671657832054127,0.3012879627897032,0.553399173375223,0.45998924238016975,4.7109869684900705,4.732493534929814,0.9420908306441922,0.9470129275224937,0.9819348304737784,0.9812382151575246,1.5583471506528266,1.5539949561541706,1.0059290281488509,0.9999999999999993,1.0075354503140457,1.0099452720929896,3974.0,0.3670557108549273,0.4125348590414192,0.0072682108714079395,0.01722501509055378,0.016356316054353295
ReadyMix [>=6000 psi],0.2496204874837848,0.25414188667288956,0.9435963888190264,0.7358809304826357,4.462292149742625,4.480931377829459,0.9892162023489297,0.9914994356276202,0.9892317502039953,0.9800361481877558,0.49609276694926746,1.58382116806566,0.9960375363324562,0.9999999999999996,1.0020197658118968,1.0193605369109613,7887.0,0.37481039688312434,0.5709707513364392,0.004589606704465962,0.005663937518616677,0.006719918853810068
ReadyMix [strength not stated],0.4667631816385235,0.4679193049665765,1.522061208682572,1.518695752992004,4.072591380963006,4.076353706975436,0.9963088097462847,0.99629012307829,0.9114715635752628,0.9049552834860752,9.980181674618628,11.35380217677718,0.9982907521361946,0.9999999999999998,1.0025872913505176,1.0038930165257793,8777.0,1.6548948615631986,1.7767882317258767,0.0034837854860911843,0.018571341134590184,0.021533553606015728
RebarSteel,0.9342361934783976,0.9381636366760756,1.6613633386180522,1.6518612437950675,3.6644242247787746,3.751123252407115,0.9680636738527292,0.9746013036068354,0.6875658452951185,0.7006694797153243,20.995199486785435,20.6025159996925,0.9974560885017318,1.0000000000000007,1.0074552365542742,1.0252714661014808,204.0,3.4148167830510205,3.36976542456875,0.031062697801073368,0.1207410319314589,0.08823529411764705
ResilientFlooring,1.0843543439075614,1.0895263019744847,1.0485988968607032,1.0684733156148338,3.915868751342284,3.9951491720820913,0.9384346422416922,0.9360211490591377,0.5506846500526584,0.5447395756348599,12.726788608949507,12.743435548041221,1.0116405029557056,1.0000000000000002,1.0389765447596708,1.0378106248950725,468.0,3.4889558104131666,3.5122807152031275,0.025204820830348647,0.08316791825924923,0.09401709401709404
RoofCoverBoards,0.20526400895930386,0.20012410867681027,0.6846773439688794,0.47180362926006125,2.5437833425027954,2.9264175554979985,0.7591825066523465,0.8980326989054888,0.8004099537943093,0.9393258346928226,0.04147614781625295,0.7934112410859429,0.9768535432132915,0.9999999999999998,1.0070154565251372,1.0,20.0,-1.0581631254794919,-0.36812075268569155,0.0436559872099314,0.0,0.0
RoofPanels,0.745973544696887,0.8136678978089753,0.3853193452093117,0.42018105896944086,3.4496932548503407,3.7159516956027874,0.9396276723664576,0.9652075554857067,0.923417045201437,0.8885601779274186,-0.46772861362680607,1.4880714421242163,1.0912702220231034,1.0000000000000002,1.0,1.0,61.0,0.6888254212557682,1.2249458808356204,0.1270133769611202,0.002674418540895177,0.01639344262295082
SheathingPanels,0.8791106428021422,0.9276204385819743,0.43814019366283063,0.47368896331413574,3.422862831835396,3.7255440183909716,0.8992945415794971,0.8999491904844276,0.7577563043655118,0.769626178997154,1.2142876048574613,1.4063643964372143,0.9778903919942947,1.0000000000000002,1.0,1.00123504297487,71.0,1.4908407493079439,1.5047293010246805,0.06592609035373777,0.13016712579591697,0.08450704225352113
Shotcrete [3000-3999 psi],0.21838827295890276,0.21430400487320406,0.4016628099152309,0.3968579905862506,4.348330741900593,4.542556601409382,0.978166977457074,0.9866280883807539,0.9805437258166971,0.9801489765047542,-0.10961698788539778,-0.02823541948647035,0.9933876885051862,1.0,1.0,1.0045058601039534,183.0,0.2621574661297971,0.3788679737389101,0.014275612079756982,0.00998335036863376,0.01092896174863388
Shotcrete [4000-4999 psi],0.1647401054134016,0.16554898041575491,0.29812588708596655,0.26905705776699207,4.657541641010008,4.763003989375834,0.9880204707981585,0.9914188190924526,0.9913602682875844,0.9907614423500177,0.5749188139382382,0.5775208926035009,0.9920053281955192,1.0000000000000002,1.0,1.0,651.0,0.26553571947817056,0.3184181732792312,0.008019777857085084,0.017126075011857998,0.015360983102918587
Shotcrete [5000-5999 psi],0.19596080418501877,0.2027039123704455,0.27626698908402586,0.3263496458777219,4.684822889142098,4.88093892892111,0.9864034584945446,0.9870566165438587,0.9779659459498008,0.9818476886648675,-0.5370606658832376,-0.47356518885712445,0.993256396949843,1.0,1.0,1.0012612968452794,471.0,0.3068765856586382,0.2758034020553505,0.010576552505558735,0.0032346501992214873,0.0021231422505307855
Shotcrete [<3000 psi],0.21695738850977841,0.2447534040926136,0.8382703203004032,0.5978241280712712,1.1630734748156373,1.386294361119893,0.9794476579428474,0.9820462668309594,0.9641623915742111,0.9782483004075341,-3.626855520131396,-1.7872085987426312,1.0858053318700127,1.0,1.0015291292310147,1.0,4.0,-0.13393352104089568,0.26317832493333587,0.0858053318700126,0.0,0.0
Shotcrete [>=6000 psi],0.1861185602553873,0.1993762050644321,0.33890544238679887,0.30809500109594756,4.355160391859881,4.577650810875237,0.9831686753283008,0.9888880623919533,0.9626808423316935,0.9642943223867156,0.23860996106037746,0.34726961017107305,0.9929913334414333,1.0000000000000002,1.0,1.0,264.0,0.6299735872045388,0.6784172290643619,0.013128187199969322,0.014014631868297451,0.01893939393939394
Shotcrete [strength not stated],0.278485987840173,0.25579212155472664,0.7669535589513952,0.661781795763434,3.5493619884933376,3.812133250313986,0.9222284188813621,0.942872009456861,0.8378095698334037,0.8611448834849338,1.4153492337161155,2.1962003840180864,1.028122440169928,0.9999999999999999,1.0668218834702623,1.0622969207093707,96.0,1.3844594395287284,1.45721280365213,0.03156724995690034,0.09773434523708385,0.07291666666666666
SinglePlyEPDM,0.4358591106778351,0.34292691616165283,1.0124117803630772,0.691677623209071,2.442855553318303,2.823416998397396,0.9226673453469799,0.9430512033296627,0.8318027219855723,0.8438402111619846,-0.2080023265869152,3.621526818691267,1.199151078807034,1.0000000000000002,1.0077774244594586,1.0220208979699077,29.0,1.0255051799206898,1.6859047926828987,0.20359568500331693,0.1800080011824223,0.034482758620689655
SinglePlyKEE,0.2375175161157313,0.22683337493697137,0.47361581147853976,0.5456010963617324,1.9615107704449166,2.271868512696562,0.9617146086840636,0.9442930210267295,0.9455208862675365,0.9477417689983973,-1.2245296370387027,-1.092193674990339,1.0143132520542708,1.0,1.0,1.0,11.0,0.3461965781098211,0.1932887635188584,0.0316613160507849,0.0,0.0
SinglePlyPVC,0.5139083244130161,0.5697844926120312,1.5778677068141749,1.6281146097856025,3.3603288616726266,3.580155174195158,0.9307528474348624,0.94268343126057,0.646043008293982,0.6277805150881279,35.68071805113103,29.367183239044298,0.9599927591045546,1.0000000000000002,1.0131502264759538,1.0212236146758435,74.0,4.7003465063752845,4.52945457277894,0.04456402920810431,0.05896447331394603,0.04054054054054054
SinglePlyPolyurethane,1.0526558476631585,1.4799323579954102,0.8178729393394245,0.945407429712929,2.014987073692391,2.4125524321158003,0.8871166200130614,0.912454605945104,0.7765846155466269,0.6706855173315315,7.807711274457489,8.41012405520817,0.8813126756598268,1.0,1.0109638739072526,1.0452903621918959,27.0,1.739460911994443,2.586558181307767,0.3059427237263445,0.004575005067148818,0.037037037037037035
SinglePlyTPO,0.2993369040417522,0.28948968639615846,0.5243308716300528,0.3482466623663282,3.319222202643261,3.569549989986674,0.9496686631194888,0.9628177563247164,0.9567995493782506,0.970432080527098,-0.1785070810978135,-0.24808514837523196,1.028131826936511,1.0,1.0,1.0,62.0,0.3600575355469509,0.3458057653557264,0.033058793807245725,0.07694031895308452,0.0
SprayedInsulation,1.0068869855957467,0.9697947138020934,0.9482368714663055,0.9664301163130178,1.832062777947439,2.3978952727983844,0.8914574667257523,0.9069414764011795,0.6053408251649799,0.6129075333222098,11.983133051057136,8.799933580686853,0.8902717323966147,1.0000000000000002,1.0439997699969141,1.0779462715886574,11.0,3.1802781285271884,2.8463994367097922,0.12246189687515063,0.07152232190490906,0.09090909090909091
SteelSuspensionAssembly,0.12918260473564902,0.15470960612976178,0.7119973534230507,1.0462284583140236,3.5578185048007125,3.849106163925768,0.9498891688784538,0.9283842137379847,0.9214953156959456,0.8455053260876462,0.9743820982059499,9.000325552285496,0.9972101934824076,0.9999999999999999,1.0004653024972043,1.0206583560038134,98.0,1.0092657044860467,2.176972493956989,0.016120591762061015,0.020464878142249038,0.030612244897959183
StoneCladding,0.7778554304874405,0.9558796840416389,0.5742692839980315,0.6752562077596506,2.4655049234242763,2.8714761180548782,0.8902670687288543,0.9293250095388597,0.9018427458553473,0.8190954874447443,-1.1038190712286122,-0.7438563083664108,1.1536017727605206,1.0000000000000002,1.0,1.0458781823582648,19.0,0.5513200988965944,0.9008376289479634,0.18417034377187658,0.0,0.0
StorageFurniture,0.34823520899146865,0.4654584517878537,0.564548520134097,0.7812530624112051,2.2188380018372285,2.615630577027558,0.920991550537899,0.961507346072651,0.916898270823452,0.8159698579517914,5.078547098091626,5.1632349742705825,0.9557832437667452,1.0000000000000002,1.0032126011656535,1.0315848101112135,15.0,1.0647486127431927,1.9830093119020336,0.10107316196597216,0.10027926442481418,0.06666666666666667
SupplementaryCementitiousMaterials,0.5850765240017057,0.6785534637936887,0.45963606051488265,0.5403061702655045,2.8940833672540225,3.1341624585866596,0.8198598691081508,0.8792057181561285,0.9348060212576879,0.9016795102115777,0.644274067629103,1.8625458453644894,0.915197657366311,1.0,1.0,1.0,28.0,0.6952762095073944,1.2590710963469338,0.0974221713568257,0.005488659894453104,0.03571428571428571
Tables,1.40754481138985,1.4227329130234618,1.4848781072050308,1.5527343470755668,3.0847534301036235,3.3269090919024285,0.8915580580551598,0.8940085624857316,0.6832362286231244,0.6767488200663816,23.20285075355689,19.41964680217087,0.809570709795656,1.0000000000000002,1.005243726951597,1.0100520846598342,161.0,3.4566249446713155,3.3685197015509734,0.19070747217958894,0.04815173800946337,0.06211180124223602
TileGrout,1.3104603823391012,1.4156952247595267,1.177187487658947,1.2720896709090186,2.9660102947524525,3.200961690512133,0.9606060147057622,0.9452086398049784,0.5296291252817421,0.49420275055298923,23.0586054696122,21.000293933166038,0.9794089103831004,0.9999999999999998,1.019779094781289,1.028004806138072,43.0,4.301494336286658,4.263071936016621,0.07539327501076835,0.10893216500637933,0.13953488372093023
Timber,0.7232811916098527,0.7157452272244843,0.6270307807416442,0.49183007394921496,2.371362515213716,2.6701198898068257,0.9682220641444185,0.9472277148076841,0.8957644788216702,0.8891830643148253,-0.5228737801711257,-0.6612808274714739,1.0202980087532298,0.9999999999999998,1.0,1.0,17.0,0.8728583014274085,0.7762759986306239,0.07785094710466912,0.0,0.0
TranslucentWallAndRoofAssemblies,1.2455370547667561,1.2259503377251046,0.759664567368557,0.6943586052753362,3.266548717600072,3.4254875956560005,0.9576374152704024,0.9549088030554224,0.6291891017625849,0.681419677490616,6.09647201553334,3.856817957815732,0.92889220482044,0.9999999999999998,1.0214295040333483,1.021736585612737,46.0,2.550063488248152,2.138730143454938,0.10672132741314884,0.12821989077685325,0.13043478260869565
UnitSkylights,0.6575556533639743,0.6372305118437162,0.6485524908118037,0.55608713754734,2.5153670426313863,2.639340587232442,0.9208483665563526,0.9393172999575172,0.9112207558086641,0.9022556790137422,-0.4165425314789139,0.5566068457998969,1.0418976103206044,1.0,1.0,1.0,17.0,0.6915859731887382,0.9785275424222478,0.09613029841044696,0.029847196764799203,0.11764705882352941
VinylSiding,1.272182588215972,1.3845384619690293,0.4857480314913799,0.6943472311202832,2.0908066209679292,2.397895272798388,0.9720288126065325,0.9799075377812185,0.6382700162309799,0.6868774911084219,23.004219327694926,4.389694439131625,0.5511671176368158,0.9999999999999999,1.0151558676517294,1.0038169098027372,11.0,3.8494362915100533,2.1481102322363004,0.4552356302167588,0.05704518364057862,0.18181818181818182
WallBase,0.4595522319585266,0.3570025496450679,0.6136782049633925,0.5065159058766877,2.0192694258740427,2.441015278026709,0.9681139100160299,0.9662404692278658,0.9269262931830053,0.9412145242170876,0.2478778917058951,-0.11525581453034624,0.8516393997769891,1.0000000000000002,1.0,1.0,14.0,0.9567116660103139,0.5686335102790787,0.14836060022301134,0.0,0.0
WallFinishes,2.1992850936677106,2.4751817387410004,2.3385222550732525,2.5255793222541123,2.6112877021354235,2.703165945311127,0.9844274126410508,0.9809802278442254,0.4237422910337682,0.33452548963143225,58.172656745599966,87.2069190746648,1.1200226751763944,0.9999999999999998,1.0204133919499685,1.0104926197869581,173.0,6.223904940906609,8.36344894730795,0.25733136950098257,0.11644933409738789,0.08092485549132947
WallPanels,1.0342219440584457,1.010689229240488,1.2516298945005648,0.9260735457240363,3.8932309664615783,4.0636983318715805,0.9881674008309478,0.9856935628953374,0.6774120471869016,0.6870348852696693,11.51200395612495,13.915727699551647,1.1239465278438072,1.0,1.032575533870016,1.033932292630582,163.0,3.0211019804837806,3.2230480327244324,0.12554667107458425,0.06117989852082235,0.0736196319018405
WeatherBarriers,1.5680071418744133,1.4501826092776267,1.3612231785509867,1.2038506325599954,3.106428276517223,3.3019643441030273,0.8808236646950579,0.9252327779453707,0.4720476949310664,0.4928442127330489,9.058462764842714,16.439443590511278,1.188063992724911,0.9999999999999999,1.0669587340480036,1.0375699787406485,59.0,3.156829667099132,3.922462462830909,0.19890450806032178,0.09603208430333636,0.0847457627118644
WindTurbines,0.3989257195156556,0.4153789910288454,0.822334180669847,0.7190962020828512,1.0842237117270082,1.0986122886681136,0.9996282146198306,0.9981966088328774,0.9771598841771193,0.966668504417591,,,1.069962835861313,1.0,1.0,1.0,3.0,0.19051649249438105,0.9064969307395134,0.0699628358613127,0.0,0.0
Windows,0.9837663146858279,0.9470498289022686,0.9185567161942861,0.7414686595908531,3.879639213605753,3.994912591847233,0.8976603124129124,0.9058813516735246,0.628474710843386,0.6544545514974429,19.87096425476178,19.2192015804776,0.9655063077976336,0.9999999999999998,1.0177279044115854,1.0123120893818554,358.0,3.878523692484617,3.7345776123065155,0.04622617007454531,0.054706777933146475,0.05586592178770949
WireMeshSteel,0.7490184834473188,0.9281123703275191,0.5735094355854033,0.6384995828501319,3.1290309844818918,3.474962360214349,0.9643001620431965,0.9821929129457144,0.8243188167737956,0.7204815130384645,5.227208621196781,7.628868477339268,1.0596275976953302,1.0000000000000002,1.00557437476491,1.0379005701636774,53.0,1.8994143643158254,2.5455243983060534,0.14872091510045624,0.06662691262845767,0.07547169811320754
WoodDoors,0.7619135220461626,0.7851614306847334,0.5398249230900236,0.5347831307565294,2.9041499122974543,3.14613250681212,0.8624887507882475,0.88727920197009,0.8322231756648512,0.8345202118701367,2.4775694879983963,1.145034504994338,0.8505071509555647,1.0,1.0127827554560618,1.0002789316118015,32.0,1.576269932998556,1.3634347635970867,0.1495797502656855,0.1283725245153101,0.09375
WoodFlooring,0.7272922710971119,0.7629643150502472,0.46978317477162806,0.43732132631475684,3.2718799384066553,3.5172714472404056,0.8897426380015548,0.898500164593806,0.898153998545116,0.8865250577638243,-0.19452567252783023,0.40828716682646327,1.03770068470998,1.0000000000000002,1.0,1.0001441204135324,86.0,0.8601329234915431,1.0392744927875892,0.06422663949696464,0.001505695639488217,0.08139534883720931
WoodFraming,0.4845021405176518,0.5500719124716609,0.5668988138145282,0.7258724228388833,1.6027559579405823,1.9459101490553208,0.8457985588734399,0.9330783948343561,0.8875395705508148,0.8565311507370187,8.21800057730905,3.279366218317636,0.7574387372228915,1.0000000000000002,1.0025866086186246,1.0008933032991265,7.0,1.046584952875219,1.506255263709312,0.24447930425768913,0.01969552426254956,0.14285714285714285
WoodJoists,0.42048526563767824,0.4718213786193156,0.5724381055187128,0.6312889582991137,1.2085656525202713,1.3321790402101268,0.9396581500159067,0.7946017684845508,0.9372025573840849,0.7794993846516854,-1.1782837349912603,0.8355693823115756,1.129751680504357,0.9999999999999999,1.0,1.0,5.0,0.5927797837953724,1.3543000965976584,0.1298758075264771,0.0,0.2
WorkSurfaces,0.33678191498212956,0.47419893688971987,0.5859529952200963,0.7892017609315067,2.1960614563412015,2.4849066497880083,0.8062726345199401,0.931095573596477,0.9170056577822541,0.8502937991478721,3.0338998202859737,4.478796333399863,0.9072432565893767,1.0,1.0048354351313846,1.0413798658841604,12.0,-0.256052564058103,1.6503467309040771,0.1194784357290234,0.004962090400331437,0.08333333333333333
