material,n_old,n_slice_incl_expired,n_new,delta,slice_covers_old,unit_type_new,unit_type_mix,n_unit_types,med_ratio
AccessFlooring,62,162,53,-9,True,area,area:141|weight:7|length:1,4,0.9904397705544933
AccessFlooringPedestals,11,18,13,2,True,weight,weight:15|area:3,2,1.1382978723404256
AcousticalCeilings,360,1027,412,52,True,area,area:955|weight:16|length:10,4,1.3756474278544544
Aggregates,206,727,385,179,True,weight,weight:687|vol:20|area:12,4,1.4588709534221471
Aluminium,124,367,181,57,True,weight,weight:243|area:43|length:27,4,1.2251464595392074
AluminiumBillets,63,173,121,58,True,weight,weight:144|length:18|vol:3,4,0.8505174087804879
AluminiumExtrusions,17,110,38,21,True,weight,weight:91|length:12|area:2,4,1.4431524547803618
AluminiumSheetGoods,36,101,28,-8,True,weight,weight:65|area:14|length:2,4,1.3949044585987262
AluminiumSiding,3,3,3,0,True,area,area:3,1,1.0
AluminiumSuspensionAssembly,14,36,22,8,True,weight,weight:36,1,10.495365586790394
Asphalt,8925,14808,7461,-1464,True,weight,weight:14792|area:4|length:2,4,1.0889792574602637
BackingAndUnderlay,45,103,45,0,True,area,area:60|vol:9|weight:3,4,0.6224299065420561
BituminousRoofing,66,174,66,0,True,area,area:155|weight:18,2,1.0844594594594594
BlanketFacing,33,65,31,-2,True,area,area:47|length:1,2,1.0510948905109487
BlanketInsulation,349,877,319,-30,True,area,area:836|vol:8|weight:8,4,0.9277777777777777
BlownInsulation,27,98,24,-3,True,area,area:84|weight:7|vol:3,4,0.9297101449275363
BoardInsulation,413,1140,335,-78,True,area,area:1049|weight:34|vol:26,4,0.7669724770642201
Brick,252,423,225,-27,True,weight,weight:396|area:14|vol:6,3,0.5606505633497247
CMU,562,1279,492,-70,True,vol,vol:847|area:277|weight:50,4,0.9780909653558051
CableTrays,67,86,59,-8,True,length,length:75|area:3,2,0.954213944128626
Carpet,1937,3325,2014,77,True,area,area:3122|weight:45|length:3,3,1.0833333333333333
CastDecksAndUnderlayment,123,546,255,132,True,vol,weight:276|vol:255|area:12,4,816.546762589928
CeilingPanel,240,607,240,0,True,area,area:567|weight:12|length:2,4,1.2255520122841974
Cement,522,1722,1202,680,True,weight,weight:1613|vol:50|area:25,4,0.833859759949463
CementBoard,29,59,21,-8,True,area,area:58,1,0.8195576251455181
CementGrout,3794,6399,3771,-23,True,vol,vol:6324|weight:50|area:14,3,1.0032362459546926
CementitiousMaterials,9,32,24,15,True,weight,weight:31,1,1.8104193687851273
CementitiousSheathingBoard,73,96,51,-22,True,area,area:91|weight:2|length:2,3,0.6869070208728653
Chairs,84,799,88,4,True,weight,weight:112|vol:10|length:4,4,1.9597649090277918
Cladding,122,251,135,13,True,area,area:212|weight:12|vol:12,4,1.0064182194616977
Coil,79,228,141,62,True,weight,weight:192|area:10|vol:1,3,0.9713734947348135
ColdFormedSteel,65,130,67,2,True,weight,weight:124|length:3|area:3,3,0.8338437770266667
CompositeLumber,9,45,16,7,True,vol,vol:36|area:4|weight:2,4,1.1447285240322378
CompositionSiding,4,9,3,-1,True,area,area:7|weight:1,2,0.8097729824209438
Concrete,209,232,213,4,True,vol,vol:223|weight:3,2,1.0046048362968125
ConcreteAdmixtures,51,159,118,67,True,weight,weight:147|area:7|vol:2,3,1.2866638935108154
ConcretePaving,400,625,383,-17,True,vol,vol:565|area:28|weight:25,4,0.9984591679506933
Countertops,46,182,76,30,True,area,area:148|weight:10|vol:3,4,1.4134194143417107
CurtainWalls,17,121,56,39,True,area,area:96|length:1|weight:1,3,1.032297596457938
DampproofingAndWaterproofing,62,275,162,100,True,area,area:228|weight:32|vol:3,4,1.1002570694087406
DataCabling,117,1810,951,834,True,length,length:1571|weight:122|area:19,4,0.6819833445205455
DeckingBoards,9,21,7,-2,True,area,area:19|vol:1|weight:1,3,1.4926920286099306
DeckingSteel,46,116,63,17,True,weight,weight:94|length:10|area:5,4,0.9485289335432693
DemountablePartitionTrack,5,16,5,0,True,length,length:13|area:2|vol:1,3,1.0
DemountablePartitions,50,127,46,-4,True,area,area:125|weight:1,2,0.8303072625698326
DoorsAndFrames,25,310,61,36,True,area,area:76|weight:17|vol:6,4,1.1645945945945946
Electrical,3,8,5,2,True,weight,weight:5|length:2,2,1.0
Elevators,16,135,22,6,True,weight,weight:25|length:7|area:1,3,4.8790067067955105
FenestrationAccessories,9,66,17,8,True,area,area:18|weight:14|length:3,3,29.493471086239058
FenestrationFraming,117,635,261,144,True,weight,weight:304|area:162|length:42,4,1.058916876965265
FiberCementSiding,28,74,31,3,True,area,area:66|weight:4|vol:1,3,0.9570208222103577
Finishes,14,19,15,1,True,weight,weight:16|area:3,2,1.0612244897959184
FireAndSmokeProtection,6,32,23,17,True,weight,weight:28|area:4,2,3.6108743833290875
FlashingAndSheetMetal,8,15,12,4,True,area,area:12,1,1.1134328358208956
FlatGlassPanes,44,246,47,3,True,area,weight:176|area:57|vol:3,3,1.0438875078512726
Flooring,3,26,17,14,True,area,area:21|weight:1,2,0.3931034482758621
FlowableFill,2075,4674,2008,-67,True,vol,vol:4645|weight:20|area:3,4,1.009009009009009
FoamedInPlace,15,57,16,1,True,area,area:38|vol:7|weight:5,4,0.8076690349460902
Furnishings,17,60,7,-10,True,area,area:9|weight:6|vol:3,3,17.98850574712644
GlazedDoors,145,206,141,-4,True,area,area:199|length:1,2,1.0695896425499232
Grouting,222,348,225,3,True,weight,weight:311|area:10|length:1,4,1.3173027883913764
Gypsum,591,1693,777,186,True,area,area:1529|weight:96|vol:15,4,1.0187712640000002
GypsumSheathingBoard,19,55,19,0,True,area,area:54|vol:1,2,1.0515789448099353
HeavyTimber,4,9,5,1,True,vol,vol:9,1,1.5811879181025743
Hollow,116,208,150,34,True,weight,weight:197|length:1|area:1,3,0.9287005616240643
HotRolled,63,184,85,22,True,weight,weight:170|vol:2|area:2,4,0.7916666666666666
InsulatedRoofPanels,19,319,271,252,True,area,area:312|weight:2|vol:1,3,1.2288581176446753
InsulatedWallPanels,72,548,425,353,True,area,area:546|weight:1,2,0.9948098530259365
InsulatingGlazingUnits,32,147,32,0,True,area,area:146,1,1.0
Insulation,677,1573,666,-11,True,area,area:1246|vol:126|weight:95,4,0.98028
JointProtection,4,11,5,1,True,area,area:7|length:1,2,0.8544891640866873
Laminate,21,70,27,6,True,area,area:64|weight:2|vol:1,3,2.925925925925926
MBQ,44,77,40,-4,True,weight,weight:77,1,1.0474744496097408
ManufacturingInputs,4,21,13,9,True,weight,weight:16|vol:3,2,0.2129151291512915
Masonry,21,56,35,14,True,weight,weight:44|area:8|vol:2,3,1.0923257819062344
MasonryCement,39,44,28,-11,True,weight,weight:44,1,0.9555653710247349
MassTimber,45,138,66,21,True,vol,vol:131|weight:2|area:2,4,1.138976395138889
MechanicalInsulation,57,234,22,-35,True,area,area:198|weight:5|length:2,4,1.326454423592493
MembraneRoofing,55,291,168,113,True,area,area:223|weight:44|vol:2,4,1.5278628357894737
MetalDoorAndFrames,38,294,42,4,True,area,area:49|length:7|weight:1,3,1.0
MetalRailings,4,20,14,10,True,weight,weight:16|length:4,2,0.8117561518902597
MetalStairs,5,10,6,1,True,weight,weight:8|length:2,2,12.553740326741186
Mirrors,4,36,19,15,True,area,area:27|weight:6|vol:2,4,2.2893620689655174
MiscMetalFabrication,28,76,69,41,True,weight,weight:75,1,1.1674410710095908
Mortar,151,492,250,99,True,weight,weight:418|area:50|vol:9,3,1.3375624074074073
NetworkingCableTrays,17,54,22,5,True,length,length:43|weight:2|area:1,3,0.9518716577540105
NetworkingRaceways,26,87,32,6,True,length,length:65|weight:7|area:1,3,0.7301092043681744
NonStructuralWood,33,157,58,25,True,vol,vol:128|area:19|weight:4,4,1.2079956509022118
OilPatch,279,520,282,3,True,vol,vol:508|weight:10|area:1,3,1.0
OpenWebMembranes,8,25,18,10,True,weight,weight:25,1,1.0331615213596679
Openings,13,37,12,-1,True,length,length:15|area:7|vol:5,4,0.9940170940170938
OtherFlooring,154,463,217,63,True,area,area:366|weight:35|length:1,3,0.6541666666666667
PaintingAndCoating,19,77,19,0,True,area,area:22|length:8|weight:1,3,56.818212499999994
PlateSteel,76,127,74,-2,True,weight,weight:105|area:7|vol:4,4,1.0876426317067251
PostTensioningSteel,11,67,35,24,True,vol,vol:35|weight:28|area:1,4,169.42150561497326
PowerCabling,209,421,400,191,True,length,length:413|weight:3,2,0.6866659879267373
PrecastConcrete,159,978,546,387,True,weight,weight:672|vol:92|area:87,4,1.107936603785777
ProcessedNonInsulatingGlassPanes,114,430,130,16,True,area,area:340|weight:59|vol:6,4,0.8541643054014598
ReadyMix,77548,138988,86995,9447,True,vol,vol:138573|area:165|weight:138,4,0.9737014925373134
RebarSteel,196,513,208,12,True,weight,weight:488|vol:1|area:1,4,0.9793056904570716
ResilientFlooring,444,1260,476,32,True,area,area:1087|weight:29|length:7,4,1.1072368724888004
RoofCoverBoards,8,35,25,17,True,area,area:35,1,0.921677614957049
RoofPanels,89,204,61,-28,True,area,area:173|length:12|weight:8,4,0.6255506607929515
SheathingPanels,48,180,71,23,True,vol,vol:153|area:12|length:5,4,0.9776582278481013
Shotcrete,1682,3175,1670,-12,True,vol,vol:3154|weight:17,2,1.0048404612467012
Siding,4,29,1,-3,True,area,area:13|weight:1,2,4.74187380497132
SinglePlyEPDM,14,76,30,16,True,area,area:67|weight:5|vol:1,3,0.932190738177624
SinglePlyKEE,6,28,11,5,True,area,area:28,1,1.0833333333333333
SinglePlyOther,5,24,2,-3,True,area,area:22|length:2,2,2.076685393258427
SinglePlyPVC,84,269,80,-4,True,area,area:218|weight:18|length:2,3,1.025656873749288
SinglePlyPolyurethane,25,60,27,2,True,area,area:44|weight:14,2,0.4722502522704339
SinglePlyTPO,30,129,62,32,True,area,area:128,1,1.1648199445983378
SprayedInsulation,12,34,13,1,True,area,area:24|vol:5,2,1.3598130841121496
Steel,443,986,576,133,True,weight,weight:739|area:118|length:18,4,1.05357216146789
SteelSuspensionAssembly,87,230,114,27,True,weight,weight:147|length:60|area:11,3,0.9945150650409517
StoneCladding,29,47,19,-10,True,area,area:40|weight:3,2,1.2580645161290323
StorageFurniture,11,269,17,6,True,weight,weight:25|area:14|length:6,4,1.3133316528559318
StructuralSteel,57,145,105,48,True,weight,weight:132|vol:3|area:2,3,0.8829941860465116
SupplementaryCementitiousMaterials,8,42,28,20,True,weight,weight:40|vol:2,2,0.5480391612225153
Tables,7,553,161,154,True,weight,weight:161|area:20|vol:3,4,0.028083041848484848
ThermalMoistureProtection,4,6,4,0,True,area,area:6,1,4.263648468708388
TileGrout,43,101,44,1,True,weight,weight:99|area:2,2,1.2412640174524119
Timber,17,111,17,0,True,vol,vol:64|area:20|weight:15,3,1.0
TranslucentWallAndRoofAssemblies,4,54,47,43,True,area,area:53,1,1.4216701173222912
UnitSkylights,13,18,17,4,True,area,area:17,1,0.9032959844214723
VinylSiding,8,27,11,3,True,area,area:21|weight:1|vol:1,3,0.7450441609421001
WallBase,3,29,14,11,True,length,length:22,1,1.0045454545454533
WallFinishes,130,409,173,43,True,area,area:326|length:44|weight:5,3,0.7004286343070505
WallPanels,248,437,164,-84,True,area,area:427|weight:3|vol:1,3,1.1035927641518954
WeatherBarriers,21,81,59,38,True,area,area:77|weight:1,2,1.271159368093508
WindTurbines,3,35,3,0,True,vol,vol:4|length:3|area:3,4,1.0
Windows,293,744,363,70,True,area,area:482|weight:19|vol:8,4,0.9630118890356671
WireMeshSteel,24,88,55,31,True,weight,weight:84|area:3,2,0.9322462006080552
WoodDoors,30,229,32,2,True,area,area:52|weight:46|vol:10,4,1.1467008305129351
WoodFlooring,109,226,90,-19,True,area,area:177|weight:16|vol:12,4,1.1072875939849625
WoodFraming,7,26,9,2,True,vol,vol:23,1,0.9361586419872978
WoodJoists,4,15,5,1,True,length,length:13,1,0.7148485594681112
WorkSurfaces,10,87,13,3,True,area,area:24|weight:7|vol:5,4,1.0909090909090908
