material,k,min_mode_cv,median_mode_cv,avg_overlap,min_overlap
AccessFlooring,3,0.0010000000000000002,0.1490560997988944,0.053226432005601516,5.349974543734073e-150
AccessFlooringPedestals,4,0.001,0.04691049049552058,0.011051090236416164,0.0
AcousticalCeilings,4,0.15657578803693256,0.7490212863202942,0.10794155297447487,3.2659776757916366e-11
Aggregates,5,0.0020216352436287317,0.19920281123932612,0.04785504682959964,6.347532314932675e-05
Aluminium,5,0.001,0.17249492997438692,0.07006354161115128,4.66386895551834e-304
AluminiumBillets,3,0.23564441507972814,0.3528885503817318,0.17383986802204268,0.09509454981323229
AluminiumExtrusions,3,0.05641711509876898,0.08418716801396317,0.004935334960352427,4.624312895800312e-53
AluminiumSheetGoods,2,0.1416422787400804,0.4293507528010307,0.08339091660738569,0.08339091660738569
AluminiumSuspensionAssembly,5,0.001,0.05644330779126936,1.2496542409995833e-06,5.15787303350384e-305
Asphalt,5,0.03200619765229768,0.14533898923543226,0.1879049234801488,1.021612369031873e-06
BackingAndUnderlay,4,0.002778199630121186,0.22168684090216353,0.050131289753385856,6.297225824765556e-304
BituminousRoofing,3,0.11788764018609767,0.4802669563145322,0.19583353229708247,0.0513316266559075
BlanketFacing,3,0.00985727107695386,0.1928596486957763,0.0008164918911553724,7.411897378026852e-46
BlanketInsulation,4,0.001,0.30262375744695763,0.08150437967547901,4.969236146389684e-303
BlownInsulation,2,0.18800945431064,0.667687252556248,0.13397530424930432,0.13397530424930432
BoardInsulation,4,0.14480028665388245,0.5725094885500408,0.09463152847936947,1.9129556026950142e-19
Brick,3,0.2737935008609491,0.516717568836879,0.23649207462561142,0.09345584591997046
CMU,2,0.16602640749933026,0.26658796532188833,0.38385746963443584,0.38385746963443584
CableTrays,3,0.028317705753158753,0.37061273967913366,0.08273117645955987,0.012042498360476628
Carpet,3,0.09914991109513498,0.1289078524352635,0.2210888103300155,0.12368078407879186
CastDecksAndUnderlayment,3,0.0009999999999999998,0.16038322377132655,0.0890325603165592,3.774686628581362e-24
CeilingPanel,3,0.1806638802066423,0.5664112733715787,0.1505077358862347,0.05997685315500596
Cement,2,0.3432151954628431,0.6539327030456958,0.40735900127484864,0.40735900127484864
CementBoard,5,0.0010000000000000002,0.08366039700856434,0.004266202625463524,0.0
CementGrout,4,0.01734537970172993,0.18914068181275864,0.23317808879394367,0.021197868539963763
CementitiousMaterials,1,0.63483403777114,0.63483403777114,,
CementitiousSheathingBoard,2,0.15353625650733035,0.4370165338049373,0.1038948359987404,0.1038948359987404
Chairs,5,0.002122222827197725,0.017952895536762985,0.03013749072109522,3.3049781272764252e-15
Cladding,3,0.033079289150962296,0.1191594518415019,0.0712283514768002,0.006471316791006695
Coil,3,0.16234288312836337,0.1993921941097223,0.13601111870267393,0.06158699390182827
ColdFormedSteel,3,0.016443250095197835,0.07361598271410053,0.07414248299790847,3.845952208613725e-15
CompositeLumber,2,0.0009999999999999998,0.1258919022523861,8.009820873274984e-07,8.009820873274984e-07
Concrete,2,0.20369455028376607,0.3808540919779703,0.4849599177363296,0.4849599177363296
ConcreteAdmixtures,4,0.0010000000000000009,0.1381311817573011,0.07606262659275156,6.093265349952676e-304
ConcretePaving,3,0.09475723636614196,0.17173393243857063,0.12021799916223237,0.07880904986267555
Countertops,3,0.011647865838973117,0.038279754348963614,0.01436353278672406,3.363481568202513e-303
CurtainWalls,3,0.18602717554475873,0.2611777771663762,0.021298119231733813,1.735890564533948e-05
DampproofingAndWaterproofing,4,0.06441281847771081,0.39245350854402955,0.07465385082024857,0.00019448942761515807
DataCabling,5,0.023559741653541542,0.21108567252860572,0.1040820208844863,0.0051495115442209815
DeckingBoards,1,0.5364766206661301,0.5364766206661301,,
DeckingSteel,1,0.26400508106268145,0.26400508106268145,,
DemountablePartitions,2,0.001,0.2415246790078409,8.014168888486875e-05,8.014168888486875e-05
DoorsAndFrames,2,0.3982551841871676,0.9905113854602877,0.12963153352496648,0.12963153352496648
Elevators,3,0.0010000000000474965,0.0017784162687206266,0.00016501005897737514,3.907877650471179e-303
FenestrationAccessories,5,0.0009999999999999998,0.002773047663717112,0.0006219817017580568,0.0
FenestrationFraming,4,0.001,0.3027568261588718,0.0973364412531997,2.4663231966504496e-303
FiberCementSiding,2,0.15933571181668674,0.20375828537678276,0.00011639644065797544,0.00011639644065797544
Finishes,3,0.0009999999999999998,0.0009999999999999998,1.802447120028599e-05,0.0
FireAndSmokeProtection,3,0.0009999999999999998,0.0665664916232014,1.0132548149804365e-05,1.0920718621686814e-97
FlashingAndSheetMetal,4,0.0009999999999999998,0.03656173353540021,0.004056212026089269,0.0
FlatGlassPanes,4,0.0010000000000000002,0.18695959176555355,0.028048064307053634,2.6580717428770843e-304
Flooring,5,0.001,0.044869102833725846,0.00010310201203806907,0.0
FlowableFill,5,0.06270658963777917,0.22775849512202148,0.13445325687436646,0.011653967782664212
FoamedInPlace,3,0.0010000000000000002,0.06916012681929759,0.004321848681176018,1.917009676119018e-304
Furnishings,2,0.07927706430004663,0.08620347456310151,0.0008349464770375432,0.0008349464770375432
GlazedDoors,4,0.009721929590306232,0.3957466079085965,0.08816153502061698,0.002179720113737136
Grouting,5,0.019448705631444043,0.19180730294366438,0.06695850302951112,0.0019794844304080474
Gypsum,3,0.2661710530321262,0.4622277272362564,0.2702735857256963,0.12647546668143952
GypsumSheathingBoard,1,0.33337542895833383,0.33337542895833383,,
Hollow,2,0.0009999999999999998,0.16615777712764282,6.347534079144186e-10,6.347534079144186e-10
HotRolled,2,0.24021890425538733,0.803146483285556,0.1099895083320849,0.1099895083320849
InsulatedRoofPanels,2,0.14353066464552625,0.2411735612963128,0.525154399695058,0.525154399695058
InsulatedWallPanels,3,0.001,0.16032362916210224,0.1600416884051266,7.214038965782701e-81
InsulatingGlazingUnits,4,0.003436328880023256,0.06656274593498296,0.02711753865178118,4.24219595492529e-303
Insulation,5,0.016696888974518133,0.18495306201600611,0.06415731254555844,0.0006461054452468967
Laminate,5,0.0010000000000000002,0.12123731233700859,0.002857278763059871,5.177097009946661e-305
MBQ,3,0.001,0.19990582586066097,0.012621086753604356,3.6938845867539214e-60
ManufacturingInputs,4,0.0010000000000000002,0.04902028859464247,0.00016843820990497223,1.9409550331231092e-59
Masonry,4,0.0009999999999999998,0.1643246969538009,0.012831758051076933,4.618931588418246e-304
MasonryCement,2,0.0010000000000000002,0.12820593196355481,0.00017322821096835971,0.00017322821096835971
MassTimber,3,0.16631190628030862,0.21752005677465486,0.05268849406898741,7.413445594176856e-05
MechanicalInsulation,4,0.0009999999999999998,0.1656647231085569,0.007473870883237778,8.07628028625734e-197
MembraneRoofing,4,0.044685633025638376,0.29272733848298427,0.032362709890631815,7.79439345597123e-11
MetalDoorAndFrames,2,0.23413649167100933,0.5332759360394296,0.2569547761251209,0.2569547761251209
MetalRailings,4,0.001,0.003915013056919677,8.164407832536392e-06,0.0
Mirrors,3,0.0010000000000000002,0.0427708550735359,0.006690563342570539,1.970521157472666e-28
MiscMetalFabrication,4,0.0009999999999999998,0.12919581162843125,0.04605995763388399,4.71779210457357e-304
Mortar,3,0.15634081474180017,0.4289909109559113,0.14414568286941795,0.046033297101855934
NetworkingCableTrays,4,0.006528350177960281,0.107377697201853,0.011375382892480355,1.8726302157761729e-295
NetworkingRaceways,3,0.019228286666402254,0.29796345578968536,0.06844407488544298,0.006987085637782661
NonStructuralWood,4,0.0009999999999999998,0.046776209422342056,0.0506241219995407,2.785353780604799e-304
OilPatch,3,0.10133334563029778,0.35526259627514933,0.13459959305543673,0.043433774004213735
OpenWebMembranes,5,0.001,0.005317773421831949,0.0030900237504626416,0.0
Openings,3,0.001,0.02926073583797383,6.163067889666965e-05,6.476755608089772e-14
OtherFlooring,4,0.07590405374884042,0.30738778416414153,0.10117792764149681,0.01473761865859206
PaintingAndCoating,5,0.0010000000000000002,0.06329964768930162,0.009181862883732978,0.0
PlateSteel,4,0.0080327030514425,0.15142878735488075,0.017589222076346656,1.8010519713057955e-15
PostTensioningSteel,5,0.0010000000000000005,0.0040938278868085905,0.0020889097942025496,0.0
PowerCabling,5,0.0012820473074864856,0.0500333885358292,0.046447166681366656,5.413755277403617e-05
PrecastConcrete,3,0.010500258807043238,0.240616446949552,0.10539072058748551,0.004202168797153789
ProcessedNonInsulatingGlassPanes,4,0.02277742841860271,0.37312327575068077,0.08538748733748647,0.004992413487779017
ReadyMix,3,0.20095509765833366,0.27360835278177154,0.5956216153715973,0.4416589524646841
RebarSteel,3,0.001,0.21920517871383646,0.04692625837126179,1.0440891648351583e-293
ResilientFlooring,5,0.033284508057987154,0.2300206573161777,0.12600201155046872,0.0003397483932246606
RoofCoverBoards,3,0.001,0.08003467052231868,0.012439698112631398,1.1790272005926989e-16
RoofPanels,2,0.14482504954844277,0.4594901353543723,0.15312595948023328,0.15312595948023328
SheathingPanels,2,0.18181631257689929,0.5141074671502356,0.07451743726939866,0.07451743726939866
Shotcrete,2,0.14791447890509926,0.18653924346139755,0.5763249661617673,0.5763249661617673
SinglePlyEPDM,5,0.0009999999999999998,0.01111761307213331,0.005416210477967937,1.0565497773337291e-304
SinglePlyKEE,1,0.2268355791874192,0.2268355791874192,,
SinglePlyPVC,3,0.001,0.07085105371194025,0.10525414128055044,6.1187504037383315e-304
SinglePlyPolyurethane,5,0.001,0.020212332077679116,0.005414309968791312,0.0
SinglePlyTPO,1,0.28949141356825214,0.28949141356825214,,
SprayedInsulation,2,0.0009999999999999998,0.14336156629731975,2.504770266804323e-31,2.504770266804323e-31
Steel,4,0.11940654931966542,0.6738248741125923,0.09178167354897855,7.406411380782362e-06
SteelSuspensionAssembly,2,0.11213748355282173,0.2139746570247214,0.25763478917259197,0.25763478917259197
StoneCladding,3,0.001,0.09582794142175287,2.763078217880171e-06,2.218865578047706e-14
StorageFurniture,3,0.0009999999999999998,0.0009999999999999998,3.515511147377366e-05,0.0
StructuralSteel,3,0.0010000000000000002,0.13166016169122013,0.010452474827157665,1.0712389396709894e-303
SupplementaryCementitiousMaterials,1,0.6785542006548899,0.6785542006548899,,
Tables,5,0.001,0.16408865218549515,0.03532721448525243,0.0
TileGrout,4,0.001,0.19687008023662156,0.10736403163144416,5.862280321463845e-304
Timber,1,0.7157459257967166,0.7157459257967166,,
TranslucentWallAndRoofAssemblies,2,0.26761030469172675,0.8728611011348584,0.1405818768395427,0.1405818768395427
UnitSkylights,1,0.6372312964886302,0.6372312964886302,,
VinylSiding,3,0.001,0.20869045936182667,0.001973003396439295,6.209201311337898e-06
WallBase,2,0.0009999999999999998,0.12414621519441875,0.00011928794493443731,0.00011928794493443731
WallFinishes,5,0.014491426697639968,0.2334554933533229,0.07064027814405663,0.0014870077645034038
WallPanels,3,0.2922667792403239,0.7040336563285355,0.1138375994038723,0.00037654744914299837
WeatherBarriers,3,0.1110094577764933,0.3524038480650336,0.12259594339432883,0.03478312834491342
Windows,5,0.023990382626959936,0.3100441463911301,0.10788728818970961,0.002005871450603796
WireMeshSteel,3,0.058882051249221155,0.26134251056271807,0.07924390476292212,0.03022995991199423
WoodDoors,4,0.007011560204558554,0.10018524361129633,0.002172320140294187,4.614563994956931e-80
WoodFlooring,4,0.00939192888912741,0.11903732202422138,0.02067765691375679,6.032308281741025e-29
WoodFraming,2,0.0010000000000000002,0.1361054224565194,3.389876094947665e-08,3.389876094947665e-08
WorkSurfaces,4,0.001,0.03197878344823082,0.0009663309608012102,0.0
