dataset,k,min_mode_cv,median_mode_cv,overlap_achieved
dataset0,3,0.06026175857140606,0.07886104142397382,0.07238592325173833
dataset1,3,0.18687197738447373,0.46080841899110414,0.1396209926315385
dataset2,4,0.09508665027807675,0.17423175277757758,0.5224794136017974
dataset3,1,2.509476247817345,2.509476247817345,0.0
dataset4,1,0.011523695988552522,0.011523695988552522,0.0
dataset5,1,1.2223583062814856,1.2223583062814856,0.0
dataset6,4,0.24971787573286902,0.42949708557365346,0.2996927062470146
dataset7,3,0.03798493536275009,0.04721066516443385,0.16200228117978674
dataset8,2,0.09653107066965656,0.28457840062553547,0.017701382578426777
dataset9,4,0.05704964587750516,0.09332881309669974,0.11381190657455068
dataset10,4,0.8906473807317657,2.0949521256605834,0.44964317440873736
dataset11,2,0.1410653508368998,0.16458408033962524,0.02891208078816472
dataset12,4,0.13047326782022858,0.34431893276357317,0.025473970750067788
dataset13,3,0.3460540663346379,0.5207759586493771,0.07279578595631367
dataset14,2,0.08605836278164151,0.1122732451245819,0.7035041612764941
dataset15,2,0.32428068275373473,1.449538137179407,0.22567754781125005
dataset16,3,0.008425483602130726,0.02584503211368131,0.0139595319625175
dataset17,4,0.2132970342401857,0.4790015031597311,0.47966868678565633
dataset18,5,0.028682149402798392,0.055598886725593585,0.027462142624006924
dataset19,1,1.0050953084619245,1.0050953084619245,0.0
dataset20,3,0.0044055007340502075,0.005816233351424274,0.016300758580331344
dataset21,4,0.10367274377375325,0.15027250326386138,0.019396476640397165
dataset22,3,0.11265146891958755,0.1165513728622798,0.01119189602691104
dataset23,5,0.1471606906760605,0.42684990979178605,0.016707132503851196
dataset24,4,0.10776465295475188,0.2697897172614907,0.24206413481656244
dataset25,3,0.152254809880434,0.6356158336987585,0.4642312285063847
dataset26,5,0.1962212294131806,0.4398789022475549,0.3278799720440121
dataset27,3,0.031196401605425292,0.05899880574140684,0.13087874597395957
dataset28,5,0.04849560349582373,0.09021468548478338,0.019283247001689322
dataset29,1,1.0185736292509064,1.0185736292509064,0.0
dataset30,5,0.24961708784618422,0.5862243647216063,0.47343380544207236
dataset31,5,0.4107417141725131,0.9052793431012182,0.5145375209200261
dataset32,2,0.23848856676660082,0.418991171520941,0.3387083659292786
dataset33,1,0.25680227312837345,0.25680227312837345,0.0
dataset34,4,0.48050191310152157,1.1641627553561678,0.2167978464562855
dataset35,3,0.0019965440118860337,0.004360425015837147,0.1082169185730977
dataset36,2,0.07361248046443741,0.16803823303734625,0.012946239082724145
dataset37,4,0.14180694746551412,0.16918732954514365,0.44167726451367273
dataset38,1,0.8759607460428392,0.8759607460428392,0.0
dataset39,4,0.1999258530280799,0.5668713003115954,0.23984820054941222
dataset40,2,0.01511287499113587,0.0261915329405962,0.041490631046318865
dataset41,3,0.71076055549487,0.8548984086017926,0.2218553741564389
dataset42,1,0.6395673057624575,0.6395673057624575,0.0
dataset43,5,0.504338348246291,0.8846688433714857,0.049448325656145514
dataset44,5,0.37529407130816567,1.2841580230976293,0.5613136104402632
dataset45,3,0.7419711840764165,0.8374485670520662,0.6087467089682999
dataset46,4,0.0717657787122252,0.28775113196509816,0.04665418558673318
dataset47,3,0.2931394960097909,1.0304575777097322,0.40591410666425937
dataset48,4,0.006346521387351673,0.021033136190422526,0.01244000944978364
dataset49,2,0.2157102202220777,0.3632503555484512,0.013930482419766469
dataset50,2,0.09596734918744182,0.3546170084886756,0.3999603893212695
dataset51,3,0.3935611533339262,0.4232668317793444,0.2999546874355268
dataset52,2,0.3807876573627742,0.5147312307017228,0.047416431748941244
dataset53,1,0.5845886187335417,0.5845886187335417,0.0
dataset54,5,0.515653016880718,0.5932516683498532,0.17094567976616815
dataset55,5,0.32637430676759976,0.5022485535940511,0.09851102043995522
dataset56,1,1.1377498029407866,1.1377498029407866,0.0
dataset57,1,0.9829113448867092,0.9829113448867092,0.0
dataset58,3,0.2407331510225809,0.28359992557413244,0.01791827288339314
dataset59,4,0.08805311799123276,0.10758747688887343,0.032786233827248545
dataset60,1,1.3349044621135187,1.3349044621135187,0.0
dataset61,3,0.14334944042546213,0.24098182831282175,0.07599350981236203
dataset62,1,1.1581570810019555,1.1581570810019555,0.0
dataset63,3,0.006254965083361312,0.010487070330562788,0.13646506385899845
dataset64,5,0.6606510353275753,0.7126220618444874,0.19065896260304335
dataset65,5,0.17414797143097016,0.635850632277556,0.010129845780583138
dataset66,4,0.17496874918286648,0.21296489840940586,0.10021173717909058
dataset67,3,0.11900977350580638,0.19977256387040326,0.03944203775907235
dataset68,2,0.22514716579177926,0.3711129195786638,0.1893765330025036
dataset69,1,0.8473001851144578,0.8473001851144578,0.0
dataset70,5,0.23108735756461404,0.29893418941486677,0.03112387585474542
dataset71,5,0.24305558436526312,0.3805046753661791,0.04257334317866095
dataset72,1,1.1496168015431072,1.1496168015431072,0.0
dataset73,1,0.46625097891367345,0.46625097891367345,0.0
dataset74,4,0.07920474484880953,0.14876998670665048,0.12817674062593176
dataset75,4,0.25413541776277127,1.2596842081616573,0.3776739264392402
dataset76,2,0.18593155955007146,0.3637500965149678,0.02325829857193699
dataset77,5,0.0466045212477915,0.0787397237581412,0.03742911370410108
dataset78,5,0.095946908363999,0.19745389023932622,0.027896238599109238
dataset79,2,0.2554339340651751,0.3033444024240929,0.026700909867202714
dataset80,3,0.1982567885440121,0.5546073567963817,0.43879968264080355
dataset81,3,0.612801145420766,0.6926543232452447,0.4837508541842039
dataset82,1,1.0697335609147691,1.0697335609147691,0.0
dataset83,1,1.12362888316763,1.12362888316763,0.0
dataset84,5,0.057914469782778234,0.16325549674675438,0.37292347514724683
dataset85,2,0.21115747629482798,0.2740529889951529,0.016226209516104727
dataset86,1,3.2365477793457513,3.2365477793457513,0.0
dataset87,5,0.03737010094563754,0.09076292491568347,0.48729624005774375
dataset88,2,0.7702966648877003,1.085603562105843,0.5578212794966899
dataset89,2,0.22580223625849585,0.35073354943046725,0.05724061937120985
dataset90,2,0.8050375217410728,1.3652176759660188,0.6506432443651973
dataset91,1,0.026156633100892272,0.026156633100892272,0.0
dataset92,4,0.12443219225839047,0.2486612896552067,0.01642008666494008
dataset93,5,0.22181886202569182,0.6814009524524862,0.5397011949238167
dataset94,3,0.0289527421474825,0.06483861467714226,0.24544998038853344
dataset95,3,0.4409656196604317,0.5609799875225646,0.05286436452204063
dataset96,4,0.025224394973634205,0.1184573841865804,0.09206037980895285
dataset97,2,0.43624320694325336,0.6093770981338541,0.1945646489546094
dataset98,3,0.10869736828989507,0.4232039781477289,0.024429392659644267
dataset99,1,0.2738502141025153,0.2738502141025153,0.0
dataset100,2,0.007532697556544851,0.01603959237588536,0.08125690079495079
dataset101,5,0.5120522354577275,0.7178489552853297,0.054419219027525986
dataset102,5,0.6295070782993029,1.043862945732447,0.4272173129127417
dataset103,4,0.4622017999736276,0.6626109129348536,0.178989054049427
dataset104,5,0.3171930501404925,1.0815441274854776,0.07652508878206142
dataset105,1,3.3062166021089037,3.3062166021089037,0.0
dataset106,4,0.24873535493563362,0.7442162679227392,0.07142246957978507
dataset107,3,0.13295312850674978,0.26983838462139575,0.02508982760057034
dataset108,1,0.8025808434988217,0.8025808434988217,0.0
dataset109,1,2.2588784046930055,2.2588784046930055,0.0
dataset110,1,1.253926445678824,1.253926445678824,0.0
dataset111,1,0.9649327781178627,0.9649327781178627,0.0
dataset112,2,0.2883720545713767,0.2887249709959051,0.18751885519302586
dataset113,5,0.411879311785322,0.5014341001079746,0.07366182054712425
dataset114,3,0.9365054223980955,1.2331403415592193,0.5992323577148292
dataset115,3,0.1233192500514463,0.3379888169459073,0.40765734848673035
dataset116,5,0.6113357063373809,1.3972516154418744,0.4810930950207902
dataset117,3,0.4824174953515356,0.6594009148816484,0.19102597280935998
dataset118,3,0.8254830216404315,1.1866346467713993,0.8354425596091893
dataset119,5,0.14277391516819798,0.41929175619552095,0.1543307511790763
dataset120,4,0.16757276046512798,0.2676511085311314,0.021784885837173334
dataset121,1,1.2395897089140289,1.2395897089140289,0.0
dataset122,2,0.23992614520912794,0.25759231474916516,0.052611089099053085
dataset123,1,1.6953366427241554,1.6953366427241554,0.0
dataset124,1,1.44624106332948,1.44624106332948,0.0
dataset125,2,0.061978097038010355,0.17476981913837208,0.010302787843759886
dataset126,2,0.497277324697238,0.6611064460872491,0.1806378645479388
dataset127,2,0.11724245081517382,0.16045521045870514,0.033835530252085314
dataset128,5,0.12281193999959762,0.2726931185954648,0.08119339483431728
dataset129,4,0.36448510544785817,1.2815239502701448,0.5133562589072773
dataset130,5,0.15540197895824623,0.3382684034734465,0.021419981601600073
dataset131,1,0.042279364108751605,0.042279364108751605,0.0
dataset132,5,0.025705422023610237,0.05620125120139626,0.026063498550696496
dataset133,3,0.024208103037621824,0.0687192231353542,0.010928450442456834
dataset134,2,0.36612596714907836,0.3711664108357659,0.042515960936754124
dataset135,5,0.02948589448464254,0.08794001212523482,0.01615671384308678
dataset136,3,0.09943712901988717,0.5627798635346993,0.06700675823753081
dataset137,4,0.05739423091195533,0.22088913501112042,0.016997578692329818
dataset138,3,0.034443592529698246,0.0613698115331247,0.16457410292714972
dataset139,5,0.12758396741996894,0.3445465931322532,0.22606281487300223
dataset140,1,0.41375056861304915,0.41375056861304915,0.0
dataset141,3,0.2584441438327565,0.5433100909616582,0.49668680440664703
dataset142,2,0.048213230181228514,0.12416278138396855,0.028012021947351407
dataset143,3,0.1134478367326924,0.30244540974918327,0.12377955053140063
dataset144,4,0.3757514111174521,0.7231999038706982,0.2364886797060972
dataset145,1,1.1491362481435083,1.1491362481435083,0.0
dataset146,3,0.6163019608448272,0.9347408096573226,0.408370817105218
dataset147,3,0.29616703172173114,0.3174197254782083,0.14375517853312514
dataset148,3,0.04341285242021315,0.047034298349396556,0.029070226735234874
dataset149,1,0.9279746253537156,0.9279746253537156,0.0
dataset150,1,0.7981688037780359,0.7981688037780359,0.0
dataset151,3,0.12007001275850153,0.33002319500781424,0.13875408788518
dataset152,2,0.19313985448844737,0.4943837084433938,0.05672518917436508
dataset153,3,0.2694836812142843,0.3777725601932788,0.11958938004515812
dataset154,1,1.058229766009677,1.058229766009677,0.0
dataset155,4,0.5110801213043826,0.792161018749687,0.40163929159872735
dataset156,2,0.5605849387299708,0.6004053834200219,0.5684214111668814
dataset157,5,0.0323699501214521,0.09245916972475576,0.046799026115720614
dataset158,4,0.016884357836850616,0.022940617679506805,0.043458456228726065
dataset159,2,0.4405008851796009,0.6183688948901683,0.11224900014806174
dataset160,5,0.4315858166793176,0.6106937922427924,0.011129807490135544
dataset161,5,0.03151479739390856,0.09166344527657229,0.031276536915858036
dataset162,3,2.6139496666294093,2.684597984347956,0.4957139316981825
dataset163,3,0.44430030211150773,0.943819183736094,0.18708998299614324
dataset164,5,0.8094805421006147,0.9926195464176032,0.24525273303980244
dataset165,2,0.2477497579031601,1.0774210923072365,0.36579467733051835
dataset166,2,0.13140041880149528,0.2588994164535362,0.12241153341234753
dataset167,3,0.102405566822746,0.2023307886081053,0.08288759487109272
dataset168,1,1.8056834362276655,1.8056834362276655,0.0
dataset169,1,0.6710976401327508,0.6710976401327508,0.0
dataset170,4,0.21209645174045422,0.8845628247970679,0.02051896342947351
dataset171,1,0.30976976370154435,0.30976976370154435,0.0
dataset172,1,1.7798501315071238,1.7798501315071238,0.0
dataset173,1,0.8031440924488367,0.8031440924488367,0.0
dataset174,1,0.9132384550113409,0.9132384550113409,0.0
dataset175,3,0.1270617727254851,0.18876682357416047,0.04786148024666916
dataset176,2,0.1136503191964922,0.47727544438403174,0.17680407914765872
dataset177,5,0.23047398963417365,0.40669277855711605,0.231954508223446
dataset178,3,0.629586901462233,1.2261371302974,0.5260608447532593
dataset179,1,1.1562573723426002,1.1562573723426002,0.0
dataset180,5,0.003342621485288414,0.006188611074706164,0.3637455399194672
dataset181,5,0.3967496139165441,0.5801474537045029,0.10244441258519066
dataset182,4,0.03451720382517611,0.13702316961002226,0.09506035184387812
dataset183,5,0.02835375066246234,0.045793696588452705,0.19878607437478252
dataset184,4,0.24034871402297583,0.8110177831959583,0.016446517570683765
dataset185,2,0.302719961695757,0.3617063258308014,0.02149138081187486
dataset186,4,0.1256637842769937,0.32218879822901203,0.41815526399728187
dataset187,1,1.1735510815685628,1.1735510815685628,0.0
dataset188,5,0.19740359060250848,0.21457292107904705,0.12459701957951022
dataset189,4,0.05518185674285331,0.16262230875745043,0.27685771909829426
dataset190,5,0.19278615053355988,0.3683974259168417,0.3007874152090127
dataset191,5,0.24770966359532115,0.7037230938979231,0.33772388825583105
dataset192,4,0.049095481475835694,0.13138454221322077,0.0216394508531966
dataset193,4,0.01924827439452296,0.054963244826024854,0.05984541918725526
dataset194,2,0.5294170621793519,0.7386983085523355,0.08693790825437248
dataset195,3,0.13895368550089637,0.9003137530142411,0.023713570612385486
dataset196,2,0.20260397799822802,0.20438692129532476,0.0774645504382471
dataset197,4,0.49834168051613187,1.153453859053516,0.3881773096925773
dataset198,4,0.011639653654612355,0.044413672448559115,0.1035468230932165
dataset199,2,0.7032773534616075,0.9286558241899987,0.6557060771637385
dataset200,2,0.18162360142422945,0.493671965690778,0.05755041592411627
dataset201,3,0.06675990321618303,0.11428899817002729,0.09184493682430148
dataset202,3,0.06722828866816669,0.07082315221798273,0.05258589501413828
dataset203,2,0.17737550336071622,0.538145417229384,0.22246079142019004
dataset204,3,0.27907366105016207,0.9741519835347795,0.18422151093093644
dataset205,3,0.053617828821679744,0.1007908111989424,0.031269751079350046
dataset206,2,0.17220402693682754,0.30375055212323177,0.19269986560763774
dataset207,5,0.06319365806331685,0.10745140894247139,0.04355803201652517
dataset208,1,3.2233302540448414,3.2233302540448414,0.0
dataset209,2,0.03427919587263109,0.07018588414230847,0.0170284477947337
dataset210,1,1.11601173425806,1.11601173425806,0.0
dataset211,4,0.7177583847692881,0.9542039393041379,0.48516520119149015
dataset212,1,1.3592935802221096,1.3592935802221096,0.0
dataset213,3,0.03193068144895699,0.05612537515810873,0.02464548937483863
dataset214,3,0.06414820647223388,0.0704172368032155,0.02010320946640457
dataset215,4,0.009596005930748067,0.03211912228424868,0.012739116658171415
dataset216,2,0.3177965999423141,0.3275463292472318,0.010735798790431806
dataset217,4,1.1030470943471127,2.6650782129435227,0.05599406487683807
dataset218,2,0.10537452922813421,0.18036897925119152,0.045537789020747343
dataset219,3,0.044519789094121937,0.08477219258331778,0.010244616325532963
dataset220,5,0.13684960463918408,0.5507580359490836,0.01702128936622539
dataset221,3,0.21269320765402067,0.22275175037495965,0.323795015622704
dataset222,1,1.0111747311332453,1.0111747311332453,0.0
dataset223,2,0.9147432975048799,1.3840389249350178,0.6704974977759781
dataset224,4,0.36283048190750483,0.8474971858118199,0.25901534565958984
dataset225,1,0.8972467389796391,0.8972467389796391,0.0
dataset226,4,0.1679571415825831,0.33261715604663056,0.09725170598218325
dataset227,3,0.5927403960739921,0.6531016992746945,0.042889064017780996
dataset228,3,0.2537472953434629,0.4360613261379738,0.3984132167407122
dataset229,4,0.016799266429874452,0.08442233995979753,0.0218553646539668
dataset230,2,0.3235975953409284,0.609548754543991,0.04689623072856527
dataset231,4,0.2041675483620186,0.5982250885226489,0.04071885114663636
dataset232,1,0.8566620195492975,0.8566620195492975,0.0
dataset233,1,1.8359616785850128,1.8359616785850128,0.0
dataset234,3,0.42903255451790534,0.4324303426531391,0.327614034161178
dataset235,5,0.7506496759655545,1.7399132446525893,0.36667633922380966
dataset236,3,0.08735774927273826,0.2321515609337165,0.10055103519113873
dataset237,1,0.476133796161628,0.476133796161628,0.0
dataset238,2,0.622413463389102,0.6368070962151828,0.33867125264338305
dataset239,5,0.18635311335897592,0.26103702598846296,0.015936715031437187
dataset240,2,0.1889491936840333,0.31561159136089,0.019285007740547068
dataset241,5,0.1783604857769018,0.27945449231923475,0.062032330399747856
dataset242,2,0.7505742365928038,1.3650222832711676,0.6020149323571069
dataset243,4,0.48456425487451615,1.2076377367262234,0.24461743260765662
dataset244,5,0.2468398958585044,0.506898440866498,0.2353986386322457
dataset245,5,0.1360707028268717,0.22276736022925367,0.013685646374677807
dataset246,2,0.03388046422846652,0.06381758685082946,0.016581450027077345
dataset247,1,0.8890269471881792,0.8890269471881792,0.0
dataset248,5,0.1674242022714781,0.36426933943291295,0.1125546327197782
dataset249,2,0.03945261213724617,0.09242703881281963,0.45321745548512304
dataset250,2,0.287906462800649,0.36561927973740693,0.049233628625146506
dataset251,3,0.08907913532320189,0.1444558658123161,0.32440009267507863
dataset252,3,0.08234664838713932,0.12307502032220419,0.22126822622363596
dataset253,3,0.06501963769500588,0.1750814216593318,0.03931675635974734
dataset254,2,0.46753504263310136,0.583815806956432,0.06376476827146074
dataset255,4,0.5633042351135229,1.090855203229903,0.5068340509263254
dataset256,2,0.008237310635315739,0.026921749664717193,0.01044532069307453
dataset257,3,0.471431037141568,0.651846110205963,0.4425266022740335
dataset258,4,0.15110027387568636,0.2587311002002991,0.024425961997755503
dataset259,5,0.14617567996079034,0.15065576904523692,0.044776199880696366
dataset260,4,0.05493586707799023,0.15053933160364427,0.1879935308779766
dataset261,1,1.1290960975918964,1.1290960975918964,0.0
dataset262,5,0.07494220087379909,0.11715500723690701,0.023136110667975322
dataset263,3,0.06867137402417452,0.1163893893718389,0.5134044608232889
dataset264,3,0.4363175120751678,0.756914981514928,0.3302297289581696
dataset265,2,0.48754484252581265,0.5947809454675212,0.24704851669708713
dataset266,4,0.12116376342580122,0.19714319833130511,0.01492341264860184
dataset267,4,0.0758118289299065,0.2283859303140106,0.25317051584910544
dataset268,4,0.06154737464357395,0.09101594350622813,0.01027031591453311
dataset269,5,0.14868432182829008,0.5277159753749966,0.14591602530567066
dataset270,2,0.2611458420480959,0.5752435882855231,0.057517959262165554
dataset271,5,0.3101791103518268,0.8982147622136047,0.2158699700563681
dataset272,1,0.722801326147074,0.722801326147074,0.0
dataset273,1,0.9682987734507091,0.9682987734507091,0.0
dataset274,1,1.1609794142137495,1.1609794142137495,0.0
dataset275,3,0.009240939772536956,0.031214355009084874,0.24678756054511436
dataset276,1,0.7679984366411082,0.7679984366411082,0.0
dataset277,4,0.014152221902561728,0.02279289998372877,0.018863768557798786
dataset278,3,1.0379507995220416,3.4265578909022274,0.018477530692230057
dataset279,2,0.5359300400057553,0.7096627386205674,0.21811534288209888
dataset280,1,1.9390227661607766,1.9390227661607766,0.0
dataset281,5,0.2126002813975669,0.38702585868626194,0.2919160008782703
dataset282,3,0.0280293496121843,0.05900401776246246,0.06245690185464387
dataset283,5,0.1510777423635345,0.24116017741894447,0.03396620091079242
dataset284,3,0.09568881801631002,0.3041928318521282,0.02200320194292682
dataset285,1,0.9313006110839901,0.9313006110839901,0.0
dataset286,1,1.1599768032026452,1.1599768032026452,0.0
dataset287,2,0.10925367824326976,0.10957459951017623,0.4135238792595575
dataset288,3,0.15363828275360122,0.3325093586143523,0.15654791885808617
dataset289,3,0.12431214316575134,0.14542857188747546,0.43914194632184345
dataset290,3,0.6553284604142106,0.8535305097006874,0.8366337750833142
dataset291,5,0.0729563510822426,0.10687692362827446,0.18959362796332557
dataset292,5,0.4345839959166749,0.8242314264443783,0.15441584426146437
dataset293,4,0.14436349195469206,0.46753510141787935,0.010669267435886934
dataset294,2,0.1240958916234915,0.1542928483127552,0.4036247230290665
dataset295,4,0.06919971188960096,0.08362389244156235,0.6245525328445156
dataset296,4,0.15871954737109878,0.5301478440230225,0.06747085685113925
dataset297,1,0.9180330857344072,0.9180330857344072,0.0
dataset298,1,0.23630136150076642,0.23630136150076642,0.0
dataset299,1,0.06643320300198069,0.06643320300198069,0.0
dataset300,1,1.1486739079520312,1.1486739079520312,0.0
dataset301,5,0.04593173103546082,0.07592251278177965,0.01100246114829329
dataset302,2,0.16849840848128161,0.2644327337084125,0.024299536068324582
dataset303,5,0.1554279820268799,0.37595837268672544,0.07842748457774437
dataset304,3,0.03411507748154429,0.09157794868772574,0.030294081453643797
dataset305,3,0.12482398809495336,0.16301585321115047,0.16021193038356696
dataset306,2,0.03009777153733932,0.07785441767771256,0.01699076900755092
dataset307,3,0.13910644092665111,0.23615350638868773,0.16374879940735682
dataset308,2,0.43614062688687766,0.4451037402152215,0.03529799674972385
dataset309,4,0.05051495534976048,0.06813097002995548,0.5392212802164943
dataset310,3,0.4467784420123802,0.7438035271069762,0.5168368390373295
dataset311,1,1.1947654203298403,1.1947654203298403,0.0
dataset312,3,0.11252965282694913,0.12087064180739791,0.32680988520127174
dataset313,4,0.6229201546963802,1.0282329078962655,0.5471682208698267
dataset314,2,0.24454321071788818,0.39685720173306194,0.020021951043176167
dataset315,5,0.10909890886091335,0.28617868765749543,0.2510090708364432
dataset316,4,0.12229435666440135,0.2411081293138439,0.025305630388151666
dataset317,3,0.33127711418341826,0.5342487270009546,0.16086696621291532
dataset318,4,0.4614343952123815,0.4841850818856924,0.2257044028902358
dataset319,4,0.11165692562045385,0.33249788782797846,0.050123331398957825
dataset320,3,0.23957290357821212,0.6083985063267346,0.24650343949263723
dataset321,1,1.4353345898690357,1.4353345898690357,0.0
dataset322,1,0.23122501238099152,0.23122501238099152,0.0
dataset323,2,0.04550149048908577,0.059423106498436906,0.05023673849240636
dataset324,4,0.16386813025792482,0.24865479227058676,0.07678573741934677
dataset325,2,0.7898110981136136,0.950467776115,0.5785816232314134
dataset326,1,0.5542657479501948,0.5542657479501948,0.0
dataset327,2,0.41153609372347233,0.6271373586537801,0.23581160548875058
dataset328,4,0.13258068563765135,0.5532259468918008,0.010591754081701685
dataset329,2,0.34143403768944347,0.3789544287613985,0.23085662737866453
dataset330,2,0.0969478859094827,0.21946169397532683,0.17438067993445994
dataset331,1,0.902378105034695,0.902378105034695,0.0
dataset332,3,0.512565878499045,0.6079467821638433,0.38428632288298825
dataset333,4,0.17317463611561607,0.28760272804294407,0.01499255959391612
dataset334,5,0.07200978408085772,0.5137955180010144,0.028644158993954106
dataset335,2,0.12606694182366904,0.2881483697592928,0.010999549625348295
dataset336,1,0.7601770683416202,0.7601770683416202,0.0
dataset337,2,0.058007966812952935,0.06799303094269674,0.08695235415969603
dataset338,5,0.13692594314608694,0.20094468189246545,0.04168569422929845
dataset339,4,0.05561965808817604,0.2675311492493455,0.015974402202571895
dataset340,4,0.04964252201624782,0.0787700602707182,0.0948089988175905
dataset341,3,0.23117244264927522,1.3323566758344567,0.25874635671735985
dataset342,3,0.27225472152806673,0.5111797843633142,0.14213438841187184
dataset343,4,0.5783456947961046,0.8201550264175561,0.4709286742566371
dataset344,1,1.1692078788304234,1.1692078788304234,0.0
dataset345,5,0.33379273751543254,0.45940256791533096,0.015091720654163431
dataset346,1,0.326039272912896,0.326039272912896,0.0
dataset347,4,0.022354382124600843,0.04656217662759135,0.06660687600646287
dataset348,1,1.059392383382124,1.059392383382124,0.0
dataset349,5,0.13829407239038802,0.2972256411345971,0.061312069032644106
dataset350,5,0.183011040569087,0.4002204768225648,0.4397172036810427
dataset351,5,0.4707557713577464,0.9239017073387349,0.43635431171859457
dataset352,3,0.06923791249307398,0.1199929170595172,0.03659309934296037
dataset353,4,0.06229332224920069,0.12420044039800524,0.07759941544803103
dataset354,2,0.24018546337995358,0.42788294657315085,0.03473846612121675
dataset355,4,0.36132461095407725,0.904419079778099,0.3717064521035912
dataset356,3,0.006071042251412131,0.011296004034834837,0.0481180893722754
dataset357,2,0.6725033430062851,1.0115137701865269,0.6180469864996438
dataset358,4,0.3313650572970711,0.7689675575839028,0.08853380909123557
dataset359,2,0.1409902043758057,0.20112687281903807,0.014810837494568914
dataset360,2,0.5092820006833277,1.7841624108393959,0.3733135057458533
dataset361,2,0.10144433976861687,0.36683057987828827,0.05802219504262306
dataset362,2,0.14137434621534042,0.22876122253001407,0.035357498388655276
dataset363,5,0.12355419347072345,0.6442794988007158,0.39180363030514836
dataset364,3,0.16427179691769161,0.3741698811307183,0.025487493578201417
dataset365,2,0.39427070140243314,0.7385979351096587,0.33270928672919575
dataset366,2,0.08664937640022709,0.13588163383124569,0.02418231229583987
dataset367,2,0.4378931749231942,0.500413320835822,0.09383213499835441
dataset368,4,0.14677048262435988,0.5515989642151579,0.01291624802033188
dataset369,1,0.2619619922096298,0.2619619922096298,0.0
dataset370,2,0.04591394159763416,0.18651475766348163,0.030733536320497322
dataset371,3,0.4651773387520891,0.5465370324410009,0.02220922018128253
dataset372,1,0.09478638483196518,0.09478638483196518,0.0
dataset373,1,3.1628520806488223,3.1628520806488223,0.0
dataset374,2,0.04890218077044054,0.11747825496093917,0.04025250790021066
dataset375,2,0.4916821455516844,1.2589661266629624,0.5033041651303984
dataset376,2,0.2442995257268662,0.4138981130941859,0.0294868267158333
dataset377,2,0.03131260444164971,0.04187834321789141,0.19493166807575024
dataset378,1,1.203303729770335,1.203303729770335,0.0
dataset379,3,0.06315551927219638,0.07837930809081425,0.14034454561051926
dataset380,2,0.1774087741666959,0.9048983484068972,0.25741057136357615
dataset381,1,1.09465064549311,1.09465064549311,0.0
dataset382,5,0.011254209252454211,0.05049380725122552,0.029232739957766245
dataset383,5,0.04245397771148476,0.24356841394922,0.05241268738216801
dataset384,4,0.12286924642327314,0.30912793742879713,0.021809415950079174
dataset385,5,0.24974240426541267,0.40725788767124727,0.028318163265299116
dataset386,1,0.2111925473562396,0.2111925473562396,0.0
dataset387,3,0.187241475309832,0.21473238798479277,0.16954578121667424
dataset388,2,0.4088579737866957,0.42378504224229746,0.058132542508611704
dataset389,3,0.06099999436654058,0.2830000838169428,0.025202836009752226
dataset390,3,0.1462569138119496,0.17820292963586748,0.01097520922519407
dataset391,5,0.061382490882909584,0.1429652230962571,0.01175624642723268
dataset392,5,0.14938187299623562,0.42160636384902533,0.04179875386073051
dataset393,1,1.0378830765231464,1.0378830765231464,0.0
dataset394,4,0.7046685918075508,1.2741471171219922,0.10212012428785833
dataset395,2,0.29584049052759476,0.47056533297888214,0.03290722403663775
dataset396,1,0.20667785912844008,0.20667785912844008,0.0
dataset397,3,0.07480058120681488,0.11158642628619855,0.0737542859437803
dataset398,1,0.24400816042638193,0.24400816042638193,0.0
dataset399,5,0.031247279887360226,0.07240424760217211,0.044132420265709515
dataset400,3,0.15330112932160303,0.6099274298132177,0.017037366340473176
dataset401,2,0.20334095863875354,0.574553712888534,0.051835626223191524
dataset402,2,0.27352726571130853,0.28768502999021306,0.016243410424348143
dataset403,4,0.061437332200765464,0.13261730242048492,0.5701456606405534
dataset404,5,0.17047407789100832,0.20031621813215225,0.022314012331114994
dataset405,2,0.652557742752698,1.64968033501665,0.17863112318008278
dataset406,2,0.22308732231362252,0.676583672571775,0.17850193343138443
dataset407,3,0.15364077645215454,0.21756294721801298,0.02416515685468784
dataset408,4,0.18641080489477507,0.3881002177920498,0.16463067818525517
dataset409,1,1.7949142788852146,1.7949142788852146,0.0
dataset410,2,0.4424079742556272,0.5576655002867267,0.19926409449470062
dataset411,5,0.17339863685237958,0.22606372777726336,0.09063579087036525
dataset412,4,0.33629821581518365,0.8284854925296575,0.36756269461328
dataset413,3,0.24293678782993233,0.360281833091785,0.022989516610582482
dataset414,5,0.2370337974608617,0.47421422075521436,0.11624699095931999
dataset415,1,1.1189425552875518,1.1189425552875518,0.0
dataset416,1,0.16408499138528146,0.16408499138528146,0.0
dataset417,5,0.10986161994332774,0.14316215230097293,0.010697506548501027
dataset418,3,0.4530916951689926,0.6745505272699034,0.17567411827581847
dataset419,5,0.2295771737266129,0.6652558688542733,0.2603262808924972
dataset420,4,0.03679568976332336,0.09059873277618817,0.06959269367056953
dataset421,3,0.10169232444848737,0.16290684618177426,0.014510657915557168
dataset422,3,0.03892934754877263,0.053504352346442983,0.08010732846985931
dataset423,4,0.2614526165780748,0.5855098583730899,0.3037475769457104
dataset424,2,0.06759684220306862,0.0954552905668744,0.12639363870260933
dataset425,1,1.0592113557440135,1.0592113557440135,0.0
dataset426,4,0.3401423602339268,1.116609368336832,0.32017203763975044
dataset427,5,0.18876809531313743,0.6988332575913117,0.2792938272252091
dataset428,3,0.027802594851520066,0.05509836662357605,0.011662178043804828
dataset429,3,0.3669777406823273,0.44945483625196575,0.07109776393874817
dataset430,3,0.2843482222643765,0.8223032269999567,0.38810116344613477
dataset431,5,0.26797858532134694,0.4079031276725532,0.18252095058445106
dataset432,1,0.0766795243285069,0.0766795243285069,0.0
dataset433,1,0.9554788193317676,0.9554788193317676,0.0
dataset434,4,0.6338187314473165,1.321525865071127,0.6000061225533571
dataset435,4,0.13503566875869788,0.3626801627324312,0.020775542791874407
dataset436,5,0.15748814324718707,0.6432602423555787,0.3214726716233393
dataset437,5,0.04169239088154802,0.3018499495356809,0.02909231106506638
dataset438,5,0.2787059563889317,0.4010466313164559,0.0343884402405666
dataset439,5,0.07130979996038131,0.3677382809871238,0.027409589903601445
dataset440,3,0.03516283121642379,0.0590009056172135,0.026610880499626396
dataset441,3,0.3700155302381964,1.2459348075497039,0.2622273075387991
dataset442,3,0.27560376234404166,0.32486521520959133,0.2243272986965495
dataset443,1,0.0961576065466814,0.0961576065466814,0.0
dataset444,2,0.009322779827296826,0.01437622803017478,0.029274364380707824
dataset445,5,0.04873564656837558,0.11684346299408452,0.3162389417569086
dataset446,3,0.10770704296299716,0.11190249973733303,0.06040249329365015
dataset447,5,0.9101999490425065,1.316028817331456,0.749596057847161
dataset448,3,0.06346937136428397,0.1555246965948427,0.011875325580549219
dataset449,5,0.16080644222254664,0.27045544463584525,0.10582654308961273
dataset450,2,0.16538307428847124,0.49644727227184066,0.043771082927159616
dataset451,3,0.01699154215447884,0.02819868867540642,0.02805206902825777
dataset452,3,0.05167697601304693,0.060376155556423054,0.14194512988572233
dataset453,5,0.04772840623082524,0.15529451390319354,0.013127837475361582
dataset454,5,0.07350126266025322,0.3429722379240614,0.02139340672284677
dataset455,1,0.35989547978208913,0.35989547978208913,0.0
dataset456,5,0.1840408214741955,0.21049668332297589,0.0930010600594125
dataset457,1,0.40653810358317105,0.40653810358317105,0.0
dataset458,2,0.9258186839589229,0.9872308401788381,0.6785706714397003
dataset459,3,0.918782939455362,1.3850061484695917,0.6923633201511254
dataset460,1,3.2995075310604984,3.2995075310604984,0.0
dataset461,4,0.049038689864468056,0.09080581867184265,0.01211881760955591
dataset462,1,0.8430614775694872,0.8430614775694872,0.0
dataset463,3,0.31299530756166355,0.6370503387359255,0.07400092413774619
dataset464,2,0.21961445798682486,0.27328403882452107,0.022547681072263598
dataset465,1,0.18290913474534734,0.18290913474534734,0.0
dataset466,4,0.1468514787107986,0.44705476565218655,0.011094556009423925
dataset467,2,0.11865591206562867,0.12104305515020669,0.011135750344973466
dataset468,3,0.2911162395007687,0.662653408035739,0.053316606844625775
dataset469,5,0.1267999594384215,0.4172546198813412,0.081251522704893
dataset470,5,0.49015804180095063,0.7129483228904234,0.4484809628336361
dataset471,3,0.3212812622324494,0.3955071540700251,0.03506233965790774
dataset472,5,0.0990560104035689,0.1555398280911718,0.04092339339979162
dataset473,2,0.08646981424959369,0.17115560960519444,0.03296090131204213
dataset474,5,0.015318270116014263,0.028262618340214846,0.2761406354390581
dataset475,4,0.2902444163278622,0.5731367304642021,0.1699229195663826
dataset476,2,0.6040332435811387,0.7710668302037003,0.06254551392217056
dataset477,3,0.3291836079416349,0.3298784929257271,0.33240793976086114
dataset478,2,0.13495759083077125,0.3227360689620298,0.07460622771631818
dataset479,3,0.24010543173324533,0.322072342851365,0.07894007712169877
dataset480,1,1.2367978900522691,1.2367978900522691,0.0
dataset481,5,0.16296672414354899,0.43009090032642294,0.16811097925928092
dataset482,5,0.19638773948249796,0.45401728221226983,0.2620064634120342
dataset483,4,0.2039221299734899,0.44760253491098057,0.1283507417387947
dataset484,1,0.14093054226824916,0.14093054226824916,0.0
dataset485,5,0.12891889594640993,0.16677734903352393,0.0159098011283616
dataset486,1,0.9434846252946031,0.9434846252946031,0.0
dataset487,4,0.07522881220999271,0.21807441574990266,0.08082332866062941
dataset488,2,0.593343100806262,0.7537584007657457,0.7450418553866445
dataset489,1,1.173828685270776,1.173828685270776,0.0
dataset490,1,0.32091276497059706,0.32091276497059706,0.0
dataset491,4,0.37414639380809633,1.1958014660326088,0.34880660940494096
dataset492,5,0.2085917175501632,0.32143394801361347,0.01114521880755337
dataset493,5,0.6887924745484747,0.9514436141361015,0.3435937691771607
dataset494,2,0.6613315966677111,0.8624739141283243,0.5038618820958358
dataset495,1,0.9388155231060311,0.9388155231060311,0.0
dataset496,5,1.023386267812566,1.559988520715548,0.4359575975921982
dataset497,4,0.15200898474073737,0.24570318785751355,0.0602812685135192
dataset498,4,0.09786128073619389,0.20065871285604958,0.011243009230569551
dataset499,5,0.17977633548712746,0.28064314996691875,0.016544915237719338
dataset500,3,0.15205434781690375,0.65227038128549,0.1363450320949741
dataset501,5,0.1166186181591647,0.2492364144012372,0.06722639056812121
dataset502,5,0.12101682602977527,0.39480363820232506,0.010114203692768133
dataset503,4,0.14650303873887358,0.46853418176467676,0.44182424130157566
dataset504,2,1.5678320650995774,1.5881135113500489,0.5864409424578572
dataset505,2,0.5117884969001583,0.8798084804357588,0.07661407204521986
dataset506,5,0.12352143016301356,0.25847284709804663,0.2182377705768315
dataset507,5,0.04755362133069406,0.06793242270138343,0.011466242643550723
dataset508,2,0.12171603062025221,0.15941071077901098,0.0116500998885866
dataset509,3,0.5031664467121021,0.5879949536472872,0.1614983470410869
dataset510,4,0.005269119723279917,0.016951644904187508,0.019623372090099237
dataset511,4,0.409195887304479,0.6387802867993435,0.2516503571985097
dataset512,4,0.20778130835749095,1.1852248166028851,0.34032766062348024
dataset513,2,0.1478396574621239,0.20799973730509008,0.016214790983913492
dataset514,4,0.35039910729162704,0.8123839049426422,0.16873229276969892
dataset515,4,0.35852475749890483,1.127079230634117,0.5726612365687254
dataset516,2,0.033878833188277474,0.04938355156988693,0.10564466699194999
dataset517,1,0.03205072711807499,0.03205072711807499,0.0
dataset518,5,0.024704583947228506,0.054000986373260736,0.2122637303450346
dataset519,4,0.20318574366878692,0.30365090939557665,0.029632807050263815
dataset520,2,0.6201491826000146,0.625606869743783,0.26171529326343335
dataset521,2,0.316160004738934,0.3842342400897323,0.2509675523302765
dataset522,3,0.6549163221366275,1.8631812439801725,0.3821106743020084
dataset523,2,0.1439215662555703,0.39918793703574235,0.08271746350914339
dataset524,3,0.5942633426887795,0.8380296998927498,0.40773752765167026
dataset525,2,0.05246418504231636,0.09060341351883462,0.020669915255062465
dataset526,1,1.275526460125525,1.275526460125525,0.0
dataset527,5,0.20149915623952308,1.0461791025581912,0.22092834264994854
dataset528,4,0.33705502292122125,1.2334150229025536,0.2551272708603571
dataset529,1,0.5083510571623531,0.5083510571623531,0.0
dataset530,4,0.039877973054308784,0.19469077460538037,0.15376800273567937
dataset531,5,0.043961746978821964,0.21221163751118938,0.02448017857243704
dataset532,4,0.3365661426157271,0.48169998345693943,0.1575371963943234
dataset533,1,1.1410731858147265,1.1410731858147265,0.0
dataset534,5,0.2958224100357917,0.3991665899067768,0.017068739815253225
dataset535,2,0.018644424754068797,0.06888194614813926,0.028081118693851825
dataset536,4,0.4313261427516571,0.6419554617187175,0.24802486998758394
dataset537,3,0.19332727576427575,0.3337124768410324,0.06190134305160938
dataset538,2,0.28752922097474387,0.38500807792802716,0.11428680126195617
dataset539,4,0.10036904284125225,0.20943594767947987,0.09984385492684665
dataset540,4,0.055571552482829585,0.11288101425648217,0.7396488045394187
dataset541,5,0.21852584493172247,0.3948884515682251,0.06563057789070115
dataset542,1,1.5758268644084423,1.5758268644084423,0.0
dataset543,3,0.5658057989163385,0.9833186600567533,0.23128084289278122
dataset544,5,0.1360536706860999,0.26139226947283073,0.15437540372715536
dataset545,3,0.30027327503071777,0.3411770395425061,0.06812263813710975
dataset546,5,0.24192099554357793,0.6953985803261065,0.13573665328571127
dataset547,3,0.21763897520677405,0.6060536470106049,0.1364735630922161
dataset548,4,0.04065694584231268,0.06490237173384644,0.01891914249363547
dataset549,3,0.17866599839800767,0.207223701363374,0.015561132479754245
dataset550,2,0.20061173794030887,0.23816890090259285,0.03280016006109379
dataset551,3,0.10114338427495899,0.15116172517750218,0.05018374300374259
dataset552,1,1.2504748941043295,1.2504748941043295,0.0
dataset553,1,0.9992790498657466,0.9992790498657466,0.0
dataset554,5,0.19949334555505688,0.34842615315260944,0.03850648712062713
dataset555,5,0.08186439931422873,0.11327985722374379,0.027649633231373656
dataset556,4,0.17450704569253445,0.23760220623189737,0.32701966788754483
dataset557,5,0.4218047427363597,0.5786886152871915,0.5551893959626533
dataset558,2,0.16795063084077286,0.23464748809014013,0.05111842557930561
dataset559,3,0.34796043678548333,0.8086417143907731,0.362624570471365
dataset560,1,0.8824760297624974,0.8824760297624974,0.0
dataset561,4,0.4926404789897159,0.5405777811637174,0.2120850494420914
dataset562,5,0.13155745092739266,0.313755082954371,0.11049805530456903
dataset563,4,0.041057291422336294,0.10968862438568587,0.032640741991431035
dataset564,2,0.34580616231216765,0.8911541829874365,0.4546951476425785
dataset565,2,0.9830878694906181,1.0338883329865936,0.22569335270930377
dataset566,4,0.22876655858655137,0.29821189234373224,0.021735084285526944
dataset567,1,1.1400825427000236,1.1400825427000236,0.0
dataset568,1,0.8291378564258316,0.8291378564258316,0.0
dataset569,5,0.06430061719632237,0.19436967937610808,0.02363326504332615
dataset570,5,0.2466298869111049,0.7773822239423025,0.30973228773633904
dataset571,5,0.07269618760959126,0.13435181507952865,0.2995297769259074
dataset572,5,0.04818439608819807,0.20709394182558916,0.13379517571011731
dataset573,1,0.7349057933030256,0.7349057933030256,0.0
dataset574,5,0.34188755499565304,0.4337702216186431,0.030042595567309715
dataset575,4,0.12757158215003278,0.3207863802190596,0.013914443885238208
dataset576,3,0.5309875401953106,0.939259245430441,0.5744738426025888
dataset577,1,1.147476773983818,1.147476773983818,0.0
dataset578,3,0.20492097670603296,0.41063809133510837,0.02836277408958529
dataset579,1,0.7379071170650368,0.7379071170650368,0.0
dataset580,3,0.21935928200731192,0.36316511360382403,0.03464292212805431
dataset581,2,0.3416860997783521,0.4953302276299495,0.01056490252049726
dataset582,5,0.41322036661421313,0.8081632181651569,0.3102576566134278
dataset583,4,0.5741642531361963,1.0612658169623548,0.5360569554551287
dataset584,2,0.38601045057419714,0.47608010338335804,0.1406510760177311
dataset585,1,1.1949364176034158,1.1949364176034158,0.0
dataset586,2,0.1105381834602153,0.12809412542316714,0.32342710276344533
dataset587,2,0.029242306694496217,0.04468200411396907,0.01503742168247405
dataset588,4,0.05873286535756202,0.14213004445764427,0.019288463883486633
dataset589,5,0.5804348385634986,0.7503996339317152,0.2547661473002098
dataset590,3,0.23981152720128038,0.5036865424847105,0.15323392753847742
dataset591,4,0.6123772950938784,0.9006116317285419,0.20620849554419532
dataset592,4,0.06737226938657725,0.10228595651017162,0.012708046924024895
dataset593,2,0.036656793058966554,0.14452522498202652,0.04730301621321263
dataset594,4,0.13119275588873514,0.315566882769245,0.02415617721784749
dataset595,1,1.382551486163962,1.382551486163962,0.0
dataset596,1,0.03532177151294607,0.03532177151294607,0.0
dataset597,2,0.20546536992512135,0.3981383346995658,0.031033623712107605
dataset598,1,0.333244802598222,0.333244802598222,0.0
dataset599,5,1.02109448027968,1.0356850664944537,0.568706086462519
dataset600,2,0.3640639997975447,0.6593838048371741,0.2732132900844958
dataset601,3,0.22001814015084004,0.6519232163739453,0.14931820504657692
dataset602,2,0.18284614440524305,0.30904156614285283,0.0170847872130157
dataset603,3,0.5149352103962728,0.5765940665611304,0.17084308896309006
dataset604,5,0.2098361903371933,0.3911780962030452,0.04602516790549604
dataset605,1,1.215595441298117,1.215595441298117,0.0
dataset606,2,0.06714223132514781,0.10463835437923147,0.015475837613075041
dataset607,2,0.3089181544322575,0.7396653849646997,0.021312869210717424
dataset608,3,0.21720502927179816,0.22079266183936197,0.01944116128867192
dataset609,4,0.3972359486092297,1.4942988240663677,0.4476133330723676
dataset610,5,0.28259711885986,0.4858118936076162,0.014563241055120036
dataset611,4,0.04962803181910372,0.2060655555930927,0.31872322708645956
dataset612,3,0.015190589167622653,0.05298375092622804,0.012687471120769428
dataset613,2,0.14790838574337928,0.4793761738579685,0.06772974198294325
dataset614,2,0.3775495141451795,0.507336827966965,0.21202482598802355
dataset615,1,0.2922321863097305,0.2922321863097305,0.0
dataset616,4,0.13255531646237997,0.5621070102289036,0.14585859599459144
dataset617,4,0.20891618999414727,0.5138657781744169,0.08974518473082195
dataset618,4,0.08422931052480521,0.26133772261268284,0.05759043251573958
dataset619,4,0.18657985921430253,0.3478736083165763,0.09275004992693606
dataset620,5,0.4041322772290944,0.5148105768880513,0.05632692264655225
dataset621,1,0.0972702429562342,0.0972702429562342,0.0
dataset622,1,1.2261908759610174,1.2261908759610174,0.0
dataset623,4,0.013736826835559142,0.020067888527682792,0.39299662784187295
dataset624,4,0.029581199497816135,0.033236059304839444,0.10355937609733798
dataset625,2,0.17529393645304062,0.22955171332659058,0.01013549518312713
dataset626,2,0.12238676972151862,0.13584121787984188,0.11199449425232089
dataset627,3,0.42059503919408486,0.49214185995950754,0.10620077194239216
dataset628,5,0.24071134994452334,0.44032483918235515,0.09728940261262277
dataset629,3,0.47359761284964075,0.61072046429734,0.028134224394092598
dataset630,2,0.11964168840034119,0.13557580832344834,0.214485180621345
dataset631,5,0.22152067204258669,0.31185767503761586,0.3401947243760683
dataset632,4,0.2651844653236801,0.3782554530008645,0.2825355017134437
dataset633,5,0.17694915885138754,0.9447018429248041,0.06143169554079165
dataset634,3,0.07823742139114608,0.08324136095251695,0.06267000179181706
dataset635,5,0.10744290846660866,0.24438599614730677,0.0830289657564634
dataset636,4,0.3078434369522043,0.44459490050394,0.027194286748054776
dataset637,3,0.12046295754819798,0.23141237073547075,0.033761082801677375
dataset638,5,0.025338497563343852,0.07875202421048494,0.017990680831737344
dataset639,1,0.2299854491787581,0.2299854491787581,0.0
dataset640,3,0.027431435277426267,0.06401461980629734,0.04992401267293549
dataset641,5,0.09026678520451001,0.3110041005509321,0.022490676435433517
dataset642,3,0.3892715178322461,0.40469123817040115,0.17684050287279474
dataset643,5,0.1411321648036739,0.44203217281537177,0.05746128599486231
dataset644,5,0.08341858831711058,0.4477873086048334,0.0361019135843807
dataset645,5,0.017179636583544322,0.04407690714321235,0.054689918445427296
dataset646,3,0.24625890831561006,0.3575079275812362,0.10944033934238023
dataset647,3,0.011446547236825425,0.0152218343912438,0.03967493367168774
dataset648,5,0.2071602909142747,0.4886086248514393,0.3377580218539126
dataset649,5,0.06690205915893145,0.15136211210836079,0.07840199943466263
dataset650,3,0.0866977032409934,0.09750631940674336,0.011470696473305732
dataset651,2,0.039465864023407925,0.04386034187438713,0.06303119631346467
dataset652,5,0.10362559389267965,0.24555486969008872,0.07574777920818285
dataset653,1,3.1493500890981454,3.1493500890981454,0.0
dataset654,3,0.3911049244109576,0.5309478840486256,0.38411185091899774
dataset655,2,0.09368752759224708,0.2899325106171229,0.07214794416380475
dataset656,2,0.21746461636695372,0.2779114706398208,0.11854583891365705
dataset657,3,0.38328586438287515,1.229402958589064,0.38592285325206466
dataset658,3,0.4835776096106132,0.5143657046262837,0.3950386898643906
dataset659,5,0.11892928617361959,0.5200001311382849,0.01880605606611853
dataset660,3,0.07646867687375189,0.0993342547713973,0.03724866878599488
dataset661,2,0.045358065188192846,0.06931656247213461,0.02794527705502034
dataset662,5,0.24391670364697265,0.4895681765099339,0.03187564058068981
dataset663,3,0.1958218218672224,0.4269777491895938,0.04066412456512663
dataset664,1,1.0880414239097127,1.0880414239097127,0.0
dataset665,3,0.05273705115862138,0.11515284356032168,0.018120836575948995
dataset666,2,0.11282332186917936,0.13151262476177036,0.32434334137202947
dataset667,5,0.2520251501008676,0.3769101576696594,0.02119719506055813
dataset668,2,0.18698819530231003,0.3697776134772866,0.021172930174318164
dataset669,2,0.776865603007111,0.9548928287421885,0.8718109169961408
dataset670,4,0.06858582299998703,0.23628933094464427,0.04331730193971324
dataset671,1,2.093745201770105,2.093745201770105,0.0
dataset672,2,0.2791642216854856,0.30951316185774813,0.018915745352641147
dataset673,2,0.25194203651315294,0.3461268280115597,0.07536725349472534
dataset674,3,0.09211888338097049,0.11742672168275466,0.018042970996973058
dataset675,2,1.6971014680917762,1.7644135186510916,0.44209782509215806
dataset676,3,0.33411606044825815,0.3780248102643911,0.020063351287783276
dataset677,3,0.09950259936204474,0.1218914306084524,0.26825137611919264
dataset678,2,0.031457999898670784,0.04702426916869262,0.10000535748786962
dataset679,4,0.7618333456398321,1.0944649934473638,0.5235529000129353
dataset680,5,0.21629914376546763,0.6820688052622181,0.06635206086605702
dataset681,3,0.03183280194329616,0.03185494670588595,0.010545181930892645
dataset682,4,0.19944760810378456,0.5368512747841265,0.16416488942263197
dataset683,4,0.15737586030472245,0.43978304223980996,0.21537718116930832
dataset684,4,0.45373929658624623,0.9414189118219072,0.5719112497005894
dataset685,4,0.022093547349426364,0.06607465085394507,0.06213772343305281
dataset686,1,1.1556650794315335,1.1556650794315335,0.0
dataset687,1,0.17230424920345244,0.17230424920345244,0.0
dataset688,4,0.0021197952487758027,0.0053763003474307045,0.025158097165909957
dataset689,2,0.0825440612573668,0.29727507202551956,0.057570842789300566
dataset690,3,0.19643890874552158,0.3682133300917156,0.01972416001520919
dataset691,4,0.09144408839038476,0.12415773043595409,0.010192468205836358
dataset692,5,0.2740720785250244,0.6325316755683363,0.5300571000737153
dataset693,1,1.1934325884754773,1.1934325884754773,0.0
dataset694,4,0.09783632727725779,0.1292322878905402,0.3454780156721254
dataset695,2,0.08224394374265842,0.25802677569789423,0.010641244042204952
dataset696,3,0.14262400320452182,0.21612091767561084,0.04968866087642465
dataset697,3,0.06811878975936851,0.10355041192840506,0.09518532459859616
dataset698,2,0.6921955413340175,0.8116016927326266,0.4435133925260086
dataset699,5,0.27387745847110345,0.6213491006546549,0.38091239426577617
dataset700,2,1.541922750788482,2.0396516385380545,0.5659346771366217
dataset701,3,0.20963494732521012,0.22854723571717175,0.2706003890546855
dataset702,4,0.09928058772984122,0.3889375246245561,0.03811653462218379
dataset703,4,0.2937689214752294,0.5276541398843284,0.35024195611533715
dataset704,1,0.8229287436251517,0.8229287436251517,0.0
dataset705,4,0.08964537432967036,0.14460278066787957,0.014191981463601237
dataset706,2,0.5541407137560904,1.437819040425515,0.5091899868731427
dataset707,5,0.35101236629502786,0.7014601107082468,0.21102692184545363
dataset708,4,0.6170033979888002,0.7572731872675551,0.2687019024242228
dataset709,3,0.4546833599658985,0.7406852772394865,0.4488197537170818
dataset710,2,0.3560661683000169,1.0337879800851302,0.24482118590610535
dataset711,3,0.25494580854745325,0.6093558752454963,0.27605954952333567
dataset712,4,0.5214285355194891,0.650951055586799,0.1958417620779802
dataset713,1,1.2933516064410282,1.2933516064410282,0.0
dataset714,5,0.2755347716569751,0.32001899484913643,0.1539295542524412
dataset715,5,0.3021673872451267,0.509076913548126,0.12594821959314426
dataset716,4,0.1427835844191128,0.19815208089298086,0.015851686927696784
dataset717,5,0.6577804875745797,0.8935493926730673,0.02844185403059917
dataset718,3,0.11713196986299647,0.20762004843628604,0.019252916017960253
dataset719,5,0.29152308760145157,0.7039880125404265,0.03436352452423493
dataset720,5,0.0025606757167691355,0.006138543835440088,0.10028221633729906
dataset721,5,0.3205679766824962,0.427565819370229,0.30115637469711687
dataset722,4,0.3306302689055733,0.5274222777546733,0.11811501157555895
dataset723,2,0.04607228329617134,0.05847987790344126,0.023554628001069472
dataset724,4,0.31324771267362134,0.3427341974771463,0.20990324681386013
dataset725,2,0.24770062367156756,0.2544871762907957,0.033216450300657785
dataset726,4,0.1382897474649303,0.35886071476532344,0.06268569205837621
dataset727,2,1.1082010568610134,1.2331924579083584,1.0
dataset728,4,0.2137366017288116,0.3661490088907934,0.044314665835366744
dataset729,3,0.2827916372856297,0.5706185639213658,0.0198529549360564
dataset730,3,0.06413375245385913,0.07276804031476818,0.2930118840003789
dataset731,1,1.0355755210200703,1.0355755210200703,0.0
dataset732,1,0.5564806519796242,0.5564806519796242,0.0
dataset733,2,0.21087135998305903,0.42377288407704694,0.03617558505995316
dataset734,2,0.20419756067147934,0.22650196922510168,0.10373525903906211
dataset735,5,0.6162321447084903,1.8761709818200336,0.5139087821098227
dataset736,4,0.06993802184101577,0.14882475014464636,0.016684126402387884
dataset737,5,0.4828496180641071,0.6723854330255069,0.5089603640889006
dataset738,4,0.1149392664778723,0.2968363613821434,0.030015167403998122
dataset739,5,0.226005175253955,0.3617107913125512,0.10536947733657723
dataset740,1,1.2789526068643737,1.2789526068643737,0.0
dataset741,5,0.20731146802708258,0.24694679299932634,0.021674124816915018
dataset742,5,0.03005532218467132,0.06622465014263453,0.06056580124550037
dataset743,2,0.4261106259606947,2.041961769523888,0.029610505738198015
dataset744,3,0.1054088740189975,0.29739468053505147,0.038596571303932375
dataset745,5,0.15878479782823607,0.20721630029593394,0.021445587581037255
dataset746,3,0.12111308217586372,0.16066141953393567,0.02834711331160905
dataset747,4,0.313969873990087,0.6058965366617373,0.1795909333314408
dataset748,4,0.06242336559337661,0.18929381564571074,0.031038913094761547
dataset749,4,0.08327324121872677,0.2130631007668568,0.07169521617632052
dataset750,5,0.012811936012242998,0.02715760389976506,0.07144764524192349
dataset751,1,0.937059206148855,0.937059206148855,0.0
dataset752,2,0.11652310050258154,0.1231654951126844,0.37045673870819423
dataset753,2,0.03256805603390127,0.08164570578182215,0.0847548917721164
dataset754,2,0.7377710302758521,1.135594320643131,0.5324610057229617
dataset755,5,0.14781883187481623,0.6981026489043077,0.1944952401549433
dataset756,1,0.8884790973315738,0.8884790973315738,0.0
dataset757,1,0.9896974703573415,0.9896974703573415,0.0
dataset758,4,0.001932864690513854,0.0040086396546539105,0.016049048132724692
dataset759,2,0.07880744249880108,0.1740927833301682,0.013511198783252396
dataset760,2,0.024335599650358423,0.028715182423309504,0.01660188932517415
dataset761,1,0.0788846447057554,0.0788846447057554,0.0
dataset762,3,0.22537205041088032,0.25738673822444846,0.01221992553733433
dataset763,3,0.3018158882461654,0.44043283237054764,0.33475211984348685
dataset764,5,0.04640053687420903,0.07490154384709678,0.02172550662641641
dataset765,1,0.750858326841542,0.750858326841542,0.0
dataset766,1,1.2583704579006292,1.2583704579006292,0.0
dataset767,2,0.13250795341267546,0.26649496828755154,0.05791955172420613
dataset768,3,0.5290769642354901,1.1158117604335418,0.6322569440738661
dataset769,5,0.5582415166822391,0.84038271729626,0.2507334809685879
dataset770,4,0.3645523722084078,0.43546420402857283,0.0183401072710368
dataset771,5,0.21812148964314446,1.3255975077589999,0.352571018510229
dataset772,4,0.05953001833548735,0.148000059976291,0.013166348640620499
dataset773,5,0.28040865528096104,0.3955641309478256,0.16539110722566114
dataset774,1,0.9976378901607461,0.9976378901607461,0.0
dataset775,5,0.2948042204759229,0.5094280921582869,0.015552235730106905
dataset776,2,0.06072142125921205,0.14780923610764646,0.08553657895583829
dataset777,3,0.2787524791083955,0.605402207074722,0.015285158204106456
dataset778,1,1.1686047511780262,1.1686047511780262,0.0
dataset779,3,0.10595269094766126,0.29108018367961397,0.11382308041954481
dataset780,3,0.31439870916693907,0.3179921290773988,0.08247385392823146
dataset781,5,0.027469082484947414,0.04843975464945265,0.3814699036817334
dataset782,5,0.03465918472347614,0.06081935665913565,0.022219846513155207
dataset783,2,0.5285900583823787,2.086063462215818,0.39024212740454156
dataset784,1,1.2048617472447283,1.2048617472447283,0.0
dataset785,2,0.015939238554283742,0.01905012984919097,0.030478636159608868
dataset786,2,0.15691221017975845,0.31448636899281396,0.013882608111473856
dataset787,4,0.4750517583358583,0.7740924774559901,0.4273461962067619
dataset788,2,0.15942264684421323,0.3749822436156051,0.029239792941513736
dataset789,3,0.06117672223044342,0.08887039873622746,0.5620459503842375
dataset790,2,0.13839579947989328,0.14324804189682963,0.012878648539453271
dataset791,5,0.008275405068329128,0.03396301788556667,0.15963399159033265
dataset792,3,0.31642825980668904,0.5412841106134172,0.18791235812313994
dataset793,4,0.9029870690140585,0.9753077416033844,0.26633743198711274
dataset794,3,0.35757253089784513,0.6590621908962848,0.05438692677846724
dataset795,2,0.6278763182943433,0.9105289966414132,0.5857813923665323
dataset796,3,0.10647616571319769,0.13587408009506458,0.02371801364603618
dataset797,2,0.47412641946712536,1.1810083019689013,0.3365927446387907
dataset798,5,0.25446404660573724,0.6818287455641044,0.011602467815282461
dataset799,3,0.14500489449048679,0.150944137502609,0.021439253118534812
dataset800,2,0.9225478512640016,0.9330433392368289,0.39409439436564264
dataset801,4,0.012172997520878552,0.03897320887493114,0.01032897415598899
dataset802,5,0.41490571052578606,2.1165230814636655,0.5280154250495079
dataset803,1,1.1020854373963807,1.1020854373963807,0.0
dataset804,5,0.03208308320378268,0.06507843672454902,0.018854720314266
dataset805,1,0.3676495400516575,0.3676495400516575,0.0
dataset806,4,0.055711043615130865,0.17378162343910325,0.012302585396044424
dataset807,5,0.5219902082808983,1.0024644671277083,0.35573547644903314
dataset808,3,0.2577807615379817,0.8984388142887906,0.2757006285160695
dataset809,3,0.14393991197247566,0.3308856194430082,0.0319368426679121
dataset810,2,0.34055535098384854,0.8241449868255357,0.20780816861652307
dataset811,4,0.05309052467421098,0.13942249407116852,0.017348592070635726
dataset812,5,0.43406197251036766,0.7890489974320716,0.33060681504805417
dataset813,4,0.5551506797553869,1.3107142360878106,0.14096259038118342
dataset814,2,0.06742356810752309,0.07471742816415368,0.17407806685050256
dataset815,4,0.29624793334254323,0.870360811719196,0.36588891803767687
dataset816,3,0.01514326563705215,0.030511185972279666,0.11321005930406272
dataset817,2,0.28659883425106464,0.29329621871028144,0.038993717584443185
dataset818,2,0.3335632211545888,0.9473712609414848,0.3391694450281587
dataset819,5,0.04831964599574705,0.16560819022954545,0.08115119015085354
dataset820,1,1.0661587216719373,1.0661587216719373,0.0
dataset821,4,0.3344515004672881,0.5876856140675146,0.45751050072587085
dataset822,1,0.7824731960621406,0.7824731960621406,0.0
dataset823,4,0.045407837357173166,0.1857309280519867,0.02184223708089369
dataset824,2,0.6973487001317379,2.2435263504606637,0.37993919387725156
dataset825,1,0.7904348378602146,0.7904348378602146,0.0
dataset826,1,1.2138098260024388,1.2138098260024388,0.0
dataset827,4,0.10754343932435909,0.2939607590234887,0.052145147044811525
dataset828,3,0.32548293322198674,0.3998517210587112,0.02567580478701261
dataset829,4,0.03657146976569733,0.053495853586265185,0.06197738983665037
dataset830,4,0.00618890107443903,0.018692773410989846,0.011499336596893499
dataset831,4,0.10362928354032919,0.17812190017972002,0.010845971149097296
dataset832,4,0.005470949179612885,0.012148782191451931,0.013787473368573062
dataset833,3,0.29832409863136,0.9248159331879863,0.15255393470533957
dataset834,3,0.1620294813342851,0.2374353951617013,0.0477156515303331
dataset835,2,0.5917209462388995,0.997996700217177,0.3353189591633943
dataset836,4,0.05182561547349603,0.15056196926764734,0.011233627530790631
dataset837,1,0.9573556781178759,0.9573556781178759,0.0
dataset838,5,0.21637141996038134,0.6040878069283645,0.025167692217827244
dataset839,4,0.5501080097753221,0.698047464289275,0.057255129284070436
dataset840,4,0.5306258763607421,0.8893967357382921,0.5238360621939355
dataset841,1,1.196436291467586,1.196436291467586,0.0
dataset842,1,0.6139885232122844,0.6139885232122844,0.0
dataset843,3,0.17914959884550372,0.1851202560985202,0.04386067229697018
dataset844,2,0.20081022128631504,0.25453146013202466,0.018749922435815705
dataset845,3,0.08478536169647974,0.10523385507728428,0.035964384984329516
dataset846,4,0.2235508608683379,0.5657263722342452,0.17063255925834542
dataset847,3,0.21945202148461862,0.6549132687066106,0.0547484539383202
dataset848,5,0.054718309579681955,0.2735670515022223,0.014633272792756113
dataset849,2,0.7264972708001455,1.2489043816655876,0.6661639946445834
dataset850,4,0.09812011780001838,0.12061616165026859,0.39999378097655003
dataset851,5,0.06776364840262232,0.13953979151240561,0.03463211964358876
dataset852,1,0.4560136857472515,0.4560136857472515,0.0
dataset853,1,1.267749054458289,1.267749054458289,0.0
dataset854,4,0.03544486102986608,0.04479248801244093,0.09579502210574199
dataset855,2,0.3718978085892993,0.4884913336965784,0.6782365038408305
dataset856,5,0.11741050972276391,0.35609624553052915,0.08005934738411813
dataset857,3,0.5617910784249317,1.205088629945195,0.6112486319961539
dataset858,4,0.07039119680691315,0.22133134979530034,0.01856745667554111
dataset859,2,0.010786652577315673,0.022206323965607334,0.01008238906025881
dataset860,4,0.2908454519708585,1.1105832055700635,0.3820663685261687
dataset861,5,0.05069344542818746,0.09872097003320798,0.01836890738135008
dataset862,5,0.19139491893312408,0.23890651003410804,0.06718462521222102
dataset863,5,0.11329364881655984,0.4498981262632806,0.08368343004725692
dataset864,1,1.8472754050293412,1.8472754050293412,0.0
dataset865,5,0.6873777394529275,1.5380922329662112,0.4502624997698976
dataset866,3,0.3900917554442971,0.41348171814606544,0.22478077028374915
dataset867,2,0.050022383358841155,0.11117083031161164,0.023654599750407408
dataset868,5,0.31309063427992856,0.4006388827559239,0.025591009788202793
dataset869,5,0.10880269494580144,0.34714425816078714,0.20980262042130354
dataset870,5,0.4579971281422163,0.713249642498553,0.2930614445731154
dataset871,4,0.19510631797016334,0.7055548932617355,0.22122740485743814
dataset872,3,0.215754339343653,0.3379043065175015,0.032517216711730974
dataset873,5,0.19149999453722438,0.4980384817524702,0.22210421611320974
dataset874,1,1.1195880016457798,1.1195880016457798,0.0
dataset875,4,0.14981854832833058,0.26342676262075493,0.035317103429362694
dataset876,3,0.5665892129464107,1.1855417510241113,0.6388065966439491
dataset877,3,0.07324651657053785,0.1596780550877316,0.029063457776421553
dataset878,2,0.36694572518916074,0.6288278998581637,0.1246494281590396
dataset879,4,0.07339439277698111,0.28632750303409094,0.017215512979461552
dataset880,1,0.25222190901616587,0.25222190901616587,0.0
dataset881,2,0.12789284070283974,0.15000819371430413,0.029206832769279205
dataset882,4,0.36139413361533607,0.6476322846884455,0.07838973507034863
dataset883,3,0.08247973341062655,0.2647227778433935,0.010064028570970678
dataset884,3,0.2719984304704951,0.3010007291957627,0.03580315205404447
dataset885,3,0.4317847473043045,1.3969141025424554,0.4684572433054399
dataset886,3,0.26346733995889965,0.48086687876690787,0.4262991674286809
dataset887,3,0.22762104150703483,0.2510516642441193,0.013972848367943913
dataset888,2,0.13024765603462596,0.1780792387595585,0.16336601884376029
dataset889,5,0.4709712628167986,1.0187231214444297,0.5797090287472706
dataset890,4,0.45378753889237294,1.4429633753097473,0.5469887108631017
dataset891,1,0.10355121545771741,0.10355121545771741,0.0
dataset892,4,0.11976726949255653,0.15823973612881004,0.017598591854966247
dataset893,5,0.11505690208423965,0.5808606740472894,0.05805662102847176
dataset894,5,0.1721473740556931,0.49701635110712983,0.17529815830125633
dataset895,5,0.17645872679297409,0.28912646140929715,0.048807859823113864
dataset896,3,0.5835477018347234,0.8051702737632106,0.48306959478635864
dataset897,4,0.07527973720355977,0.18878749628797312,0.02017932054998116
dataset898,4,0.04891089138260585,0.11998625859213419,0.037528139739086974
dataset899,3,0.1519873981468072,0.19275977971139105,0.023586802642278373
dataset900,5,0.02675620908685991,0.055982230777471845,0.3646093675932375
dataset901,4,0.13393774540240933,0.16688287425142923,0.021050189010884582
dataset902,3,0.22311674040401577,0.5507585860615815,0.32907832578538054
dataset903,5,0.407877882347133,0.6953059149748684,0.6221532006719291
dataset904,1,0.28986566371813244,0.28986566371813244,0.0
dataset905,4,0.29948342467168604,1.1755511215836214,0.4267169120346835
dataset906,5,0.09898568330556924,0.235562766527212,0.01732554354197035
dataset907,5,0.08122417447658292,0.20780800202286862,0.5413543107034273
dataset908,5,0.16189677586176796,0.5550614464253203,0.015908018112104946
dataset909,3,0.08742370803194649,0.23817882802411125,0.014849393191316233
dataset910,1,1.243725388212936,1.243725388212936,0.0
dataset911,2,0.23343695413995505,0.8300804830445918,0.24475896320688015
dataset912,5,0.24043954761781924,0.3102641392582233,0.06049915024997361
dataset913,1,0.9211761817146997,0.9211761817146997,0.0
dataset914,3,0.03776099035208275,0.065815218647322,0.18988116652841708
dataset915,3,0.024863825658924085,0.05284844255922771,0.013025793917131006
dataset916,4,0.5491562373810536,0.7799210053683122,0.5769893642339086
dataset917,2,0.29847127292182307,1.0604460678399183,0.36655048794937795
dataset918,2,0.15012040088900552,0.2349620797978774,0.011860279520168217
dataset919,1,0.9773087462026089,0.9773087462026089,0.0
dataset920,1,1.2224000401170785,1.2224000401170785,0.0
dataset921,5,0.2904026177468116,1.6860708452645616,0.4428050867023737
dataset922,3,0.3659161952962603,0.7153379040452061,0.6341719791955338
dataset923,3,0.2594860504922996,0.3344144761712149,0.03547897491162755
dataset924,5,0.255967389641385,0.824506376870511,0.02201076104518537
dataset925,2,0.021635554756495014,0.026972188922457004,0.012657088155146693
dataset926,4,0.37783243072363537,0.7137532693819764,0.41698354163341916
dataset927,1,0.30587185145575285,0.30587185145575285,0.0
dataset928,4,0.10893153634077367,0.20461526165675956,0.05546151854449763
dataset929,2,0.30823387986315903,0.5187649681587928,0.24006569651895404
dataset930,2,0.010429710158972158,0.016704781866686363,0.026343038097664292
dataset931,3,0.3124825712765359,0.3996363189272972,0.10139615741496254
dataset932,5,0.4104000094984872,0.6163172393615634,0.01728600541496384
dataset933,2,0.19395224605473485,0.21688232935551502,0.5774728886664025
dataset934,5,0.3017038146986503,0.9148748859889467,0.2714642837758599
dataset935,5,0.18789712105775272,0.23265864561595004,0.18603369409338355
dataset936,2,0.4195776083595862,1.293562409880368,0.29131747932060315
dataset937,5,0.07125256288271362,0.28238276423692327,0.014578913993654364
dataset938,5,0.12290093789209747,0.17961859369316072,0.04735058583737521
dataset939,4,0.7077274068083617,0.9347220246499688,0.3006458887711815
dataset940,2,0.4791589610832615,1.1307041071720585,0.3522330871709717
dataset941,3,0.31185231802090063,0.3596980424165505,0.010259771388542725
dataset942,4,0.3853958490318959,0.9020881891360234,0.16166023597559953
dataset943,3,0.08541477296962369,0.37878232675657225,0.029006942219237636
dataset944,2,0.31582065976315066,0.35600582681734133,0.036691838505048674
dataset945,2,0.0744721167697362,0.12322235285832069,0.010458815830286051
dataset946,2,0.10521331011080634,0.1533028401460652,0.012174736664599848
dataset947,1,0.8994823975329373,0.8994823975329373,0.0
dataset948,2,0.08619494170744588,0.14868941734594077,0.012527124268997145
dataset949,4,0.05660421892362654,0.21241416054739498,0.010226787204190355
dataset950,1,1.2313435826324914,1.2313435826324914,0.0
dataset951,5,0.21385416762983311,0.4106470502026378,0.0923100549607172
dataset952,3,0.32908340632059896,0.6478248992896946,0.15066834698801937
dataset953,1,1.1263700814309034,1.1263700814309034,0.0
dataset954,5,0.1739580165338972,0.3979335437871775,0.03545342745734152
dataset955,3,0.2908549197749412,0.47581560481916213,0.17289426583922302
dataset956,3,0.26207904551641664,0.2993720231789862,0.03436683715848676
dataset957,3,0.028967838559007714,0.05941010416640015,0.09520582228350766
dataset958,4,0.07595055415969285,0.2559943910743128,0.0869289992241617
dataset959,3,0.2545371972303741,0.9568473889083585,0.30820550919723283
dataset960,4,0.28089046759360486,0.7434397088533671,0.3033689795638823
dataset961,2,0.09261334977572527,0.13839771132495823,0.16065505804280233
dataset962,3,0.6097652238733309,0.9498084376303183,0.22299294434299027
dataset963,5,0.523030689674878,0.5770385772331081,0.22081979330656548
dataset964,1,1.0721538505734507,1.0721538505734507,0.0
dataset965,5,0.35859113806682297,0.6418313361645422,0.1585578561121722
dataset966,4,0.01131309456355137,0.030627933616862203,0.010251597678283788
dataset967,5,0.4982258723195028,0.8020565911763435,0.015297952261210775
dataset968,4,0.12166275062561158,0.3875049517934226,0.11548974570908357
dataset969,4,0.19054372241161138,0.8050418360513443,0.07063216409361703
dataset970,1,1.1029734621202898,1.1029734621202898,0.0
dataset971,3,0.40513543494308824,0.414530543737667,0.5459557868877808
dataset972,2,0.08786352642563558,0.21098485260926758,0.045678619648252095
dataset973,2,0.26741223595618474,0.38954967581025113,0.030089335296310492
dataset974,2,0.3801326118303775,0.6281424359257082,0.17713582378062484
dataset975,3,0.11209729632859472,0.3261627369496286,0.4077085768622533
dataset976,3,0.03708260219418784,0.043894309678597684,0.030008242944441224
dataset977,3,0.5462960610801473,0.7728540847076296,0.012532835768468307
dataset978,4,0.327640064916941,0.8094810055284882,0.01538480056371801
dataset979,2,0.1361938499466244,0.4130513931631915,0.03717786485927306
dataset980,4,0.35951425009138405,0.9456466255895768,0.1611843253014556
dataset981,5,0.12178835149049069,0.29013757100581666,0.2048538344378048
dataset982,2,0.04730475810445462,0.055375943021803375,0.354273278535091
dataset983,2,0.6925699961927526,0.8008179764136379,0.7349307414426635
dataset984,4,0.20319880874588328,0.6791770817532099,0.23981345255205588
dataset985,4,0.4512441841271336,0.7486369533382968,0.18807841202752526
dataset986,4,0.03411085965586368,0.17783138571119994,0.04289392401948222
dataset987,1,1.1192675215962475,1.1192675215962475,0.0
dataset988,5,0.5139751917349749,0.6355196074569943,0.2888190621219987
dataset989,5,0.22073128748443524,0.2515234308226193,0.4907941159323189
dataset990,3,0.15439994981426167,0.2618208869705188,0.07648563137738894
dataset991,4,0.04899861274556444,0.11242610228551103,0.037784610141820094
dataset992,4,0.7335864622382751,1.0067812258845446,0.6209792210923284
dataset993,4,0.24203575199889987,0.2633165817401042,0.03108260379485668
dataset994,4,0.18710758543848244,0.31167587172425526,0.05001394655986159
dataset995,4,0.006682616726371044,0.015122907496224674,0.02331765559601561
dataset996,2,0.02361003630637984,0.03697333004361317,0.37182183342222497
dataset997,5,0.2947762699752977,0.5697909034923057,0.4387550574118432
dataset998,1,0.8860147842467059,0.8860147842467059,0.0
dataset999,3,1.2760109628651848,1.447504081715557,0.6813392570645114
