config,n,objective,mean_w1,coeffvar_w1,pct_above_2,pct_above_3,max_cv,visible_tv,worst,worst_w1
current,440,0.2118387309958195,0.24054843008352136,0.2734717162205437,0.0,0.0,1.6451788232404079,0.006711409395973195,fit_lognorm_SW,0.49264855767927046
centre +0.2,440,0.21175716103203934,0.2427962495090091,0.2486243388468463,0.0,0.0,1.6753856958039675,0.007764179497302312,fit_lognorm_SW,0.5015785785855204
spread x1.4,440,0.22237812600765694,0.24976433154870667,0.29737077442510246,0.0,0.0,1.481190304790023,0.006711409395973205,fit_lognorm_SW,0.456499178754602
"centre +0.2, spread x1.4",440,0.22348158524438935,0.2504584655252714,0.2888250875259429,0.0,0.0,1.6451788232404079,0.021006053428082618,fit_lognorm_SW,0.5120923871986969
"centre +0.4, spread x1.8, hi 60",440,0.21903154711061848,0.2459935349114762,0.27611258257897403,0.0,0.0,1.6451788232404079,0.006711409395973205,fit_lognorm_SW,0.4869195528306549
min_q1_over_iqr 0.1,440,0.22511481540304104,0.25357967873368215,0.22776485695192336,0.0,0.0,1.9692123257681784,0.03080997499671005,fit_lognorm_SW,0.4571418405472693
min_q1_over_iqr 0.05,440,0.21260465609490933,0.23931429635455448,0.19897368437228163,0.22727272727272727,0.0,2.0429560695687483,0.0053131991051454525,w_v_uw_wasserstein,0.5082802019589
min_q1_over_iqr 0.01,440,0.21731524180286707,0.2436428118110257,0.2174698030041993,0.22727272727272727,0.0,2.1549085964765355,0.013653112251612051,fit_lognorm_SW,0.4467785181924441
min_q1_over_iqr 0.01 + centre +0.2,440,0.2259456982076797,0.2569865946593222,0.1838478931452616,0.22727272727272727,0.0,2.1549085964765355,0.006711409395973202,w_v_uw_wasserstein,0.5883842914077461
