dataset,coeffvar,coeffvar_uw,crit_bw_1,crit_bw_1_uw,entropy,entropy_uw,fit_lognorm_SW,fit_lognorm_SW_uw,fit_norm_SW,fit_norm_SW_uw,kurtosis,kurtosis_uw,mean,mean_uw,modality_index,modality_index_uw,n,skewness,skewness_uw,w_v_uw_wasserstein,weight_outliers,weight_outliers_uw,n_modes_silverman,n_modes_visible
AccessFlooring,0.7166120797150832,0.7973928575390324,0.5617393696908978,0.7274248494701964,3.3173315708386406,3.6726978358901863,0.8494116503658599,0.912889545161801,0.9408523678774999,0.8870817017132662,-0.42320177424830163,3.3764462370627895,1.0495831275216292,0.9999999999999999,1.0006204365334728,1.0280841516181272,53.0,0.5055559928364058,1.4611833411752164,0.12066643069036952,0.002196022764953359,0.018867924528301886,1,1
AccessFlooringPedestals,0.7455856917047092,0.6420544974645521,0.5598094957506264,0.4942698121611483,2.210414170851654,2.351673301904639,0.8917379209458604,0.9247448315443465,0.9666226237052599,0.9467795739712258,0.16625917979727137,0.49182272625335366,0.9680125954677462,1.0000000000000002,1.0,1.0,13.0,0.7530917292035287,0.7895028742751836,0.0803901182218877,0.0,0.0,1,1
AcousticalCeilings,1.7535974083137917,1.6591697013389641,1.7688590040861671,1.6255745426907335,3.1995322798062906,3.348246316654555,0.9533433053206312,0.9622585378473276,0.4489224569193863,0.5006358208247527,42.285215975721634,38.18153348513542,0.9312200364004626,1.0000000000000002,1.0093244332579738,1.008822288055942,412.0,5.74887852611989,5.27016477638714,0.09292574718589587,0.14054918359803203,0.145631067961165,2,1
Aggregates,14.340736365724066,13.600956754446665,4.171017698886292,4.366959600325371,0.1970744491073821,0.23312573115082397,0.9288929792928595,0.9226675547271814,0.03202752421613641,0.04217035484506115,835.3200854384146,368.31693775132794,0.6261666530801666,0.9999999999999996,1.0030514379304019,1.0049317218972285,385.0,28.357376898648365,19.026036176258025,0.44214827038008064,0.06594931642866098,0.1064935064935065,3,1
Aluminium,1.1345193001651581,1.1373243131891615,1.6748145855792054,1.4747411091879208,3.760146575558265,3.8042870708527023,0.9884557779539525,0.9886150041865063,0.6593858701114167,0.6705498711678214,22.804204204651043,22.42413995157351,1.0762924920334498,0.9999999999999999,1.0135604261313182,1.0119558914664593,178.0,3.813689861492054,3.768632344472071,0.09553569647090437,0.0500860474724582,0.06179775280898876,2,1
AluminiumBillets,0.9001384470221278,0.8656033349634747,0.8863996228865847,0.9840579270630823,3.864277586109131,4.126670474533679,0.972478099150505,0.9537935662538458,0.8123807792000486,0.822467890478628,5.668478652861983,8.613243147204013,1.0443500678418767,1.0,1.020427907769703,1.017329270759607,120.0,1.9909219075630311,2.236995624420989,0.06714912019288702,0.05091374499805163,0.03333333333333333,2,1
AluminiumExtrusions,0.7674662456690937,0.8424412596827917,0.8846275386839074,0.9415570094719036,3.046177064540284,3.2828949078742866,0.9192116540168563,0.9227744837479634,0.7587763388015577,0.7307795213591978,7.41889195515598,7.093139300939295,1.0226587484348033,1.0000000000000002,1.0536877942223655,1.0698587077307478,37.0,2.4040322823260736,2.4761288678314393,0.06735164952341033,0.04498975752074255,0.05405405405405406,2,1
AluminiumSheetGoods,0.8218833647220964,0.8322869541332962,0.38589195151699346,0.470608801393936,2.7651059946294607,2.971376539969033,0.9474251833827445,0.9510641296365299,0.8349972892712356,0.8443267531038592,0.7931281673288593,0.15362685049534813,0.9268196356467017,1.0,1.0,1.0,26.0,1.2091314879439061,1.0742523999301254,0.0821835427805069,0.028728472093710485,0.038461538461538464,1,1
AluminiumSiding,0.4755023523128038,0.5280530327661387,0.7898308884002749,0.6038252026953387,0.9286361675688839,1.0986122886681144,0.9607586427101262,0.9561474769901381,0.9955351590063858,0.9998590287176354,,,1.1978968655652944,1.0,1.0,1.0,3.0,-1.607850114171004,-0.06168301151315891,0.19789686556529412,0.0,0.0,1,1
AluminiumSuspensionAssembly,1.1268977495325276,1.201867774075298,0.7079755318672748,0.7015529080303639,2.142475525238708,2.347180829317888,0.9030430298440333,0.9093437360966836,0.792032145773023,0.7629110641513599,2.2690202270405173,4.483214366916057,1.2164893301478634,1.0000000000000002,1.0,1.0204005894902481,22.0,1.5593579578101497,1.9275733301416929,0.21648933014786348,0.06955559152005275,0.045454545454545456,1,1
Asphalt,0.2600988575656265,0.26500025515816206,0.4123525292425127,0.4518768062802839,4.5945344853625,4.623080975179613,0.9652229947878748,0.9678180434231227,0.9028121578587365,0.8963405675894759,5.9041100823531245,6.109877075826179,0.9955233612521002,1.0000000000000002,1.0069061854534085,1.009154565156715,7232.0,1.5393058855743464,1.6228284976725058,0.004927035618183227,0.044653013408665156,0.045492256637168146,1,1
BackingAndUnderlay,1.3734254035589537,1.4273083601253846,0.6817889769378337,0.8070070024387275,3.053410983274887,3.1711062139668496,0.9839805203242731,0.9543715662249908,0.6822747554989643,0.6497797011049407,5.1902112222033745,6.853265645063857,1.0583462967351864,0.9999999999999998,1.0143054644431793,1.037033785089428,45.0,2.272252795914303,2.585468631620784,0.11078299619851735,0.12003060443866136,0.11111111111111112,1,1
BituminousRoofing,0.8934721382063724,0.8825190221461414,1.068592562545425,0.949456086808417,3.4266787034784785,3.619754775050524,0.9780114202410796,0.9883179098031101,0.7336423377662074,0.7493861778079243,10.32890244783706,10.097923067558629,1.0341453745262283,1.0,1.0277749518532497,1.0222072619938776,66.0,2.69821941981011,2.661886929699789,0.07221369851198846,0.031248153863216457,0.06060606060606061,2,1
BlanketFacing,0.5768557783561169,0.6603474412261163,0.6506613889254824,0.8396829198125447,2.787679977141621,3.1836729714837984,0.8727234599054907,0.8724002405574519,0.8705184285634944,0.7943923596512326,6.540705755360844,5.0391654682247955,0.8191719518622501,1.0000000000000002,1.0237291386274983,1.0605764113186673,28.0,1.6934683294359287,1.9613562338564847,0.1822990286817721,0.021424536975713875,0.07142857142857142,2,1
BlanketInsulation,1.071247594463195,1.1771099168917651,0.8780719033558959,0.8987074506366975,3.603716284314361,3.696237798835336,0.9534131746126774,0.9526234365563668,0.6421545691752643,0.5902323896064108,9.460986135192309,15.311732367373637,1.023914596054706,1.0,1.035914229459757,1.0300924447566715,318.0,2.8369946026989483,3.4849334106328294,0.0646754272570931,0.0993022102464736,0.1069182389937107,1,1
BlownInsulation,1.1525771860331153,1.0302301695569904,0.7680093550941888,0.6437983910202446,2.4685091279040137,2.925202764171123,0.8848828211712103,0.9484385973332286,0.5865162317391772,0.7277707884882466,9.511630643238194,3.652388848914864,0.7676742051676418,1.0,1.025530721284332,1.009090357881696,24.0,2.94985719179345,1.996726973333414,0.23748359468995658,0.17200600779370112,0.08333333333333333,1,1
BoardInsulation,1.0990759411571613,1.186620637105575,1.3058667006197815,1.2464443167858958,3.821724924918399,3.9564648122498043,0.9756822483258571,0.983748809825297,0.6611866849500078,0.6371003483294939,21.93540777388571,18.962213974214727,0.9425527982384447,1.0000000000000002,1.005512857940523,1.0107340710741997,335.0,3.693170905186997,3.677614393341703,0.06530140543255211,0.08347335622259229,0.08059701492537315,2,1
Brick,1.4707826420726031,1.4740494019526196,1.5449794773547416,1.3807112508286234,3.288994812482444,3.4385164741292686,0.9599137570001955,0.9602418130793022,0.401851652011318,0.4398563005030176,47.207960662914644,35.390363590879865,0.9151676762127949,1.0000000000000002,1.015534430173189,1.0203114995816285,215.0,6.277880247989138,5.45466445904876,0.0875479568364488,0.05631445849468775,0.08837209302325581,3,1
CMU,0.33404031233144443,0.3376749761409132,0.31550476624990687,0.26368626406846907,4.573151389400826,4.7041622542420924,0.9888984184532759,0.9927318884047667,0.9384283991617182,0.9309197367933143,1.0870548604720687,1.3738110158002204,0.9912094982117644,0.9999999999999996,1.0,1.0,486.0,0.9992551934536457,1.0887537542740753,0.01317515857084054,0.036884804546944115,0.03292181069958848,1,1
CableTrays,1.247560275116454,1.3340015033283588,0.9007886223235267,0.9761112812070101,3.092583429581947,3.373627133126781,0.9186335129552035,0.9240961497292354,0.7226802181148442,0.6691699558470118,9.826837155165752,10.06736500143156,0.9573305322936871,1.0000000000000002,1.019142037573903,1.0353249524452015,59.0,2.6387748689632518,2.903627280708979,0.10607094328272526,0.1009880525259774,0.10169491525423728,2,1
Carpet,0.46309631270832696,0.4600564234824132,0.2148020115684323,0.29791639123037916,4.88257676738587,4.9315310904277165,0.9847308287724691,0.9862532986272947,0.9419396660461248,0.9448352377733952,-0.08586160146506275,0.03910078634302996,1.0013123322426232,1.0,1.0,1.0006327244747624,1989.0,0.7670328673943061,0.7715951216898859,0.007908530719415089,0.0057759322541225,0.004022121669180492,1,1
CastDecksAndUnderlayment,0.3093751617228926,0.31597406632123326,0.6449586382846624,0.6544475223715368,4.389223445159628,4.569969280304689,0.9854139733963865,0.9848214852912753,0.9410711935826805,0.9433003010535914,1.0891332435949896,0.8890396011261006,1.0084300522319485,1.0000000000000002,1.0086143376805201,1.0103570826020727,255.0,0.9135146875010787,0.8732279709955294,0.01372963505353348,0.006213803795699154,0.00784313725490196,1,1
CeilingPanel,1.715500369218057,1.7017565542932493,0.8984246829287957,1.2125405488545071,3.0899614310001597,3.2693726685281432,0.9593082096044858,0.9568736277119201,0.48502782979395265,0.5068660394162945,25.697686611813392,24.900522629884378,0.8510578552650803,1.0000000000000007,1.0080300223517313,1.0138985714664908,239.0,4.405571209870121,4.290066172366697,0.14915020395414463,0.15025498036475582,0.15899581589958164,2,1
Cement,0.42371442460431435,0.42812101124329716,0.919365392656772,1.034705921768088,4.357585304522925,4.4206584174391494,0.9327467982170162,0.9351709493486164,0.8825491626693601,0.891265753733663,11.934082318722638,10.614969427908374,0.9870989746592806,1.0,1.012362348799518,1.0078438905307219,1088.0,1.9471146198709972,1.87695238603348,0.018406053126528526,0.019662828872973052,0.022058823529411763,2,1
CementBoard,0.5039765573286296,0.5411887647430993,0.38894269796841635,0.43752491994952464,2.6989854220363947,2.912494403331059,0.9468811101110821,0.9445280525474916,0.8898171532143072,0.864462699249297,0.8204360219009512,0.2417912080018922,0.9871673023706077,0.9999999999999998,1.0,1.0,21.0,1.1278397962013031,1.0793512940216246,0.053550353189144896,0.10896356452360652,0.14285714285714285,1,1
CementGrout,0.37713557626134686,0.36619098719600485,1.1304114813806956,0.9663676562031878,4.382603826408749,4.398905732538409,0.9706546985838592,0.9748794474647776,0.8252870290484627,0.8410209673686802,10.876200220882941,9.449806441200241,0.9998645209514736,1.0000000000000004,1.009671000409691,1.0065669871010523,3764.0,2.4103138262000754,2.235647251286485,0.005559990021817771,0.041564452869936555,0.04330499468650371,2,1
CementitiousMaterials,0.641772697025282,0.6348332501632425,0.6891228486570398,0.6637404535167589,2.6774727795349467,2.8892425051146424,0.8951676037993942,0.8582704128031439,0.9327010443267194,0.9486859582516451,-0.5004061648781524,-0.9592047433454532,0.9613232389490283,0.9999999999999998,1.0442324715783586,1.0558424703460225,24.0,0.40067473633207645,0.23328199806344874,0.06225218168546098,0.0,0.0,2,2
CementitiousSheathingBoard,0.7973738576699186,0.8478777318524132,0.4502000935983296,0.4873531430505661,3.357009535187035,3.7210304010504482,0.9467811380414417,0.9180642120630196,0.8950699757770634,0.9043980327782193,0.6502411539271484,-0.3203990250841713,1.0432674581830612,1.0,1.0,1.0008746173147705,51.0,1.0670234453378533,0.7344470257292786,0.12308412049218657,0.062343544640834275,0.0,1,1
Chairs,3.79258164699418,3.9037148893802742,1.064901590273135,1.3523686566596076,1.635641024573326,1.7450963363926841,0.8548466114154959,0.8555344264368472,0.21935509729897995,0.24682316879956823,61.134133087296966,40.2477602928396,0.6126830888696119,0.9999999999999996,1.0196972809196494,1.0323314671581107,88.0,7.517221182708751,6.1426643409667925,0.3944782524861937,0.020129156701227856,0.045454545454545456,4,1
Cladding,0.9687339826783855,1.0659721412428589,0.5393097036412796,0.5249869750064017,3.7236473402862007,3.947686847629816,0.8923996769865087,0.9198813800292939,0.8493150700177321,0.8191946387555348,-0.9453588377076717,-0.5694520693479332,1.1957784843595995,1.0000000000000002,1.0094610603819683,1.0801231860966094,135.0,0.6626840106793869,0.8828508248796455,0.1957784843595992,0.0,0.0,2,2
Coil,0.6797073731912212,0.633119340789944,1.0049427805300826,1.1128322667681396,3.884842600918544,4.0572887536441,0.9362699502971596,0.9436469094758352,0.8717929060913877,0.7827473234135598,5.712982870909621,13.140528730503613,1.0497153208514853,0.9999999999999999,1.0143506144753514,1.016613509646723,140.0,1.6982544285918393,2.727069475997609,0.12004683694615165,0.04307123148709055,0.03571428571428571,2,1
ColdFormedSteel,0.4904938412211937,0.5017522561390947,0.534792425833602,0.5068383825130309,3.6677538770394147,3.912281110049895,0.9542755862381257,0.9466436990447005,0.9444754611680751,0.9522197072440094,-0.4585527571292317,-0.3475173985040956,0.9755311160446228,1.0,1.0157772649435104,1.0355727479145191,67.0,0.5082599691315691,0.46853128627800705,0.04738325361639416,0.010208390968340609,0.0,2,2
CompositeLumber,0.27051283978639007,0.3678841034537924,0.590488277374273,0.6820140098850773,2.0946610133677663,2.479955520544521,0.980670792735478,0.9633020898839904,0.9196367744331216,0.876295164943586,4.094525149186255,3.410991489920292,1.0631374341127162,1.0000000000000002,1.0009721583647153,1.012742172720376,16.0,1.3024887468955255,1.5115197058758267,0.11998985167149985,0.031736312845323314,0.0625,1,1
CompositionSiding,0.560627922405109,0.6078631232519967,0.7860374200895345,0.8068126878113747,0.8569156057008067,1.098612288668115,0.8813815533659585,0.75870676392347,0.8881419827509356,0.7721721138764062,,,1.0604584223925984,1.0,1.0,1.0,3.0,-2.2049140397407774,-1.7267828790688615,0.06045842239259847,0.0,0.0,1,1
Concrete,0.3234203981850984,0.2873648707730307,1.2734404964946495,1.2430720088077456,3.98479301254745,4.165239182305589,0.9606371939349846,0.9670939283631271,0.8463323120814452,0.8713344493919294,10.30461333924533,10.906388827282115,0.992593614660753,0.9999999999999998,1.0138472189231762,1.0116889649724787,211.0,2.1610666336876583,2.0641251043457047,0.028192931648704112,0.043336694031712766,0.03317535545023697,2,1
ConcreteAdmixtures,2.2295101908285258,3.5991450067932558,2.3280521476801024,2.589644948468323,2.2588052878226796,2.3818302992913867,0.9748672079469952,0.971485193523098,0.21128670463365343,0.16863441876076268,525.1663376619023,110.02807539961306,0.7062309428108062,0.9999999999999998,1.001727801476282,1.0093145320902328,118.0,21.000442405007757,10.32134715862402,0.31281134860152354,0.1376199404576909,0.06779661016949153,2,1
ConcretePaving,0.27202999107627407,0.2590811134089748,0.9693117911507811,0.7717966525107619,4.339325512058041,4.46653495715909,0.9857655079038398,0.9896924535327712,0.9182033903720129,0.9561731696924082,4.440940271614129,1.8837290562622382,1.0159511837851432,1.0,1.0208005906197881,1.0168221454227606,381.0,1.3233306937012608,0.83331597856094,0.017486002936006065,0.013558404820305368,0.007874015748031496,1,2
Countertops,1.3634510044298254,1.1385189897404138,1.1288015560311309,1.0768861981133058,3.1545771487439542,3.55108920358594,0.961968651691529,0.9355534595019865,0.6533444986987889,0.7367704200508431,12.119177775000047,9.62651691654041,0.8298839456051404,1.0,1.0398973164812013,1.0477190774785543,76.0,3.0834088211787307,2.6029671660252647,0.1791308530415744,0.027350224071408906,0.02631578947368421,2,1
CurtainWalls,0.670665120055479,0.7501707259948927,0.49212005426891986,0.7780267128326747,3.2612822595671185,3.6261771738633204,0.9532135184127367,0.9573153188717286,0.8214356871280972,0.7554764800270884,3.701598110423332,5.877188349482607,1.0509059655661916,0.9999999999999999,1.0,1.020328607656752,54.0,1.724004546722429,2.2419661077155313,0.08949046197243843,0.01853070626248618,0.05555555555555555,3,1
DampproofingAndWaterproofing,2.4983649723970394,2.5452261143091612,1.2733801721102003,1.0825415039155604,2.846533631029688,2.892532700030771,0.942617875759766,0.9285698432291277,0.30406435430498774,0.3197038470529262,30.850597867559035,24.619516754499724,0.9720480243456802,1.0,1.0173831705944645,1.0234389533311279,162.0,5.473583828821956,4.915243722103843,0.1291129016722848,0.10790225221020311,0.08024691358024691,3,1
DataCabling,2.028441185139194,1.9394387649789442,1.081042034970454,1.2758229191266015,2.6784395093774473,2.870831288321216,0.9671375358809949,0.96973491073144,0.5355876415060615,0.5564444850936794,11.498344563847184,16.832177818037582,0.9260366262742471,0.9999999999999999,1.0088439695294322,1.0094982191473338,951.0,3.187199359184635,3.489251283955535,0.10635727806869469,0.15974875217908682,0.1345951629863302,3,1
DeckingBoards,0.43760899633359646,0.5364756886582952,0.6702999586029948,0.6995857384201579,1.655941181306206,1.7478680974667657,0.9736282514157977,0.9618989801768074,0.8841924993922177,0.8422786876312083,0.41528610034195285,2.8468612086015064,1.221294658981122,1.0000000000000002,1.0,1.0,7.0,1.0392213652886977,1.6310020755495391,0.22129465898112213,0.2068046996074279,0.14285714285714285,1,1
DeckingSteel,0.23668930049700096,0.2640031871529474,0.4851193288928981,0.48605582837474426,3.4847903643877736,3.828020274749561,0.8819310189564558,0.8849505243937633,0.957828754145963,0.9703162055578234,1.0435831105621993,0.31561887101741587,1.0232689628612974,0.9999999999999996,1.0,1.0059503042747369,62.0,-0.02184847599909169,-0.3913008871117882,0.03957860412623309,0.11443821194143164,0.016129032258064516,2,2
DemountablePartitionTrack,0.6666406779747964,0.6778381884531309,0.7371684389180652,0.7337548830805186,1.215975405064321,1.3862943611198986,0.9059134069707254,0.948047754472847,0.9698747474161831,0.941591994063652,-2.355523716459284,-2.8600607329124497,0.9536953098281882,0.9999999999999998,1.0,1.0,4.0,0.04531683107253328,0.35554284796408253,0.14534663363223288,0.0,0.0,1,1
DemountablePartitions,0.5431663794570629,0.5335675939681239,0.5182150988794775,0.5101552945732192,3.275269164460246,3.6410020464511286,0.82514045651893,0.8632710164081342,0.9525832569828501,0.9642406132147385,0.1381867509915326,0.3855396793200432,0.9777069796571936,0.9999999999999998,1.0,1.001153610713452,45.0,0.11536377984978499,0.3490599321787082,0.04658168956995385,0.0,0.022222222222222223,1,1
DoorsAndFrames,0.9187102398267176,1.1373660704163184,0.8990851857788061,0.8858713912618823,3.3576255676589297,3.715951695602794,0.9818598844200473,0.9733193275962856,0.6914038228070565,0.6428300351769272,16.388717777552188,8.050350452960188,0.8898414674260939,1.0000000000000002,1.0220070015019294,1.025420395412684,61.0,3.3557891377722737,2.7900243054879645,0.17359738218507312,0.018923852488841344,0.0819672131147541,2,1
Electrical,0.006201137995202942,0.01106448701134831,0.47610434349777164,0.6935139086036973,0.6615941254960568,1.0986122886681098,0.9518464854848355,0.9820108264654308,0.949893963496349,0.9810450295997544,,,0.9907697445333576,1.0,1.0,1.0,3.0,5.516159551846683,0.6973106571137119,0.009230255466642488,0.0,0.0,1,1
Elevators,3.8886998957573415,3.1588945206506143,1.0005613939435543,1.035375825628718,0.2712319808240816,0.3676494774001865,0.9244871914772512,0.9256606509173072,0.26193378381455534,0.33571370782456866,14.651620951651884,8.125955933890543,0.6870122618633148,1.0000000000000002,1.0626765561718965,1.0927767227672434,22.0,3.912821397011444,3.062997573071773,0.31298777900865865,0.0829574936641062,0.13636363636363635,2,1
FenestrationAccessories,1.4827275764539418,1.4039803981250885,1.0715795469496872,1.0406332652549424,1.9609018142316843,2.507026435557442,0.8042775435315257,0.8542875930837134,0.556352334564728,0.6356484294516034,13.595042398028388,10.71286560883452,0.9065093078568779,1.0,1.0523782601249754,1.0709217414293657,17.0,3.450871156035974,3.013950285037438,0.18093295610664922,0.05535073160296863,0.058823529411764705,2,1
FenestrationFraming,1.1700481732215764,1.1033765858469646,2.2811231157918312,2.257690427706737,3.646614763439882,3.6959029614562207,0.9633672546730235,0.9633450856730293,0.6238243798519839,0.6304307068796957,40.225875512523764,48.203587665464426,1.050628243006406,1.0,1.00876289148698,1.0071266772545966,259.0,4.935740660741186,5.291879387314282,0.07834686163228112,0.05959169416214936,0.04633204633204633,2,1
FiberCementSiding,0.3847615424008634,0.4824760756983657,0.7583278799706538,0.8665736958670945,2.5979299578301505,3.253646282882885,0.9440637496859311,0.9279110452090704,0.8240321768183324,0.7576271999845836,8.59685270788783,5.787752721866425,0.9212642627003989,1.0000000000000002,1.0181917147767283,1.0637760190840273,29.0,2.0818278106719115,2.2292580860435383,0.0948165967610959,0.01785377709729447,0.06896551724137931,2,1
Finishes,0.6641903332320097,0.7360185261738167,0.85681030675137,0.9513482123997418,2.3949692221702423,2.540036303820993,0.9384442471820696,0.9337860085216663,0.6887739333803831,0.6739200325330237,11.526131597824072,8.639645158409058,0.9557457223729361,1.0000000000000002,1.0414565696704658,1.0650255693993074,14.0,2.9401006962282845,2.758646177526081,0.08083745089778728,0.04492956248517662,0.07142857142857142,2,1
FireAndSmokeProtection,0.9613842667655157,0.8471176283546729,0.8484571161872879,0.7200060682366952,2.648012911219338,2.96501569325652,0.972454540235953,0.9569623874889673,0.7781383125359719,0.8036513766302492,0.5015070220605585,2.7398578867051877,1.0659124446743173,1.0000000000000004,1.0145959093069123,1.0398115050583068,22.0,1.3311599260744729,1.711861715935024,0.19079145578942933,0.1580185113163807,0.09090909090909091,2,1
FlashingAndSheetMetal,1.3644980708668115,1.291391733927799,0.97311276977407,0.75230275395916,2.101262435761946,2.369382119694695,0.8670774729965373,0.8527623997462219,0.5649063131443962,0.6046637617537263,5.312004768479652,5.697749780404506,1.0258459654883654,1.0,1.0610078340686298,1.0136895162138957,12.0,2.458938843451774,2.4283404898800027,0.16833243973363127,0.13344866705157665,0.16666666666666666,1,1
FlatGlassPanes,0.8762976441872627,1.1473501746626067,0.9483602731769394,1.1815843531200414,3.0889691261281174,3.344818788748127,0.9435590877433198,0.9589790051961298,0.8411942932386974,0.6830020924039805,5.2699782656013,13.905697749123183,0.8436003619175332,0.9999999999999997,1.0018433330730032,1.0314537914014212,47.0,1.5789651507627644,3.1785048095152817,0.17376509226909642,0.01847555392380641,0.0851063829787234,2,1
Flooring,0.6599295266491854,0.6294305197404143,0.7992876450481694,0.4687026107014177,2.14000578190856,2.7516666169315256,0.8476029127165784,0.939272549697375,0.9166640070049191,0.9292242388216709,-1.290130551201158,0.4547951425760146,1.016862772568862,1.0,1.0224588541585617,1.0,17.0,0.05684718351646556,0.829167574161591,0.17603700154613466,0.0,0.0,1,1
FlowableFill,0.8890729753981951,0.831999363571885,1.27057497574622,0.9156275813826231,4.042399601008279,4.072305468043256,0.9691571580090885,0.9762806236819012,0.6811891617803418,0.7203602888414968,18.384997801647934,15.898217515867133,1.009018894589875,1.0000000000000004,1.0129010208069062,1.015013990405764,2008.0,3.4438940961157956,3.1074847658047857,0.025805788579144045,0.055668399273275576,0.052290836653386435,2,1
FoamedInPlace,1.315715587000763,1.6224118963087932,0.9995164087291896,1.0865892220470814,2.1714073085212338,2.479955520544543,0.945848872164224,0.9445632935528068,0.5157286691793808,0.5411725203070823,24.56600158951432,12.41458148110632,0.9228408062331761,0.9999999999999999,1.0392728529382975,1.0705466230163974,16.0,4.397097194464548,3.372015816832246,0.2603248282559308,0.032677575272116975,0.0625,2,1
Furnishings,0.2999663024798833,0.2983345569100991,0.8236773311870534,0.7684452725412669,1.446805156400829,1.9459101490553163,0.9019765646016595,0.8549245506455269,0.9078309723571365,0.8770109025523605,-2.445001271247021,-2.0978276500765625,0.9773188249659241,1.0000000000000004,1.0024691302071687,1.0262952408124824,7.0,-0.19222233140291148,-0.25827414594642895,0.045428677430401604,0.0,0.0,1,1
GlazedDoors,1.1828813790433064,1.2612499608102798,1.442524596215217,1.3644412890066704,3.556039184346688,3.7535348238540065,0.9429577987377119,0.9496420194823438,0.5733099477776068,0.5891387186684434,31.270063912933374,22.867447006185643,0.9397380498661974,1.0000000000000002,1.0187503540180058,1.0232070255689858,141.0,4.825695052249907,4.208242131636735,0.08516884928519435,0.039619556282167,0.05673758865248227,2,1
Grouting,4.167768298998758,4.261428504494493,2.878912796037615,2.9373440468262495,1.7753525860691226,1.769625616800982,0.9443461066462195,0.9537238530938585,0.17794857720899634,0.16862039481414282,112.91850506678048,137.9390373207367,1.0897314181077238,1.0000000000000002,1.014765011102365,1.0128132891255364,219.0,9.931161799135353,11.082697842074829,0.10608478508358091,0.1100598902552386,0.1187214611872146,2,1
Gypsum,0.668404623200426,0.6754769271695479,1.5612914512719243,1.5209602324333518,4.004853532763239,4.041985369692,0.9910023060328255,0.9896483556657156,0.7365906903457102,0.7216221720870823,26.047100353967767,29.957108667913772,1.0113988136236838,1.0,1.0103172591737446,1.0126308196948992,771.0,3.7221318375090617,4.02568946550828,0.018692221540844052,0.040958150150051706,0.04020752269779509,3,1
GypsumSheathingBoard,0.32666776500701844,0.33337392914437514,0.6980208973418054,0.4171355541791268,2.4881680709708314,2.9444389791664456,0.9638062333650304,0.9760458690286841,0.979065881907884,0.9594265198691596,-1.1806082231185546,-0.7492677633795738,1.1284780847106646,1.0000000000000004,1.0,1.0,19.0,-0.06987609014801499,0.4202646111685494,0.13068880731518248,0.0,0.0,1,1
HeavyTimber,0.9493752443193544,0.9241523765132216,0.8076822546119152,0.8342884376278692,1.2073907651782698,1.33217904021013,0.8049473530115732,0.7592687740448255,0.7357057470331443,0.7157729723279735,-2.831062965873204,-3.3166535563413673,0.9614289411881625,1.0,1.000260624720239,1.0427388608710026,5.0,0.7953050367946825,0.6034631353246369,0.06916503535285783,0.0,0.0,2,1
Hollow,0.4181268703617883,0.3706992511727067,1.2093487575942934,1.09216935359224,3.986001092299637,4.272313376561458,0.9607344222142805,0.9597051473195952,0.8636545249880749,0.9369365116088233,6.418586757296552,4.798104959028271,1.0403057738881776,1.0,1.0437736574103988,1.0179968967308053,145.0,1.6661737872281661,1.0549035409155019,0.0456876547301234,0.019456762130475768,0.006896551724137931,2,1
HotRolled,0.9740670823972597,1.084488608609946,0.7077351467892753,0.7928458560635673,3.522837435685018,3.6805424559587916,0.9709649683486649,0.9460763871725829,0.6906687116354306,0.6381903352266356,5.888071755774107,5.937936661244775,1.0200623053430786,0.9999999999999997,1.0273734020132352,1.0354190729320953,81.0,2.4023569868688788,2.508780357651325,0.08824626218939602,0.12076984487621067,0.16049382716049382,2,1
InsulatedRoofPanels,0.27241250866010736,0.29836895530754715,0.5147454712164514,0.6786754158990188,4.271391967577643,4.452181447376413,0.9549130119249012,0.9743502442809521,0.971539430709338,0.9655384155258485,0.49170170859707196,1.7135367096257828,1.0189240721038992,1.0000000000000002,1.0003990354867043,1.0093547436235804,271.0,0.5098860661524947,0.7725052913980877,0.026095091205183774,0.024361694196466867,0.01845018450184502,2,1
InsulatedWallPanels,0.2823531843116658,0.32635393069483637,1.4469673098131062,1.7494133572103887,4.093172200374563,4.206062873474789,0.9941641181119407,0.9827670469312207,0.9683949471962114,0.8893485653264389,1.2424738174050567,14.322438588274249,0.9963908042233853,1.0000000000000002,1.0002616535627809,1.0067024236349076,420.0,0.706464293965009,2.110327213800228,0.01839549968895671,0.008563272112536574,0.014285714285714287,2,1
InsulatingGlazingUnits,0.9166327752016876,0.967008142890863,0.47731594933914123,0.5851978797313567,2.758369841672565,2.8071080592762665,0.8189997399018097,0.804588013685579,0.664865278428347,0.662859966700212,3.7158617654936212,2.9875219111983373,0.9610808037560418,1.0,1.0,1.0064234240397456,32.0,2.0504749143312275,1.9379533955267263,0.06573107200586986,0.22131377080391246,0.15625,1,1
Insulation,6.049000569850186,7.642047017836716,3.2774359398014092,3.051510575717041,1.2089677052820447,1.1195555164030784,0.93911325950822,0.9670262234813197,0.1268581146285948,0.07711019537595032,54.60035012768381,160.677830254125,2.0979597849373075,1.0000000000000002,1.0172610649892906,1.0061898732902594,666.0,7.502681014193137,12.697460227733735,1.098251762747391,0.05948319917607889,0.07807807807807805,2,1
JointProtection,0.46385605079848014,0.45390140510083554,0.8097598392374318,0.6341654686834309,1.4672835310237042,1.609437912434105,0.8871627786014125,0.9221432656698454,0.918653701935489,0.9586818964757403,-2.3575159216511365,-1.804763179560318,1.0601382949955993,1.0,1.0,1.0,5.0,-0.5722293410977389,-0.23044684031140392,0.07420497310756777,0.0,0.0,1,1
Laminate,0.7015311782717396,0.74334801540831,0.447475851557278,0.44311653211693003,2.990517980566894,3.2047775241322665,0.9492397019991253,0.9402502757783897,0.9080328322905369,0.9015980887993379,-0.6612397412624589,-0.1875768365585184,1.0594925727888866,1.0,1.0,1.0,26.0,0.6796374152662644,0.882568457528503,0.0761603249518992,0.0,0.038461538461538464,1,1
MBQ,0.7520441762890825,0.6820535858471657,1.0677491637957943,0.8498974070113486,3.031838411857313,3.329224660239863,0.7644668122055117,0.8981257801072224,0.48016381956309545,0.6750436308567354,17.03093091271075,8.996858999513204,0.8551147537042798,1.0000000000000002,1.030572122238322,1.0258661333629808,40.0,3.9427419285826892,2.759513275496998,0.15988018062302192,0.07336827058058697,0.125,1,1
ManufacturingInputs,0.805512882605481,1.0871601992641038,1.062564801613918,0.7528280063162834,2.3410121123018643,2.458311329683096,0.8750896688221301,0.9289216977324047,0.8158574072223479,0.7613129615821838,-2.2095445582700943,-1.100851799947804,1.4842235841985951,1.0000000000000002,1.2805038028038207,1.0836309560059076,13.0,0.009720013378852161,0.9207019456045611,0.48422358419859507,0.0,0.0,2,2
Masonry,1.5741485443014882,1.8302846040230079,0.7873657657843622,1.0716966390316236,2.6337141438613174,2.916372065829677,0.8713581891256088,0.9421268960845763,0.5782032368181594,0.49783950607230754,6.502694969582722,14.681460022131022,1.0496447518930472,0.9999999999999999,1.0677939764097675,1.032141528074596,35.0,2.401763253958485,3.6154307695858505,0.310077614407775,0.15965056537029781,0.11428571428571428,3,1
MasonryCement,0.22318972931969314,0.3237293279094594,0.5282725836431336,0.5006100962631125,2.7612079809954615,3.044820482464581,0.8666386697230382,0.869410368239242,0.8643529163081951,0.9493417630816191,4.0409246256398905,1.1534566914275688,1.031286698079882,1.0,1.024523510585554,1.0,26.0,0.9173160653838927,0.251521169960115,0.08452647157386334,0.09878463735124969,0.11538461538461539,1,1
MassTimber,0.9954997516854572,1.04318880150003,0.6614046105703967,0.708770062491879,3.3703238945330076,3.582894310677048,0.9222809805022177,0.9230169916136531,0.6589279632167366,0.6961936673662437,3.607664401158456,2.013190636773612,0.8892429492710654,1.0,1.0737214465123988,1.096834633890862,66.0,2.1336365208470096,1.7782003698856765,0.1375535564575651,0.12965853313228132,0.16666666666666663,2,2
MechanicalInsulation,0.7662289278414284,0.9476337195459129,0.6241970373537477,0.7351111812197573,2.5690284837589137,2.9650156932565217,0.9498116266504352,0.960933685011536,0.9049703933468647,0.7460767094876462,0.7280829395190724,6.426835399965928,1.5311387551953055,1.0000000000000004,1.0,1.016696448388154,22.0,1.0829989649352043,2.3323114283104944,0.5348158179033113,0.08364119314737734,0.09090909090909091,1,1
MembraneRoofing,0.7831114072507791,0.8222270188907448,1.1614359811465764,1.2244651637643629,3.790174251500806,4.056193062930781,0.9175887224390993,0.9234880977288256,0.7677043029920526,0.7442330447541452,14.61960369460061,16.53015506031871,1.054719836792797,1.0000000000000002,1.0225674513961598,1.0231244654702034,167.0,2.8699532192108754,3.179973573222936,0.06552189117007201,0.017620722705728252,0.017964071856287428,3,1
MetalDoorAndFrames,0.6211718381693592,0.6972591588198472,0.6716878847102832,0.6951691188120159,3.1820075688069753,3.527169277557572,0.9599285800621404,0.9720853567966534,0.822266568146786,0.7955210846159941,3.1361916704066584,4.483238255739873,1.0425663154893887,0.9999999999999999,1.0256911253620107,1.0232675041148538,42.0,1.627804898880422,1.9888414151017664,0.09402797565305154,0.0467520872457413,0.07142857142857142,1,1
MetalRailings,0.5425971346865082,0.5896104063833748,0.7102833691515884,0.7292945761877507,2.254998445725083,2.5649493574615443,0.8782070203855502,0.9107115863194318,0.7512810186696256,0.8132098059093047,3.2455560631928226,1.3365778843517007,0.964573879262306,1.0000000000000002,1.02738807093067,1.0377765009248077,13.0,1.8477906145065992,1.3830146135366737,0.0827384400733604,0.12178318382262698,0.15384615384615385,1,1
MetalStairs,0.190759435338714,0.2320632784439827,0.691746980790254,0.6780831023465442,1.350610173346086,1.609437912434103,0.7649096687182814,0.936883139231212,0.7341427109941541,0.9022659119957648,1.7797266484257768,2.407895735982705,1.0612571041951722,1.0,1.0,1.0,5.0,1.607732086193668,1.030221572208379,0.06604643444257043,0.2548570013236684,0.2,1,1
Mirrors,0.45373085130066093,0.41975540924482935,0.4309092527416901,0.45338180710288667,2.288204867779176,2.6980110198441203,0.8456792844695598,0.8858439186529469,0.9510522837616211,0.9820656466956146,0.43292556013685907,-0.3762755533147122,0.9014262168057112,1.0000000000000002,1.0,1.0,19.0,0.4102804175537789,-0.006150723052177727,0.10019525587170264,0.3447845839361371,0.0,1,1
MiscMetalFabrication,0.6277099064094847,0.6338980214091733,0.89260440174061,0.7865961516113336,3.3708865641225496,3.658651571329605,0.9074157726089733,0.9566613035823043,0.7473191323975155,0.8292234295161287,9.845323307626238,6.479443290701568,0.9886978180145448,1.0000000000000007,1.025724160817855,1.0221440607243317,69.0,2.494952898910014,2.00584244311886,0.0782318229194254,0.045113600157054665,0.043478260869565216,1,1
Mortar,1.4863411261583277,1.4787698532521978,1.074735873898386,1.0898572957017194,3.5833300981278127,3.6628181955593093,0.9640534188773633,0.975913112366247,0.5440253280148543,0.5156560993004654,14.547323065915366,22.740721067742186,1.1305614927247625,1.0000000000000004,1.0438530208961883,1.0224184972413328,248.0,3.5776630751389646,4.350860885955785,0.1446580034935295,0.09005993971435373,0.07258064516129031,2,1
NetworkingCableTrays,0.575614988254466,0.5291522708788817,0.7148608989593845,0.4109637766773989,2.362496491536159,2.8152049266199537,0.9309002681236365,0.9265091341415583,0.8551581230437142,0.939080963356312,1.1453581913399746,-0.04491065968880898,0.9844792802583434,1.0000000000000002,1.0004013430174745,1.0,22.0,1.1767900442534927,0.6034103970635916,0.11294997960541969,0.12506552310988867,0.0,1,1
NetworkingRaceways,1.2369372430174723,1.2691544358768312,0.6079547200621325,0.5366621801414383,2.7601924567412146,3.1191623125197734,0.9338182611462943,0.9529889523315745,0.7813206850488177,0.7508793217006176,1.808846973688807,3.2126140860415147,1.0242181177586813,1.0,1.0033233748291361,1.000255009972166,32.0,1.5494198523478024,1.8577702184997966,0.11406329035906188,0.17021023958496856,0.15625,1,1
NonStructuralWood,0.5594639660662479,0.7706589557932153,1.1813274740175064,1.3963645591093194,3.127494144248897,3.4365559609289176,0.9300680884117553,0.922348923426846,0.8935854149879883,0.7095817101604576,13.762398089916916,18.83696409628284,0.8841111766027231,1.0,1.0038012417208124,1.0336887728097444,57.0,1.8542389190445365,3.4287981167898742,0.13641084407046766,0.018035522390274474,0.017543859649122806,3,1
OilPatch,1.2842711402732978,1.1989426866844564,1.9744801536129124,1.9214981000207352,3.464072097036496,3.566221575936878,0.9591795941151628,0.9692030010918883,0.4576718652063099,0.4711389954270896,31.59902578632765,45.294234581001305,1.1264047911391835,1.0000000000000002,1.0238413641286557,1.039029327919982,282.0,5.222070256643468,6.023495277186705,0.12661350750936318,0.07014167342230265,0.053191489361702114,2,1
OpenWebMembranes,0.21770313974628117,0.3481079363035392,0.5040903713015298,0.8180371805281382,2.040678484661291,2.4762471329830382,0.8871676685005473,0.8791687543492166,0.8615573091733196,0.7648029350820403,1.1778678136258125,5.891795459787323,0.8660813276365685,0.9999999999999998,1.000347140972972,1.0404386036000532,17.0,1.1912494516171903,2.194861197103704,0.13391867236343116,0.017686607018709465,0.058823529411764705,2,1
Openings,0.7651940787133369,0.7136213974783935,0.7194825265771617,0.6628725007735987,2.071497639039719,2.369382119694685,0.7612901986376264,0.7403192118213865,0.9110182257592286,0.9050004718726442,-1.3623420625727911,-1.1120532267081946,0.9527554537928539,0.9999999999999999,1.0006121329458668,1.0072364735941037,12.0,-0.07683966955778412,-0.17258585371032126,0.06754560424994989,0.0,0.0,1,1
OtherFlooring,0.9127531883440781,1.0660257945486111,0.37180462930905744,0.5006019455536815,3.971989465177889,4.2126418860233095,0.9282920417941357,0.9559257847486657,0.8594016593062725,0.7871854560053695,4.46019112712948,6.307879930484763,0.9013529751158039,1.0,1.008855777587151,1.0090969367734997,217.0,1.6594219933919692,2.1704384660123175,0.11895802938230292,0.03808731616476651,0.05069124423963134,1,1
PaintingAndCoating,1.0426215065436897,1.3255904299225347,0.8556632116351276,0.8919552342346238,2.4594253950488407,2.7985132569433167,0.8996453009748022,0.9689069065859512,0.6459023844646231,0.6995724358613418,18.682112583090895,7.720439185119085,0.9081585976092109,1.0,1.0272249961381683,1.047486164796515,19.0,3.6454720290701452,2.562917840510117,0.3204924200188946,0.11790904957712409,0.05263157894736842,2,1
PlateSteel,0.4678895287272094,0.8083643271484691,0.8128094521940162,0.9587934301674894,3.4255230249862074,3.6892282155780887,0.9058623543096419,0.947195553437719,0.8473840760520954,0.6190449216717577,22.865582922401504,19.900147709363136,0.8976701189258859,0.9999999999999998,1.007071296387913,1.036482101907221,72.0,2.2744736722454757,3.908362795964312,0.13727440597323978,0.007544722891714243,0.041666666666666664,1,1
PostTensioningSteel,0.11474320297082309,0.12080269980975851,0.5461335342700928,0.5323997619521273,3.0642895097709495,3.248189295336034,0.9293062868562693,0.9584969216698123,0.8916938255182151,0.9296500354873902,2.4326269331576333,1.316853972162096,0.9844401390597609,0.9999999999999998,1.0010610524403416,1.0008581966474808,35.0,1.3315539956454936,1.023361735976383,0.017388421793539492,0.024343346703965985,0.02857142857142857,1,1
PowerCabling,13.404095640398957,12.828546721187017,4.175688026156343,4.146832406273914,0.23307542213722318,0.19425306257670585,0.9299110110853639,0.9237387140813667,0.03933279113409366,0.04600312568793574,347.02337640455306,317.9583438867255,0.933379765835682,1.0,1.0040941960549092,1.0050438331473366,400.0,18.330479636803602,17.412882710732227,0.11386083171788254,0.16359463697906526,0.14250000000000002,3,1
PrecastConcrete,0.3786825381440391,0.4139935392052079,0.5213861998549613,0.606841084710584,4.10855010168048,4.182741758969894,0.9470780582933653,0.9302077316110111,0.8140167374036025,0.7336729667981577,9.302569536348297,12.101410410853392,0.9751404761879316,1.0000000000000002,1.0109546651727865,1.0150713171169783,499.0,2.3031761051761985,2.9065579849364807,0.025025371817782152,0.048739737152597364,0.0501002004008016,1,1
ProcessedNonInsulatingGlassPanes,1.3344623857103897,1.4486129539550832,0.6881025032050327,0.6113143746920594,3.546016452620567,3.7033518384113355,0.9474301938836615,0.9607776179559141,0.7127931567166175,0.6561514067583674,6.9938108827124275,9.588530078040709,1.1642504427945943,1.0,1.0098937259764722,1.0205414751202506,130.0,2.4170493951662766,2.8698918209768816,0.17261704809524658,0.06381066808003505,0.06923076923076923,1,1
ReadyMix,0.29095197959625496,0.2909845604249281,0.6846305795100622,0.5153703803405862,4.434617601504179,4.433677739630799,0.9870453238000487,0.987965882497951,0.9806788719522553,0.9796251503495242,1.3056381610061072,1.3982624158691794,1.0006377907520572,1.0000000000000002,1.0015375241638578,1.001822199521841,86770.0,0.6220325513957662,0.6429799944743362,0.0011074474253368696,0.011305396868537366,0.011951135184971769,1,1
RebarSteel,0.9342361934783976,0.9381636366760756,1.6613633386180522,1.6518612437950675,3.6644242247787746,3.751123252407115,0.9680636738527292,0.9746013036068354,0.6875658452951185,0.7006694797153243,20.995199486785435,20.6025159996925,0.9974560885017318,1.0000000000000007,1.0074552365542742,1.0252714661014808,204.0,3.4148167830510205,3.36976542456875,0.031062697801073368,0.1207410319314589,0.08823529411764705,3,1
ResilientFlooring,1.0843543439075614,1.0895263019744847,1.0485988968607032,1.0684733156148338,3.915868751342284,3.9951491720820913,0.9384346422416922,0.9360211490591377,0.5506846500526584,0.5447395756348599,12.726788608949507,12.743435548041221,1.0116405029557056,1.0000000000000002,1.0389765447596708,1.0378106248950725,468.0,3.4889558104131666,3.5122807152031275,0.025204820830348647,0.08316791825924923,0.09401709401709404,2,1
RoofCoverBoards,0.20526400895930386,0.20012410867681027,0.6846773439688794,0.47180362926006125,2.5437833425027954,2.9264175554979985,0.7591825066523465,0.8980326989054888,0.8004099537943093,0.9393258346928226,0.04147614781625295,0.7934112410859429,0.9768535432132915,0.9999999999999998,1.0070154565251372,1.0,20.0,-1.0581631254794919,-0.36812075268569155,0.0436559872099314,0.0,0.0,1,1
RoofPanels,0.745973544696887,0.8136678978089753,0.3853193452093117,0.42018105896944086,3.4496932548503407,3.7159516956027874,0.9396276723664576,0.9652075554857067,0.923417045201437,0.8885601779274186,-0.46772861362680607,1.4880714421242163,1.0912702220231034,1.0000000000000002,1.0,1.0,61.0,0.6888254212557682,1.2249458808356204,0.1270133769611202,0.002674418540895177,0.01639344262295082,1,1
SheathingPanels,0.8791106428021422,0.9276204385819743,0.43814019366283063,0.47368896331413574,3.422862831835396,3.7255440183909716,0.8992945415794971,0.8999491904844276,0.7577563043655118,0.769626178997154,1.2142876048574613,1.4063643964372143,0.9778903919942947,1.0000000000000002,1.0,1.00123504297487,71.0,1.4908407493079439,1.5047293010246805,0.06592609035373777,0.13016712579591697,0.08450704225352113,1,1
Shotcrete,0.20612402571100844,0.2088770449700179,0.2059043117074972,0.2953234364491428,4.852066389845827,4.928685215250402,0.9946071392706413,0.9961483874264266,0.9855533066567019,0.9830732894153505,0.341197960431295,0.5220493719608227,1.001251398196377,0.9999999999999998,1.0,1.0031641043546695,1669.0,0.46567251228538364,0.5310968586525006,0.004261886147028044,0.012193129583418068,0.01318154583582984,1,1
SinglePlyEPDM,0.4358591106778351,0.34292691616165283,1.0124117803630772,0.691677623209071,2.442855553318303,2.823416998397396,0.9226673453469799,0.9430512033296627,0.8318027219855723,0.8438402111619846,-0.2080023265869152,3.621526818691267,1.199151078807034,1.0000000000000002,1.0077774244594586,1.0220208979699077,29.0,1.0255051799206898,1.6859047926828987,0.20359568500331693,0.1800080011824223,0.034482758620689655,1,1
SinglePlyKEE,0.2375175161157313,0.22683337493697137,0.47361581147853976,0.5456010963617324,1.9615107704449166,2.271868512696562,0.9617146086840636,0.9442930210267295,0.9455208862675365,0.9477417689983973,-1.2245296370387027,-1.092193674990339,1.0143132520542708,1.0,1.0,1.0,11.0,0.3461965781098211,0.1932887635188584,0.0316613160507849,0.0,0.0,1,1
SinglePlyPVC,0.5139083244130161,0.5697844926120312,1.5778677068141749,1.6281146097856025,3.3603288616726266,3.580155174195158,0.9307528474348624,0.94268343126057,0.646043008293982,0.6277805150881279,35.68071805113103,29.367183239044298,0.9599927591045546,1.0000000000000002,1.0131502264759538,1.0212236146758435,74.0,4.7003465063752845,4.52945457277894,0.04456402920810431,0.05896447331394603,0.04054054054054054,2,1
SinglePlyPolyurethane,1.0526558476631585,1.4799323579954102,0.8178729393394245,0.945407429712929,2.014987073692391,2.4125524321158003,0.8871166200130614,0.912454605945104,0.7765846155466269,0.6706855173315315,7.807711274457489,8.41012405520817,0.8813126756598268,1.0,1.0109638739072526,1.0452903621918959,27.0,1.739460911994443,2.586558181307767,0.3059427237263445,0.004575005067148818,0.037037037037037035,3,1
SinglePlyTPO,0.2993369040417522,0.28948968639615846,0.5243308716300528,0.3482466623663282,3.319222202643261,3.569549989986674,0.9496686631194888,0.9628177563247164,0.9567995493782506,0.970432080527098,-0.1785070810978135,-0.24808514837523196,1.028131826936511,1.0,1.0,1.0,62.0,0.3600575355469509,0.3458057653557264,0.033058793807245725,0.07694031895308452,0.0,1,1
SprayedInsulation,1.0068869855957467,0.9697947138020934,0.9482368714663055,0.9664301163130178,1.832062777947439,2.3978952727983844,0.8914574667257523,0.9069414764011795,0.6053408251649799,0.6129075333222098,11.983133051057136,8.799933580686853,0.8902717323966147,1.0000000000000002,1.0439997699969141,1.0779462715886574,11.0,3.1802781285271884,2.8463994367097922,0.12246189687515063,0.07152232190490906,0.09090909090909091,2,1
Steel,1.3812416488888692,1.5669298124647266,2.150199572809753,2.364227317204637,3.036874975264181,3.096306281467452,0.9462607410924028,0.9355756648166935,0.359820302942662,0.31834764625857803,118.63720060352642,113.91733133095659,0.9263682952918006,0.9999999999999999,1.0093627831820162,1.0109669425751375,554.0,9.821989752526187,9.804880883772157,0.08134939839932363,0.020834997628486576,0.03249097472924188,6,1
SteelSuspensionAssembly,0.16076121547911718,0.17751690458518551,1.0838855362775117,1.0564167191076925,3.538738371017739,3.799116738187332,0.898945551679846,0.8890456976663696,0.7898639318757688,0.7802496254202818,12.386274724219852,10.275644329855286,0.9885989775417648,1.0000000000000002,1.0257822515171737,1.034552392430763,99.0,2.66663841204372,2.6044271838062603,0.013207263988593914,0.020123315230734497,0.04040404040404041,2,1
StoneCladding,0.7778554304874405,0.9558796840416389,0.5742692839980315,0.6752562077596506,2.4655049234242763,2.8714761180548782,0.8902670687288543,0.9293250095388597,0.9018427458553473,0.8190954874447443,-1.1038190712286122,-0.7438563083664108,1.1536017727605206,1.0000000000000002,1.0,1.0458781823582648,19.0,0.5513200988965944,0.9008376289479634,0.18417034377187658,0.0,0.0,2,1
StorageFurniture,0.34823520899146865,0.4654584517878537,0.564548520134097,0.7812530624112051,2.2188380018372285,2.615630577027558,0.920991550537899,0.961507346072651,0.916898270823452,0.8159698579517914,5.078547098091626,5.1632349742705825,0.9557832437667452,1.0000000000000002,1.0032126011656535,1.0315848101112135,15.0,1.0647486127431927,1.9830093119020336,0.10107316196597216,0.10027926442481418,0.06666666666666667,1,1
StructuralSteel,1.7612502267031735,1.3461490122091935,2.629326880938862,2.363041057153155,2.923011526212917,3.015652951195378,0.8034890322440559,0.8505410303616352,0.29715686143575093,0.2848634747074299,20.825040062378093,84.93769601858503,1.4459729933310956,1.0000000000000002,1.0423340365281129,1.0123447403521928,103.0,4.672572863377227,8.785365836662631,0.4459729933310957,0.038857631227810184,0.009708737864077669,2,1
SupplementaryCementitiousMaterials,0.5850765240017057,0.6785534637936887,0.45963606051488265,0.5403061702655045,2.8940833672540225,3.1341624585866596,0.8198598691081508,0.8792057181561285,0.9348060212576879,0.9016795102115777,0.644274067629103,1.8625458453644894,0.915197657366311,1.0,1.0,1.0,28.0,0.6952762095073944,1.2590710963469338,0.0974221713568257,0.005488659894453104,0.03571428571428571,1,1
Tables,1.40754481138985,1.4227329130234618,1.4848781072050308,1.5527343470755668,3.0847534301036235,3.3269090919024285,0.8915580580551598,0.8940085624857316,0.6832362286231244,0.6767488200663816,23.20285075355689,19.41964680217087,0.809570709795656,1.0000000000000002,1.005243726951597,1.0100520846598342,161.0,3.4566249446713155,3.3685197015509734,0.19070747217958894,0.04815173800946337,0.06211180124223602,2,1
ThermalMoistureProtection,0.8875404851516723,0.8253240274314084,0.9376364336787344,0.8294424098154558,1.1895360477061825,1.3862943611198995,0.8319446469147392,0.8171922783769087,0.8227693515122829,0.8527462263722759,-5.166345192366014,-4.168587394141225,1.0238724730097766,1.0,1.0,1.0079709579253313,4.0,0.43147104487291243,0.3209332241114087,0.1476411818658854,0.0,0.0,1,1
TileGrout,1.3104603823391012,1.4156952247595267,1.177187487658947,1.2720896709090186,2.9660102947524525,3.200961690512133,0.9606060147057622,0.9452086398049784,0.5296291252817421,0.49420275055298923,23.0586054696122,21.000293933166038,0.9794089103831004,0.9999999999999998,1.019779094781289,1.028004806138072,43.0,4.301494336286658,4.263071936016621,0.07539327501076835,0.10893216500637933,0.13953488372093023,2,1
Timber,0.7232811916098527,0.7157452272244843,0.6270307807416442,0.49183007394921496,2.371362515213716,2.6701198898068257,0.9682220641444185,0.9472277148076841,0.8957644788216702,0.8891830643148253,-0.5228737801711257,-0.6612808274714739,1.0202980087532298,0.9999999999999998,1.0,1.0,17.0,0.8728583014274085,0.7762759986306239,0.07785094710466912,0.0,0.0,1,1
TranslucentWallAndRoofAssemblies,1.2455370547667561,1.2259503377251046,0.759664567368557,0.6943586052753362,3.266548717600072,3.4254875956560005,0.9576374152704024,0.9549088030554224,0.6291891017625849,0.681419677490616,6.09647201553334,3.856817957815732,0.92889220482044,0.9999999999999998,1.0214295040333483,1.021736585612737,46.0,2.550063488248152,2.138730143454938,0.10672132741314884,0.12821989077685325,0.13043478260869565,1,1
UnitSkylights,0.6575556533639743,0.6372305118437162,0.6485524908118037,0.55608713754734,2.5153670426313863,2.639340587232442,0.9208483665563526,0.9393172999575172,0.9112207558086641,0.9022556790137422,-0.4165425314789139,0.5566068457998969,1.0418976103206044,1.0,1.0,1.0,17.0,0.6915859731887382,0.9785275424222478,0.09613029841044696,0.029847196764799203,0.11764705882352941,1,1
VinylSiding,1.272182588215972,1.3845384619690293,0.4857480314913799,0.6943472311202832,2.0908066209679292,2.397895272798388,0.9720288126065325,0.9799075377812185,0.6382700162309799,0.6868774911084219,23.004219327694926,4.389694439131625,0.5511671176368158,0.9999999999999999,1.0151558676517294,1.0038169098027372,11.0,3.8494362915100533,2.1481102322363004,0.4552356302167588,0.05704518364057862,0.18181818181818182,1,1
WallBase,0.4595522319585266,0.3570025496450679,0.6136782049633925,0.5065159058766877,2.0192694258740427,2.441015278026709,0.9681139100160299,0.9662404692278658,0.9269262931830053,0.9412145242170876,0.2478778917058951,-0.11525581453034624,0.8516393997769891,1.0000000000000002,1.0,1.0,14.0,0.9567116660103139,0.5686335102790787,0.14836060022301134,0.0,0.0,1,1
WallFinishes,2.1992850936677106,2.4751817387410004,2.3385222550732525,2.5255793222541123,2.6112877021354235,2.703165945311127,0.9844274126410508,0.9809802278442254,0.4237422910337682,0.33452548963143225,58.172656745599966,87.2069190746648,1.1200226751763944,0.9999999999999998,1.0204133919499685,1.0104926197869581,173.0,6.223904940906609,8.36344894730795,0.25733136950098257,0.11644933409738789,0.08092485549132947,2,1
WallPanels,1.0342219440584457,1.010689229240488,1.2516298945005648,0.9260735457240363,3.8932309664615783,4.0636983318715805,0.9881674008309478,0.9856935628953374,0.6774120471869016,0.6870348852696693,11.51200395612495,13.915727699551647,1.1239465278438072,1.0,1.032575533870016,1.033932292630582,163.0,3.0211019804837806,3.2230480327244324,0.12554667107458425,0.06117989852082235,0.0736196319018405,3,1
WeatherBarriers,1.5680071418744133,1.4501826092776267,1.3612231785509867,1.2038506325599954,3.106428276517223,3.3019643441030273,0.8808236646950579,0.9252327779453707,0.4720476949310664,0.4928442127330489,9.058462764842714,16.439443590511278,1.188063992724911,0.9999999999999999,1.0669587340480036,1.0375699787406485,59.0,3.156829667099132,3.922462462830909,0.19890450806032178,0.09603208430333636,0.0847457627118644,2,1
WindTurbines,0.3989257195156556,0.4153789910288454,0.822334180669847,0.7190962020828512,1.0842237117270082,1.0986122886681136,0.9996282146198306,0.9981966088328774,0.9771598841771193,0.966668504417591,,,1.069962835861313,1.0,1.0,1.0,3.0,0.19051649249438105,0.9064969307395134,0.0699628358613127,0.0,0.0,1,1
Windows,0.9837663146858279,0.9470498289022686,0.9185567161942861,0.7414686595908531,3.879639213605753,3.994912591847233,0.8976603124129124,0.9058813516735246,0.628474710843386,0.6544545514974429,19.87096425476178,19.2192015804776,0.9655063077976336,0.9999999999999998,1.0177279044115854,1.0123120893818554,358.0,3.878523692484617,3.7345776123065155,0.04622617007454531,0.054706777933146475,0.05586592178770949,1,1
WireMeshSteel,0.7490184834473188,0.9281123703275191,0.5735094355854033,0.6384995828501319,3.1290309844818918,3.474962360214349,0.9643001620431965,0.9821929129457144,0.8243188167737956,0.7204815130384645,5.227208621196781,7.628868477339268,1.0596275976953302,1.0000000000000002,1.00557437476491,1.0379005701636774,53.0,1.8994143643158254,2.5455243983060534,0.14872091510045624,0.06662691262845767,0.07547169811320754,1,1
WoodDoors,0.7619135220461626,0.7851614306847334,0.5398249230900236,0.5347831307565294,2.9041499122974543,3.14613250681212,0.8624887507882475,0.88727920197009,0.8322231756648512,0.8345202118701367,2.4775694879983963,1.145034504994338,0.8505071509555647,1.0,1.0127827554560618,1.0002789316118015,32.0,1.576269932998556,1.3634347635970867,0.1495797502656855,0.1283725245153101,0.09375,1,1
WoodFlooring,0.7272922710971119,0.7629643150502472,0.46978317477162806,0.43732132631475684,3.2718799384066553,3.5172714472404056,0.8897426380015548,0.898500164593806,0.898153998545116,0.8865250577638243,-0.19452567252783023,0.40828716682646327,1.03770068470998,1.0000000000000002,1.0,1.0001441204135324,86.0,0.8601329234915431,1.0392744927875892,0.06422663949696464,0.001505695639488217,0.08139534883720931,1,1
WoodFraming,0.4845021405176518,0.5500719124716609,0.5668988138145282,0.7258724228388833,1.6027559579405823,1.9459101490553208,0.8457985588734399,0.9330783948343561,0.8875395705508148,0.8565311507370187,8.21800057730905,3.279366218317636,0.7574387372228915,1.0000000000000002,1.0025866086186246,1.0008933032991265,7.0,1.046584952875219,1.506255263709312,0.24447930425768913,0.0,0.14285714285714285,1,1
WoodJoists,0.42048526563767824,0.4718213786193156,0.5724381055187128,0.6312889582991137,1.2085656525202713,1.3321790402101268,0.9396581500159067,0.7946017684845508,0.9372025573840849,0.7794993846516854,-1.1782837349912603,0.8355693823115756,1.129751680504357,0.9999999999999999,1.0,1.0,5.0,0.5927797837953724,1.3543000965976584,0.1298758075264771,0.0,0.2,1,1
WorkSurfaces,0.33678191498212956,0.47419893688971987,0.5859529952200963,0.7892017609315067,2.1960614563412015,2.4849066497880083,0.8062726345199401,0.931095573596477,0.9170056577822541,0.8502937991478721,3.0338998202859737,4.478796333399863,0.9072432565893767,1.0,1.0048354351313846,1.0413798658841604,12.0,-0.256052564058103,1.6503467309040771,0.1194784357290234,0.004962090400331437,0.08333333333333333,2,1
