stratum,truncated_mass
s1_3_9,0.015547630713575122
s1_3_9,8.702649711977983e-11
s1_3_9,0.17866489496199667
s1_3_9,0.04085926182151611
s1_3_9,0.2132443244785137
s1_3_9,1.1843387222043589e-05
s1_3_9,6.579472624279603e-06
s1_3_9,2.987217140315579e-10
s1_3_9,7.200762208725564e-11
s1_3_9,9.928224908861694e-11
s1_3_9,3.969458628461098e-08
s1_3_9,0.01434379258087437
s1_3_9,0.0
s1_3_9,2.76257714815209e-07
s1_3_9,3.3013591860253655e-12
s1_3_9,0.002688473749670184
s1_3_9,1.196458043750681e-09
s1_3_9,0.016646164800692698
s1_3_9,0.015113936291270225
s1_3_9,0.0003596702428212417
s1_3_9,0.000406174310248808
s1_3_9,0.008903613921076747
s1_3_9,0.0
s1_3_9,2.2715163083830703e-13
s1_3_9,0.1774741777880311
s1_3_9,1.9370116621786337e-10
s1_3_9,1.7707654964560504e-07
s1_3_9,0.010462806222982124
s1_3_9,1.4767742584353982e-11
s1_3_9,0.002406821709853846
s1_3_9,8.960918207456814e-08
s1_3_9,0.0013120562747612752
s1_3_9,0.19021076779574608
s1_3_9,0.0032438919458834814
s1_3_9,8.623701814647333e-06
s1_3_9,0.01571967420888598
s1_3_9,5.023115428048897e-07
s1_3_9,0.0017303422931959078
s1_3_9,2.942924419713222e-07
s1_3_9,1.0207057421496302e-11
s1_3_9,2.5103463752174093e-10
s1_3_9,1.4141774105413951e-05
s1_3_9,0.026072364522941927
s1_3_9,1.721093267903484e-10
s1_3_9,1.5503496366919833e-05
s1_3_9,1.993869069849552e-09
s1_3_9,2.7911006839076435e-13
s1_3_9,3.102743040273026e-08
s1_3_9,2.4951896104852267e-10
s1_3_9,2.1033419450589008e-10
s1_3_9,5.417888360170764e-14
s1_3_9,1.9208257207026236e-10
s1_3_9,5.775502575966485e-06
s1_3_9,0.0038947531543770397
s1_3_9,2.072777127715142e-08
s1_3_9,1.6278498549127107e-09
s1_3_9,2.8258906326072974e-09
s1_3_9,3.0438028764123715e-08
s1_3_9,0.025825182208173647
s1_3_9,7.06740690248342e-06
s1_3_9,0.00718992247189898
s1_3_9,1.282496331356242e-10
s1_3_9,0.00970345259114469
s1_3_9,7.585462058112835e-05
s1_3_9,5.103114597559966e-10
s1_3_9,0.013604516521536603
s1_3_9,1.2047141062510036e-10
s1_3_9,0.001057994888503
s1_3_9,8.686469325547286e-05
s1_3_9,1.2434497875801753e-14
s1_3_9,0.007828275863152157
s1_3_9,5.170238815521699e-06
s1_3_9,2.0347232787543135e-09
s1_3_9,5.70492618368057e-05
s1_3_9,1.60298324614061e-08
s1_3_9,1.8466106910253188e-07
s1_3_9,0.15525291183145218
s1_3_9,1.593651877129787e-10
s1_3_9,0.002351371908342559
s1_3_9,0.0
s1_3_9,0.028399844579361067
s1_3_9,0.008891440153735775
s1_3_9,0.0019518742337267803
s1_3_9,0.010163698578959823
s1_3_9,0.006136780655234486
s1_3_9,0.005859067842131416
s1_3_9,1.3964859046922129e-08
s1_3_9,0.012348473598181808
s1_3_9,5.887434648688128e-07
s1_3_9,1.3385954567013414e-09
s1_3_9,0.010985576842343248
s1_3_9,0.017958491756510542
s1_3_9,5.76008275107176e-05
s1_3_9,3.0014202234696086e-10
s1_3_9,6.8833827526759706e-15
s1_3_9,1.235107127683932e-09
s1_3_9,0.1976476391526759
s1_3_9,6.020304255116571e-10
s1_3_9,8.36364977274684e-08
s1_3_9,0.0
s1_3_9,1.4969307670642529e-05
s1_3_9,5.6425549788130525e-09
s1_3_9,0.10758504939267444
s1_3_9,4.437745659879866e-05
s1_3_9,1.5063201042164742e-05
s1_3_9,2.4331836545599117e-10
s1_3_9,0.15396813098305784
s1_3_9,0.010511595718172173
s1_3_9,0.0012513320119590388
s1_3_9,0.0041531000823458175
s1_3_9,2.220446049250313e-16
s1_3_9,0.013566292546846936
s1_3_9,0.02834466945669456
s1_3_9,1.9968997588826198e-07
s1_3_9,9.928602384690066e-11
s1_3_9,1.0499028313404324e-09
s1_3_9,3.465070232300249e-06
s1_3_9,0.4581184648136075
s1_3_9,0.0014551005383743876
s1_3_9,0.02399396017051658
s1_3_9,0.009535183893804589
s1_3_9,4.990674540295004e-11
s1_3_9,2.951358347391686e-05
s1_3_9,0.00033222044593306244
s1_3_9,2.927623226067766e-07
s1_3_9,2.3112300961969368e-10
s1_3_9,6.00155702912275e-10
s1_3_9,1.1251636289344447e-09
s1_3_9,9.341113438310344e-09
s1_3_9,0.013089960653053345
s1_3_9,0.009594366892934691
s1_3_9,0.0130073596458129
s1_3_9,0.0060912092058198475
s1_3_9,0.01591747287959977
s1_3_9,1.2931778536895422e-08
s1_3_9,1.646645796060664e-05
s1_3_9,0.00024108470355233003
s1_3_9,0.003499403025604697
s1_3_9,0.014336944341865276
s1_3_9,0.011729621969971737
s1_3_9,3.292233204277295e-05
s1_3_9,0.21253068799620722
s1_3_9,3.2727591074976914e-06
s1_3_9,0.01960669665950543
s1_3_9,0.005477707195549519
s1_3_9,1.0169576292184956e-10
s1_3_9,1.4743595233568385e-09
s1_3_9,0.01438093873978119
s1_3_9,0.016279276165528156
s1_3_9,3.259279200196197e-05
s1_3_9,0.012890611050789258
s1_3_9,1.075010760964723e-06
s1_3_9,0.022059703236198436
s1_3_9,0.12912849003392235
s1_3_9,0.005378870195268504
s1_3_9,0.005318807543634008
s1_3_9,2.842170943040401e-14
s1_3_9,0.010680949628773417
s1_3_9,1.2327092679953466e-08
s1_3_9,0.01437002094353268
s1_3_9,0.0001114912076525254
s1_3_9,1.5380208218118696e-10
s1_3_9,3.4416913763379853e-15
s1_3_9,3.0647846260833944e-08
s1_3_9,1.3596737957755067e-07
s1_3_9,4.294444387142882e-05
s1_3_9,2.231994589152464e-10
s1_3_9,0.00786828002976303
s1_3_9,0.011459969250470103
s1_3_9,4.356808040784088e-06
s1_3_9,1.0347528389687e-09
s1_3_9,0.020130880421468156
s1_3_9,0.01143317722765147
s1_3_9,8.797007566840875e-11
s1_3_9,0.000632919963034162
s1_3_9,0.0010387963286364599
s1_3_9,0.004932715969818258
s1_3_9,0.012667379121596323
s1_3_9,1.89594906441215e-08
s1_3_9,0.0026787939593614363
s1_3_9,0.0
s1_3_9,6.199266699979944e-08
s1_3_9,0.04178342045107264
s1_3_9,0.007591789304613905
s1_3_9,0.015305280571165425
s1_3_9,0.014933340917378413
s1_3_9,0.0003353579786644634
s1_3_9,1.8477142038619832e-10
s1_3_9,1.4505108225648655e-10
s1_3_9,0.0
s1_3_9,1.1803062814896847e-05
s1_3_9,2.187884338278323e-05
s1_3_9,0.013805905775784333
s1_3_9,3.126388037344441e-13
s1_3_9,3.522997834770614e-05
s1_3_9,8.487646269861315e-05
s1_3_9,2.228099926782079e-10
s1_3_9,1.2606679133941867e-07
s1_3_9,0.006579068387501552
s1_3_9,0.005184880611737608
s2_10_99,5.311979167643699e-08
s2_10_99,0.034825310326942804
s2_10_99,0.011639878551699567
s2_10_99,0.036128156187584914
s2_10_99,0.013591592985669032
s2_10_99,7.654088474140508e-11
s2_10_99,0.030694978442531773
s2_10_99,2.220446049250313e-16
s2_10_99,1.1507838695634653e-05
s2_10_99,3.470497293989183e-06
s2_10_99,2.90495705268512e-09
s2_10_99,4.276197172825569e-05
s2_10_99,0.0013004104204691336
s2_10_99,2.0345625184603477e-10
s2_10_99,0.004726264060039509
s2_10_99,1.6052967610757918e-07
s2_10_99,3.319122754419368e-12
s2_10_99,1.6189950579059698e-06
s2_10_99,3.361725242623237e-07
s2_10_99,0.01126865540397981
s2_10_99,0.017775483353803523
s2_10_99,0.015938023200888107
s2_10_99,0.02489224431432835
s2_10_99,0.1589159822613192
s2_10_99,0.025183421875580203
s2_10_99,4.141745390762175e-05
s2_10_99,5.1714378614953205e-06
s2_10_99,1.0633130060888618e-06
s2_10_99,8.001760365416999e-10
s2_10_99,9.99482147912012e-06
s2_10_99,0.007295424157016894
s2_10_99,0.00027463338066169296
s2_10_99,2.163170753632926e-10
s2_10_99,0.013120146035518365
s2_10_99,4.106937012693379e-12
s2_10_99,0.013012263544605385
s2_10_99,2.671785015451178e-10
s2_10_99,0.000827171833860163
s2_10_99,2.3273649674138142e-10
s2_10_99,0.010908304794388424
s2_10_99,7.909228827429615e-13
s2_10_99,0.00806998296803385
s2_10_99,2.0792512156475595e-10
s2_10_99,1.0372896985799684e-09
s2_10_99,2.3295473550177803e-08
s2_10_99,1.8671109103252093e-10
s2_10_99,0.015064039284866326
s2_10_99,2.3924301319588892e-05
s2_10_99,2.040661340307892e-05
s2_10_99,0.0001515137122229948
s2_10_99,2.414117794558024e-10
s2_10_99,2.1842572195396315e-10
s2_10_99,3.0233138215152167e-10
s2_10_99,2.349551361024993e-06
s2_10_99,0.011098089486611062
s2_10_99,0.012178208580754246
s2_10_99,0.012731973494116255
s2_10_99,1.748671207835173e-10
s2_10_99,2.887982489818697e-07
s2_10_99,5.61144042343642e-08
s2_10_99,1.3190298468579442e-05
s2_10_99,0.003688133787226544
s2_10_99,3.774758283725532e-15
s2_10_99,0.0013664123396155414
s2_10_99,5.8780104006395106e-08
s2_10_99,1.8574761494472014e-06
s2_10_99,0.024065795921730637
s2_10_99,3.140755433506115e-10
s2_10_99,1.7556953624264793e-07
s2_10_99,0.00033269346126330035
s2_10_99,0.006882492402083273
s2_10_99,6.390843410031266e-10
s2_10_99,3.001598969376573e-10
s2_10_99,1.5880663450928978e-10
s2_10_99,0.029943630988720882
s2_10_99,0.054845124261671985
s2_10_99,6.264240742237526e-06
s2_10_99,2.937274867775841e-10
s2_10_99,0.012350463601844441
s2_10_99,5.089656673895604e-08
s2_10_99,5.1479931428843884e-11
s2_10_99,8.920746327523155e-05
s2_10_99,0.033571097576375886
s2_10_99,0.00045809711822464294
s2_10_99,0.007061047126906805
s2_10_99,1.6142587266898545e-10
s2_10_99,0.021244420462655622
s2_10_99,0.005537599102957147
s2_10_99,0.002232218377445805
s2_10_99,0.023702469626820544
s2_10_99,0.00016371794348635227
s2_10_99,6.138071317884908e-08
s2_10_99,1.6923769385890353e-07
s2_10_99,0.1520391796753846
s2_10_99,0.005571313209826068
s2_10_99,2.9223136872813527e-05
s2_10_99,0.24012145329258272
s2_10_99,1.5336244412189615e-06
s2_10_99,0.09768394142327907
s2_10_99,2.4300006451483114e-10
s2_10_99,1.3180345703744933e-10
s2_10_99,1.268666394160789e-09
s2_10_99,0.011871510087424042
s2_10_99,1.837583751829186e-09
s2_10_99,0.00019699316249033316
s2_10_99,1.580116941735099e-07
s2_10_99,3.5572827188468104e-05
s2_10_99,1.05250141935187e-10
s2_10_99,0.17963082182077872
s2_10_99,2.5928708069500317e-09
s2_10_99,8.025247133502944e-12
s2_10_99,8.811746887715799e-10
s2_10_99,0.0274816825290618
s2_10_99,0.01159847423389826
s2_10_99,0.00837567827000718
s2_10_99,0.012967534171860806
s2_10_99,0.013582371815062166
s2_10_99,0.0018436342692975671
s2_10_99,0.012688398091991293
s2_10_99,2.176189164426745e-07
s2_10_99,2.298090606700498e-10
s2_10_99,0.013023099811379835
s2_10_99,1.2577405783531503e-10
s2_10_99,7.080280268301209e-06
s2_10_99,9.56267339868866e-07
s2_10_99,0.005124562978306768
s2_10_99,2.3157746753543762e-07
s2_10_99,1.3227398444559668e-05
s2_10_99,1.070636825861726e-07
s2_10_99,4.458659090378347e-06
s2_10_99,0.005715575994223787
s2_10_99,0.01143196440973926
s2_10_99,0.010574998337617991
s2_10_99,2.773028473512795e-10
s2_10_99,0.001281850621607683
s2_10_99,3.2243342307225475e-07
s2_10_99,0.19314809883402084
s2_10_99,0.010954920724069672
s2_10_99,1.869282506561376e-12
s2_10_99,0.0
s2_10_99,0.010812865028465124
s2_10_99,4.350971278821447e-07
s2_10_99,0.026432437886394933
s2_10_99,0.012044260522451444
s2_10_99,0.011683173618443954
s2_10_99,2.2542945088410704e-07
s2_10_99,3.2163161023390785e-13
s2_10_99,8.71135275026802e-09
s2_10_99,8.497360430848033e-07
s2_10_99,0.024265511858319266
s2_10_99,1.3498535622602503e-11
s2_10_99,0.012668280446596292
s2_10_99,1.9496348979686218e-10
s2_10_99,9.658940314238862e-15
s2_10_99,8.430531828196308e-10
s2_10_99,0.01465093201982115
s2_10_99,0.0025302699559235364
s2_10_99,0.0022567269240227894
s2_10_99,2.8736525470751673e-05
s2_10_99,2.4312708764462343e-05
s2_10_99,0.0005311956326641276
s2_10_99,2.7276136904674786e-10
s2_10_99,0.0005409836588358141
s2_10_99,0.23347487857128757
s2_10_99,0.013918599570290069
s2_10_99,0.011817509893878753
s2_10_99,0.000735363177626347
s2_10_99,4.392930463836819e-12
s2_10_99,1.0215872592311825e-10
s2_10_99,3.79758314572598e-07
s2_10_99,0.0004438337428623873
s2_10_99,1.7319479184152442e-14
s2_10_99,9.420279001304266e-10
s2_10_99,0.0013117634011501345
s2_10_99,0.00015177919920850158
s2_10_99,9.870337880357738e-10
s2_10_99,0.0009354274812384267
s2_10_99,0.008491285535766613
s2_10_99,0.000314658149317415
s2_10_99,1.543556722438666e-07
s2_10_99,0.03873797948212854
s2_10_99,3.3652892430513504e-06
s2_10_99,8.479475380740453e-07
s2_10_99,2.7126745294481225e-10
s2_10_99,1.351732059617916e-10
s2_10_99,1.780335878720507e-10
s2_10_99,1.4668591519217955e-07
s2_10_99,0.013628556568875294
s2_10_99,1.8698709247644274e-10
s2_10_99,1.027354843241568e-05
s2_10_99,0.0038778298918955567
s2_10_99,1.4413892301945452e-10
s2_10_99,0.011366547240643343
s2_10_99,0.009488525380514146
s2_10_99,0.23815716076208182
s2_10_99,8.787893301942518e-09
s2_10_99,1.5480974925097257e-05
s2_10_99,1.178250723654628e-07
s2_10_99,2.413114152943763e-10
s2_10_99,0.02492517009389772
s3_100_999,1.0793677063247742e-10
s3_100_999,0.06163572426033115
s3_100_999,9.738657369418036e-08
s3_100_999,4.6182676460837513e-07
s3_100_999,0.010695835087362382
s3_100_999,1.6687395909542602e-10
s3_100_999,1.6905143951362334e-11
s3_100_999,1.58928870064301e-10
s3_100_999,2.2905721763777365e-10
s3_100_999,1.1088167717332453e-07
s3_100_999,8.680834939767124e-10
s3_100_999,1.7977974664518115e-10
s3_100_999,0.426089281462239
s3_100_999,0.02055797479972654
s3_100_999,1.749493061531382e-08
s3_100_999,0.0013273162113298653
s3_100_999,1.0291656415972739e-11
s3_100_999,1.0611778122893156e-10
s3_100_999,1.1733652942602646e-06
s3_100_999,0.014694861099451728
s3_100_999,9.268042666654708e-09
s3_100_999,0.21323837762159414
s3_100_999,0.010990927248475613
s3_100_999,1.3828591605147267e-09
s3_100_999,0.0016029842514397874
s3_100_999,1.1204925587371406e-07
s3_100_999,0.2160555875132556
s3_100_999,0.009704207576623158
s3_100_999,6.694158560804908e-10
s3_100_999,0.0015128157767654304
s3_100_999,0.0008850421391392027
s3_100_999,0.021622620692215544
s3_100_999,0.011559403814167202
s3_100_999,0.0124781653271272
s3_100_999,2.5309745164125985e-06
s3_100_999,0.014960050856813623
s3_100_999,1.0495595274107039e-05
s3_100_999,0.027205931929121685
s3_100_999,0.029438802733930625
s3_100_999,0.003754595128549809
s3_100_999,1.2857492848183938e-12
s3_100_999,5.905321320831547e-08
s3_100_999,2.1546453510268293e-10
s3_100_999,0.0034692474978053056
s3_100_999,4.5975068196923985e-09
s3_100_999,0.2231795050604013
s3_100_999,2.6602919867002583e-10
s3_100_999,6.669185905849861e-05
s3_100_999,0.03756899462671204
s3_100_999,0.0022875889530877824
s3_100_999,0.01873525149609756
s3_100_999,2.0426438318565943e-10
s3_100_999,1.3167245072054357e-13
s3_100_999,0.17882075345137305
s3_100_999,2.530822218460571e-10
s3_100_999,9.947864454407096e-08
s3_100_999,1.6553857311585318e-06
s3_100_999,2.5832713745899127e-10
s3_100_999,1.3707471824275785e-09
s3_100_999,5.343431030979673e-09
s3_100_999,0.3895995788583464
s3_100_999,1.0549392339465058e-05
s3_100_999,1.6641760192115385e-09
s3_100_999,4.440892098500626e-16
s3_100_999,1.4948217130772434e-07
s3_100_999,5.674112291131905e-10
s3_100_999,0.011436767666361147
s3_100_999,0.007369176550255707
s3_100_999,0.002929051682450279
s3_100_999,1.0724754417879012e-12
s3_100_999,0.0005860918181856967
s3_100_999,1.5841683520534389e-10
s3_100_999,0.0015824200353061757
s3_100_999,1.3541217480650403e-08
s3_100_999,0.010308798968388877
s3_100_999,3.929248260092777e-09
s3_100_999,0.015030260776472293
s3_100_999,0.23034876395365234
s3_100_999,5.489019300197739e-07
s3_100_999,0.11217881546919894
s3_100_999,1.4562503425352702e-09
s3_100_999,0.013004277804811615
s3_100_999,0.01176939294771484
s3_100_999,0.014296102107966613
s3_100_999,3.745549981282181e-09
s3_100_999,6.038910862482538e-07
s3_100_999,5.618558152065134e-08
s3_100_999,1.0634559899358464e-10
s3_100_999,3.3642866270611194e-11
s3_100_999,0.02027530597900351
s3_100_999,9.08385466846795e-09
s3_100_999,2.533413479000046e-10
s3_100_999,2.914097851913766e-10
s3_100_999,8.476386259559376e-11
s3_100_999,2.52393994593092e-10
s3_100_999,1.0006862005695893e-10
s3_100_999,3.071179994429407e-06
s3_100_999,0.00022093273348033904
s3_100_999,0.011882186231334968
s3_100_999,0.00014878935755202605
s3_100_999,8.672420670485792e-09
s3_100_999,0.01175398098583924
s3_100_999,1.0805459751406232e-06
s3_100_999,3.362075062796066e-10
s3_100_999,1.0611762945478276e-05
s3_100_999,0.040992180249069476
s3_100_999,1.5772907091538002e-08
s3_100_999,0.01619319316301604
s3_100_999,1.3376371821305355e-07
s3_100_999,0.0027160273932164136
s3_100_999,3.204396747946703e-10
s3_100_999,5.194970653654707e-08
s3_100_999,2.336982656903075e-05
s3_100_999,3.6930725144657117e-10
s3_100_999,3.9034431575935e-08
s3_100_999,0.014174151204338736
s3_100_999,2.2917157060931004e-10
s3_100_999,1.204503530249923e-08
s3_100_999,0.005804855337635528
s3_100_999,1.929318926841006e-10
s3_100_999,0.0047820591854008665
s3_100_999,2.1588182463894157e-07
s3_100_999,3.78190999628103e-06
s3_100_999,0.005459991046873891
s3_100_999,0.012929350256381755
s3_100_999,1.039417418802202e-08
s3_100_999,0.17702600677162716
s3_100_999,7.76334552199387e-12
s3_100_999,0.013621169586842119
s3_100_999,8.317679056224492e-05
s3_100_999,2.7836877247722214e-10
s3_100_999,2.2473345406837097e-10
s3_100_999,0.0005839175259190199
s3_100_999,0.0001642522750551212
s3_100_999,8.879212929358005e-07
s3_100_999,0.00028311914134371285
s3_100_999,5.10702591327572e-15
s3_100_999,0.026794423322408
s3_100_999,3.6415735404915495e-06
s3_100_999,0.0041350500129305745
s3_100_999,0.20586100241231675
s3_100_999,6.763650289576262e-05
s3_100_999,2.6824099608191432e-08
s3_100_999,0.0
s3_100_999,9.496468944547587e-09
s3_100_999,0.00010600838300423021
s3_100_999,0.00010494932395321843
s3_100_999,0.00165769208747657
s3_100_999,0.00807779766697203
s3_100_999,1.1057008642012534e-09
s3_100_999,1.7793089224227288e-10
s3_100_999,2.369215934550084e-13
s3_100_999,2.8947999552997317e-10
s3_100_999,8.607967304108399e-05
s3_100_999,6.784572903484332e-12
s3_100_999,2.4400802711710412e-08
s3_100_999,5.581170192670015e-07
s3_100_999,7.61624191603083e-07
s3_100_999,4.195328484501992e-06
s3_100_999,1.6146772141567567e-08
s3_100_999,9.212516494105927e-08
s3_100_999,2.9283557800852122e-09
s3_100_999,1.3817609278987675e-09
s3_100_999,7.298970724489706e-07
s3_100_999,1.4192290476167102e-07
s3_100_999,0.00046957592281349214
s3_100_999,0.09455504817494731
s3_100_999,1.346045497285786e-10
s3_100_999,1.3044276769846874e-10
s3_100_999,4.9652060241101026e-11
s3_100_999,1.0945788719851635e-10
s3_100_999,3.5106396714112975e-06
s3_100_999,0.0061391333750131505
s3_100_999,1.998845533535132e-12
s3_100_999,0.03205127219440773
s3_100_999,0.00010126013647182575
s3_100_999,4.440892098500626e-16
s3_100_999,0.056361194718320795
s3_100_999,1.0208278444778784e-08
s3_100_999,0.0016150439098162606
s3_100_999,1.7747248115540515e-10
s3_100_999,6.034816276256905e-06
s3_100_999,5.529570839213349e-06
s3_100_999,0.1652192613511726
s3_100_999,0.0068113642232275895
s3_100_999,0.03039971735616942
s3_100_999,8.259298134305482e-09
s3_100_999,0.00045401240835030165
s3_100_999,0.011259953871970652
s3_100_999,0.03383497904990829
s3_100_999,2.650053509967165e-10
s3_100_999,0.00969347240525753
s3_100_999,2.1159718421870366e-10
s3_100_999,5.699039573592302e-09
s3_100_999,0.04072445079480458
s3_100_999,0.009003681483207737
s3_100_999,0.006703083773505147
s3_100_999,2.6090996030347924e-10
s3_100_999,0.0003449180065695501
s3_100_999,3.832853602281361e-07
s4_1000_9999,1.368270880641731e-05
s4_1000_9999,0.016974988019509363
s4_1000_9999,3.41191075392544e-10
s4_1000_9999,1.0603728365365939e-06
s4_1000_9999,0.010712451464444994
s4_1000_9999,0.01062772228050024
s4_1000_9999,0.01371690543613957
s4_1000_9999,1.6714185591126807e-10
s4_1000_9999,9.883435185265022e-06
s4_1000_9999,6.182799010545637e-07
s4_1000_9999,0.014566647819615919
s4_1000_9999,8.602452084005563e-12
s4_1000_9999,0.014299031001247076
s4_1000_9999,1.645013014694996e-10
s4_1000_9999,0.0
s4_1000_9999,8.350165003889742e-11
s4_1000_9999,2.4330004677608486e-10
s4_1000_9999,0.0010908906860997991
s4_1000_9999,1.1074866250737614e-06
s4_1000_9999,6.642922700805798e-08
s4_1000_9999,3.94629995348339e-10
s4_1000_9999,3.558391359348434e-10
s4_1000_9999,0.0003833796164472991
s4_1000_9999,0.013554000427703605
s4_1000_9999,1.6603363128808724e-10
s4_1000_9999,1.0510734504975972e-09
s4_1000_9999,0.012315822206175553
s4_1000_9999,0.010535766607065122
s4_1000_9999,0.009438651296589828
s4_1000_9999,0.18709114434308272
s4_1000_9999,0.015174566999422101
s4_1000_9999,0.0010204719775248616
s4_1000_9999,0.020896184164679865
s4_1000_9999,0.0009860580963261256
s4_1000_9999,0.014740782240178607
s4_1000_9999,5.2190906848603724e-05
s4_1000_9999,1.9569812437225664e-10
s4_1000_9999,0.2125380372153607
s4_1000_9999,0.024812983499135854
s4_1000_9999,4.035677236835511e-09
s4_1000_9999,1.273066096985076e-10
s4_1000_9999,0.012446951887211788
s4_1000_9999,0.0004285111762741822
s4_1000_9999,0.0010731807152799533
s4_1000_9999,1.0071062650496287e-07
s4_1000_9999,1.1543214388787248e-06
s4_1000_9999,1.4613055876466774e-08
s4_1000_9999,0.0025647698757368387
s4_1000_9999,0.013718696256663221
s4_1000_9999,2.0941827350240416e-05
s4_1000_9999,0.03305960372430805
s4_1000_9999,0.01344738470066642
s4_1000_9999,2.0106786902118756e-08
s4_1000_9999,0.00013266536827627462
s4_1000_9999,5.6703530759705245e-11
s4_1000_9999,0.0003741838906630157
s4_1000_9999,0.00643878699375755
s4_1000_9999,0.017387347163787537
s4_1000_9999,3.8730907279127536e-06
s4_1000_9999,0.24605334653614297
s4_1000_9999,2.042604014818039e-07
s4_1000_9999,1.549126382727195e-10
s4_1000_9999,0.23778715660255867
s4_1000_9999,2.0764168162656915e-11
s4_1000_9999,5.252132062594228e-10
s4_1000_9999,0.009468117590362812
s4_1000_9999,8.850565835771818e-09
s4_1000_9999,0.20230586773376136
s4_1000_9999,1.1946154343522863e-07
s4_1000_9999,0.0001793432308143661
s4_1000_9999,1.2685418937508075e-08
s4_1000_9999,5.2962412233625855e-11
s4_1000_9999,0.0009982277438416176
s4_1000_9999,0.0
s4_1000_9999,1.2556022888077223e-10
s4_1000_9999,0.0
s4_1000_9999,7.489967535079245e-10
s4_1000_9999,3.073819269117095e-07
s4_1000_9999,0.0038595148874753793
s4_1000_9999,2.4855801160739155e-05
s4_1000_9999,4.118716189993599e-06
s4_1000_9999,1.3041231250454643e-07
s4_1000_9999,9.32698362987594e-12
s4_1000_9999,1.031873142043338e-05
s4_1000_9999,2.220446049250313e-16
s4_1000_9999,0.0006351862391933416
s4_1000_9999,0.0
s4_1000_9999,1.0759826661432825e-05
s4_1000_9999,2.248205910326817e-08
s4_1000_9999,0.04925252073973474
s4_1000_9999,2.0175533951949376e-05
s4_1000_9999,0.18982530601885528
s4_1000_9999,2.473725779772451e-09
s4_1000_9999,7.774945998129112e-08
s4_1000_9999,0.011652186302771872
s4_1000_9999,5.786938677143638e-07
s4_1000_9999,1.3342704718866116e-10
s4_1000_9999,1.3895966928245684e-06
s4_1000_9999,1.1565813897718158e-06
s4_1000_9999,0.0012011360849091268
s4_1000_9999,0.009784853977375607
s4_1000_9999,4.892976912529434e-09
s4_1000_9999,0.004107228581912925
s4_1000_9999,0.022750950867592268
s4_1000_9999,0.03108288918268509
s4_1000_9999,5.1290991454067125e-09
s4_1000_9999,8.924356809103529e-10
s4_1000_9999,0.002259507884631473
s4_1000_9999,2.3338597721078713e-10
s4_1000_9999,2.2155880037288966e-06
s4_1000_9999,9.642519527286453e-07
s4_1000_9999,2.220446049250313e-16
s4_1000_9999,3.737359310918009e-10
s4_1000_9999,3.2967245866544204e-07
s4_1000_9999,0.0002341998802384282
s4_1000_9999,1.7557870537476816e-06
s4_1000_9999,7.901216495520558e-07
s4_1000_9999,0.016470825636363262
s4_1000_9999,0.011390727254676047
s4_1000_9999,1.789327073176139e-07
s4_1000_9999,0.003047259338867625
s4_1000_9999,0.0009138801795227636
s4_1000_9999,1.1540597100179184e-07
s4_1000_9999,0.14314220851762194
s4_1000_9999,1.2035893837136769e-08
s4_1000_9999,0.008413392806662645
s4_1000_9999,0.007563466928181106
s4_1000_9999,0.012616385545172748
s4_1000_9999,0.012397445649632965
s4_1000_9999,7.384865305937183e-06
s4_1000_9999,1.6879275754888567e-10
s4_1000_9999,3.9802032712477065e-05
s4_1000_9999,0.39853345979000454
s4_1000_9999,0.013453468669152535
s4_1000_9999,1.3740364401826355e-10
s4_1000_9999,1.829887352755577e-10
s4_1000_9999,0.014121822142533214
s4_1000_9999,8.492216301281275e-07
s4_1000_9999,0.002307461183123749
s4_1000_9999,6.4893866946746925e-09
s4_1000_9999,2.4775936857679426e-10
s4_1000_9999,5.388400400319071e-07
s4_1000_9999,0.010660015895868957
s4_1000_9999,0.012892676757851773
s4_1000_9999,0.008254140103995167
s4_1000_9999,4.5740073950639726e-09
s4_1000_9999,0.005387684025491057
s4_1000_9999,0.01216058194115699
s4_1000_9999,0.00024045229619873432
s4_1000_9999,0.010220132223502598
s4_1000_9999,0.035444664997879016
s4_1000_9999,1.6236745281617004e-10
s4_1000_9999,0.013875227015994085
s4_1000_9999,1.4026890760021615e-11
s4_1000_9999,0.0219519032662443
s4_1000_9999,6.257305784629352e-10
s4_1000_9999,0.008157729542538572
s4_1000_9999,0.0003099233862037254
s4_1000_9999,3.800012313215362e-05
s4_1000_9999,5.551115123125783e-16
s4_1000_9999,1.7182166800466803e-10
s4_1000_9999,1.9061452416480051e-10
s4_1000_9999,3.72876972298819e-07
s4_1000_9999,0.0017176085143009168
s4_1000_9999,0.0002782862625116955
s4_1000_9999,0.0032832779449991634
s4_1000_9999,9.532058031780366e-09
s4_1000_9999,0.013247935822523593
s4_1000_9999,0.014391803791908742
s4_1000_9999,0.0
s4_1000_9999,0.0012498936862674892
s4_1000_9999,0.019647174873217654
s4_1000_9999,2.5354135402277933e-06
s4_1000_9999,0.006196879654950971
s4_1000_9999,0.005449820568446118
s4_1000_9999,2.7501145349884126e-07
s4_1000_9999,0.020943552341244787
s4_1000_9999,6.780271439144059e-05
s4_1000_9999,6.966273303343762e-05
s4_1000_9999,2.9674445345406752e-08
s4_1000_9999,0.005279043476156486
s4_1000_9999,0.013110610217257679
s4_1000_9999,5.793199253645298e-10
s4_1000_9999,1.0392636786704657e-06
s4_1000_9999,0.38190345467330833
s4_1000_9999,1.2576562014032788e-10
s4_1000_9999,4.4467872176490175e-05
s4_1000_9999,0.0016006607053982158
s4_1000_9999,6.594658152891952e-10
s4_1000_9999,0.023183214485236414
s4_1000_9999,3.021902867939019e-07
s4_1000_9999,3.785261846189769e-07
s4_1000_9999,0.0473446905897732
s4_1000_9999,0.00029292212698650566
s4_1000_9999,0.00019278928764410175
s4_1000_9999,3.739231146937527e-11
s4_1000_9999,0.0070292382759784555
s4_1000_9999,2.80784506756504e-10
s4_1000_9999,1.4432899320127035e-15
s4_1000_9999,1.0817583961930666e-07
