dataset,k,overlap_true,mean_sep_in_sd,max_mode_share,min_mode_share
0,1,0.0,,1.0,1.0
1,5,0.12076611787439998,8.473219526014155,0.25032275181408736,0.15392472355395215
2,1,0.0,,1.0,1.0
3,4,0.04338057179593282,4.790346505433669,0.3389467511907983,0.191726558613285
4,3,0.23867579561526833,5.596939204556111,0.40320643004944506,0.2388922902395182
5,4,0.2907454070162961,3.3040420938817086,0.3446031232232267,0.17036709238442305
6,3,0.0029392173403874166,5.108268525774651,0.42279056862864567,0.2383056834487226
7,4,0.2071730130310709,5.104295495770844,0.28830308692845136,0.20642416111610226
8,2,0.5516579729384065,1.22425348372097,0.5914828856067313,0.40851711439326877
9,3,0.12443719943044633,3.0477474674685596,0.38134850823416794,0.27112869928023686
10,1,0.0,,1.0,1.0
11,4,0.27353917103735403,3.6017719609635974,0.3028400103419849,0.2035268162023424
12,1,0.0,,0.9999999999999999,0.9999999999999999
13,2,3.1522229384063985e-15,11.443861344922384,0.5817903558972057,0.4182096441027943
14,4,0.1565895883891436,3.384055406853101,0.32644657615730804,0.18736624074892239
15,5,0.14736616108728676,5.513406940503053,0.2636881139660917,0.15925186263647786
16,3,0.0018460884903561828,8.083375140862676,0.43570625562807436,0.26618833354018767
17,2,0.0001020367347283043,3.9512619412881045,0.6902089906350708,0.30979100936492926
18,2,4.933305956881348e-15,15.27895165898296,0.576679803137403,0.4233201968625971
19,3,0.5778225410892498,0.9212290953217454,0.43567739946669576,0.1953197616131341
20,2,5.150863826825453e-06,6.686484335923702,0.5530844718408396,0.4469155281591603
21,3,0.4428121680381027,2.1362321825499264,0.4591975498390905,0.1792631294769353
22,1,0.0,,1.0,1.0
23,4,0.11009970836313819,6.743514738531844,0.2905798572652925,0.2083605519821827
24,1,0.0,,1.0,1.0
25,5,0.1267306734322083,8.52097558587594,0.2848074937490057,0.1382737949456675
26,2,1.0006401966086281e-23,18.82334015011126,0.5127238195947311,0.48727618040526893
27,2,0.000490697034662402,12.823686254343084,0.5676967685833386,0.4323032314166613
28,1,0.0,,1.0,1.0
29,1,0.0,,1.0,1.0
30,1,0.0,,1.0,1.0
31,2,0.01887025903033968,2.5258074944080975,0.5532917838221657,0.4467082161778343
32,3,0.030964111983321125,9.271463706712058,0.44030925083697786,0.19939728731659545
33,5,0.1083396936024598,4.142822823570716,0.26973733606919803,0.13318711778626877
34,2,0.38555612008894313,0.268595364393424,0.6349845217729354,0.36501547822706454
35,1,0.0,,1.0,1.0
36,4,0.06547241518631657,8.715961736020764,0.29819119650137405,0.19291774899018552
37,4,0.06622078016331912,6.583800917024114,0.3334564186091867,0.18446017003313592
38,4,0.0644127865170697,4.774313550049068,0.34005938918896594,0.13715895465494463
39,2,0.5409178507772123,1.296049259436253,0.6695260018232607,0.3304739981767394
40,3,0.1447448123564322,6.994337735870919,0.45702928804004933,0.25996770684367804
41,3,0.2527270218218298,2.4097239955880236,0.39349438176417745,0.235217907178148
42,3,0.14892413686655806,3.483044296729281,0.3973581112866455,0.23219196084642615
43,5,0.14776828936327283,6.682403347468133,0.328736707898428,0.1443005010202786
44,2,1.3967936998368146e-06,5.7087260048871125,0.6347216774308153,0.36527832256918474
45,3,0.3251415466343749,5.016689782821324,0.5149226738462949,0.20648877481420544
46,1,0.0,,1.0,1.0
47,3,0.1968200257727225,3.428097259694441,0.4219836905523236,0.2767240691810415
48,3,0.09319341884983844,2.902607266270747,0.38157473786807766,0.2905851683418702
49,4,0.13416196813010586,5.266999167905339,0.2680175969230201,0.23261025524187146
50,2,1.2734735062802552e-32,7.212928483340344,0.5895754118356704,0.4104245881643297
51,1,0.0,,1.0,1.0
52,5,0.07490872806143051,6.938943709663216,0.28998292260924985,0.1258092056195679
53,1,0.0,,1.0,1.0
54,2,0.00040050752388788336,15.757798544945016,0.5791515139285269,0.42084848607147307
55,4,0.10979688080967276,5.291757575830353,0.30293769013158434,0.22044042686398527
56,4,0.08559206028332565,6.4905403810622415,0.36298606060179456,0.1873119422970311
57,2,0.12328130185189212,3.0942354274960016,0.6919627620821472,0.30803723791785287
58,2,0.8362972829757661,0.003926490951834722,0.6444877840876532,0.35551221591234694
59,1,0.0,,1.0,1.0
60,3,0.333648294287254,5.622277741661089,0.58620999469356,0.19896706036763712
61,1,0.0,,1.0,1.0
62,2,3.386271962732293e-23,10.4326461546316,0.5359588197027444,0.46404118029725566
63,1,0.0,,1.0,1.0
64,5,0.153597020381498,5.092052131577568,0.2680385771335507,0.1516947294128709
65,5,0.11422921296089436,12.384586994341637,0.268714102046341,0.16329112493730685
66,1,0.0,,1.0,1.0
67,4,0.11952081131026782,3.5682317512209827,0.3155282677193968,0.18353598409164806
68,1,0.0,,1.0,1.0
69,4,0.024167154686539013,4.784186563203265,0.3240989026957773,0.15535341395207442
70,2,0.01987628698073684,10.593029904291548,0.5510373381746739,0.44896266182532607
71,3,0.07287553326154078,7.80821693613172,0.4619319737091029,0.17145343880087138
72,5,0.13574113817900513,5.273552365339132,0.2692325162419305,0.10695995115368308
73,5,0.035990794854700775,7.912406625656314,0.28609274232929843,0.12383020423708568
74,3,0.0007840320825123525,20.954707400932616,0.38792941307836365,0.2463002925190907
75,1,0.0,,1.0,1.0
76,3,0.3119353763391043,2.057151496087781,0.46602080260361334,0.2148034939756824
77,2,9.310929805345408e-06,8.698794261494609,0.6468674444448292,0.35313255555517076
78,4,0.18734105062219797,2.179895710154759,0.3668611086314992,0.1709599226898993
79,5,0.28217359784606094,4.291442616241719,0.25376015607633035,0.1098162936226583
80,2,1.4470045917855344e-44,16.177417325510604,0.6516156542483579,0.3483843457516421
81,2,6.60199696805742e-08,7.754671180514037,0.6202278101792774,0.37977218982072247
82,2,0.8929861054086798,0.2213935962097356,0.5085020368165073,0.49149796318349276
83,2,1.3707852328882052e-07,10.638521472448511,0.575996756832773,0.42400324316722693
84,4,0.04900017840347754,8.022610900806015,0.3573712211763013,0.15643441390358076
85,4,0.061202040659659306,12.63959692275418,0.4193657616827236,0.15409494616144365
86,4,0.48798548489371596,1.2141991948895388,0.295276932621366,0.19829011035799257
87,5,0.12031729120029218,3.1031027263459348,0.2618969354407263,0.13256391672996146
88,5,0.10602448325730766,3.344997129330209,0.3239908063556236,0.09118392503559111
89,1,0.0,,1.0,1.0
90,1,0.0,,1.0,1.0
91,5,0.13509790554374687,7.088165963216196,0.3009360136541044,0.120422262340923
92,2,0.2331533653547631,2.552837029358416,0.5137668716160044,0.4862331283839955
93,3,0.029866252988143164,8.498456766671554,0.4243061989509187,0.2862580294389954
94,2,0.10762653725913891,3.5710566959290295,0.604716484230475,0.3952835157695249
95,4,0.03323814057845519,7.426443239191727,0.2990879388164515,0.15921461172781012
96,4,0.08135346838878836,7.6268767621116815,0.39592201172235175,0.139037209762984
97,1,0.0,,1.0,1.0
98,4,0.009532137305081232,8.584439045340602,0.39221022376843384,0.12653089556972877
99,2,0.47444294694156064,0.019011237848622062,0.6123211393166748,0.3876788606833252
100,4,0.11558006308978273,5.495405641092397,0.3576466344246324,0.18453663151447922
101,3,0.07391567389275572,4.7640576536507515,0.4207213028796183,0.26194300872684345
102,3,0.10055840514252738,7.479672441194985,0.4632599685557621,0.24511470109499225
103,4,0.05470637600478672,6.246242277450726,0.38820523020600717,0.12516592707890886
104,4,0.1125861127624606,4.139247043788792,0.35828888428579914,0.12630074634206795
105,4,0.2561557937688215,2.3161290094491984,0.4714006265723706,0.14862168404020118
106,5,0.09652634335247619,4.982104795102218,0.2673473129666302,0.11868185365849539
107,4,0.0047280007225193816,9.574548097223508,0.41113933145404385,0.1407199379830553
108,2,6.343764391392845e-08,10.874084410549512,0.6204939340016686,0.37950606599833137
109,5,0.15975583583286238,6.422689589641372,0.24080677080900867,0.1593121433121827
110,4,0.32768455168770805,1.258319196079478,0.2840026619889027,0.18972766316528542
111,1,0.0,,1.0,1.0
112,3,0.01867606392092242,9.510825002747067,0.3389235476385854,0.32362644915532335
113,5,0.14298563888787294,4.704017859413071,0.2880007675164342,0.09103540523064184
114,1,0.0,,1.0,1.0
115,4,0.03231889224012357,5.94843235242007,0.35321919522930034,0.16958250673127556
116,4,0.020738080134825605,14.26884217399226,0.3449754395757267,0.12033674886714227
117,1,0.0,,1.0,1.0
118,2,0.959523468513305,0.20237448736090957,0.7225304978838728,0.27746950211612714
119,4,0.0446853651378479,7.374408501298707,0.34353036503866563,0.13248729445264779
120,5,0.11448020062460804,4.46743631673287,0.30251754774723194,0.14129990311016294
121,5,0.30833205185554746,3.1687465181370524,0.29273935866056816,0.1361088424604472
122,2,0.3617986752665816,0.5810910559770112,0.5240873318291602,0.4759126681708397
123,1,0.0,,1.0,1.0
124,2,0.2757952208465599,2.1596663085296637,0.5168740729747413,0.4831259270252586
125,2,0.003388298863655383,7.401628514799238,0.6989663870573113,0.3010336129426889
126,4,0.07991412465520707,5.837381786713966,0.3059054914332889,0.1691952176977098
127,5,0.09323409857926701,5.182212520896909,0.26931058050009,0.14940152177215654
128,5,0.057724452211528963,10.240714630074056,0.27723220457377246,0.13179091317912953
129,4,0.22148888065333341,4.327232826133596,0.3033268150574245,0.1877835833296508
130,4,0.0343743333471973,8.622226456548576,0.2873047201835672,0.20038570596915425
131,1,0.0,,1.0,1.0
132,4,0.12959192895060823,6.676098367588182,0.26992503317235206,0.20848764089974417
133,4,0.07880739835007973,8.608579166598211,0.2984159846562093,0.19175284771993426
134,2,2.0971676783497732e-06,6.707892092095787,0.5900125754546117,0.4099874245453883
135,3,0.2962841184926546,2.426143844544319,0.3363170869872023,0.32956934517955905
136,5,0.06627205503187437,5.129416015441729,0.29404237535578176,0.15848530588208243
137,1,0.0,,1.0,1.0
138,1,0.0,,1.0,1.0
139,5,0.09793793460159392,5.490330658915865,0.29234927395051413,0.10171153768621127
140,5,0.07591523146411365,4.490974736150255,0.28504979434329814,0.10162853566201584
141,3,0.17670731435180378,4.359387099488538,0.3810600876006954,0.26003519910849704
142,3,0.0010943450289183693,13.677029658134671,0.5052093616405458,0.1931026149624575
143,1,0.0,,1.0,1.0
144,3,0.013631040169101142,7.425173189241192,0.40317523096187585,0.27129610191971854
145,4,0.16801261534343404,7.3596848645543345,0.2979973225919786,0.20910118214309553
146,3,0.19830461353433407,4.495559408636195,0.3776335467046163,0.29093903330197846
147,2,0.019019084002167702,6.287895543248717,0.6253358453534977,0.3746641546465023
148,1,0.0,,1.0,1.0
149,4,0.16735101306578604,3.2668185847879254,0.31476113935021377,0.18335144091065786
150,2,0.0008652144949694584,6.65614599861208,0.5340262869040727,0.4659737130959273
151,3,0.017306152145180387,8.713801483271691,0.4040853951921809,0.24576744203572376
152,3,0.2563038999716903,2.907874021017617,0.3784001430224421,0.24466560705416163
153,3,9.30220318663284e-08,12.001621713362413,0.3750759549078771,0.29189032274857885
154,3,0.17003189348625528,13.633091562153803,0.38626341727145547,0.2834047319086034
155,1,0.0,,1.0,1.0
156,4,0.26151686830118404,2.478924834676358,0.33860290614899635,0.1982589692532515
157,5,0.10433344836107916,7.21387957018337,0.2562028949370773,0.1364099374643678
158,4,0.12750195892637314,5.3823256976700975,0.31456622600089107,0.16973037824072548
159,2,0.2750305110438128,2.191008640100871,0.6082730728712273,0.3917269271287726
160,2,0.03721852258295526,4.757530885488951,0.5768486626738668,0.42315133732613325
161,1,0.0,,1.0,1.0
162,1,0.0,,0.9999999999999999,0.9999999999999999
163,5,0.09561004853062352,5.652224515768721,0.34542914987467394,0.11599595298296776
164,1,0.0,,1.0,1.0
165,2,0.03506662426932899,3.4515804802643566,0.5080118470652032,0.49198815293479686
166,4,0.096737510969986,6.827285690218287,0.33456630095893836,0.18545029257031795
167,2,0.2750357838820705,2.7852937913368496,0.6118355290805042,0.3881644709194958
168,2,3.59515851743777e-52,11.00877367586127,0.5060541321189312,0.4939458678810688
169,2,4.234388049219369e-09,11.045331052638941,0.6151923465700899,0.38480765342990997
170,3,0.2562515936026342,4.020413126839718,0.39721027736078607,0.21907342718476966
171,2,0.007707738826529396,10.026188525470097,0.5331281200049178,0.46687187999508234
172,1,0.0,,1.0,1.0
173,4,0.1325662752999998,9.232460541085151,0.3225603143091368,0.1841076959830799
174,1,0.0,,1.0,1.0
175,5,0.23385020984828359,1.7241382161536591,0.22183914382928444,0.16008223462669158
176,1,0.0,,1.0,1.0
177,1,0.0,,1.0,1.0
178,4,0.011484961545402975,12.404324474551546,0.3699705912686646,0.16195486543281312
179,1,0.0,,1.0,1.0
180,3,0.030530712419677444,9.322840096434634,0.39033682472207076,0.27091449711703874
181,4,0.21029841866107227,2.979071001639323,0.34195568791294173,0.1745559032636572
182,1,0.0,,0.9999999999999999,0.9999999999999999
183,4,0.14597723824925102,7.993472855530784,0.32147115968847834,0.21338132674205004
184,1,0.0,,1.0,1.0
185,4,0.05794650459086142,7.874268040625128,0.36196071584211587,0.2062569923976124
186,1,0.0,,0.9999999999999999,0.9999999999999999
187,1,0.0,,1.0,1.0
188,3,0.00691858500621744,9.331390450457809,0.43965262651489445,0.19699258306381845
189,1,0.0,,1.0,1.0
190,3,0.005001203673955952,10.718826517052355,0.3723521023183621,0.26129643099437333
191,4,0.21616264284205458,4.640134067662043,0.37292977153331847,0.11497856335087697
192,1,0.0,,1.0,1.0
193,4,0.12766327869660216,4.579118931376388,0.2588349442058132,0.23348660418676268
194,4,0.20159112283956002,7.055831940246834,0.3321332705263379,0.13594692332304636
195,2,0.0001167261604251214,5.120152638506179,0.6148136780261139,0.385186321973886
196,1,0.0,,1.0,1.0
197,1,0.0,,1.0,1.0
198,4,0.14739150250462027,4.227002594654141,0.43686954430337727,0.17293073662395753
199,4,0.20226346672782014,4.553496322431909,0.34204156940481895,0.17889412018132286
200,5,0.0451877302558032,12.129463959430888,0.32940044824166653,0.12579841719180107
201,5,0.108054783453568,10.29377679443833,0.23732663320096553,0.13064838344065854
202,5,0.07117651395230244,8.299637132712999,0.2742356563682766,0.13164794425444107
203,5,0.08420261991445245,8.808770375495188,0.3029385449403841,0.08968643799798433
204,3,0.2255714050650897,3.5254294493612175,0.38962385773264524,0.3034450982865449
205,2,0.06103761522158076,3.7553895884002135,0.5653127537396921,0.43468724626030786
206,4,0.38757540780806227,1.2755335849215002,0.2980246934420366,0.13760655408801536
207,1,0.0,,1.0,1.0
208,2,0.06299311623199887,7.559872127588154,0.5433002425924278,0.4566997574075721
209,4,0.1091656817367862,6.595819630805138,0.2914717816921776,0.13122839159599414
210,2,0.02085769219656386,2.3360294870382785,0.5211561975225393,0.4788438024774606
211,2,0.005087434640029164,8.194143764215955,0.7196314630388496,0.2803685369611505
212,5,0.09807762230805081,8.063875302435024,0.26214043522603986,0.14180000217618463
213,2,0.024269228204194915,15.479748764792694,0.5473555507263369,0.45264444927366315
214,3,3.708125874200915e-08,11.225830496253467,0.38465625963706884,0.2865343512263999
215,1,0.0,,0.9999999999999999,0.9999999999999999
216,4,0.01656094021920389,7.817648126589487,0.33443260503464495,0.19423363845912786
217,1,0.0,,1.0,1.0
218,5,0.08142818801480234,6.603597414725961,0.3293838491784116,0.11868927804870208
219,5,0.2782058151766266,2.7520098307608314,0.287166215671237,0.15579512674773408
220,4,0.31514993044573886,1.0580721079259987,0.3304803772383276,0.16193438834673302
221,5,0.08476453505576238,5.259698172974685,0.301699488101933,0.11832222164371865
222,3,0.28585424505693996,5.926192633080798,0.3925231676533745,0.28410728413478387
223,2,1.0673162741595047e-09,8.909331091772392,0.5313903005175222,0.46860969948247766
224,5,0.11173656121086384,6.301688827938139,0.3775486096616818,0.12183617203980723
225,5,0.15921917831133384,3.7448643750493034,0.2365818054424231,0.13392461556809013
226,3,0.017103720240985866,5.037804978686953,0.38114995515696865,0.2858866820750715
227,5,0.07631230514710895,7.923870330563444,0.2468068342173718,0.13765685470537212
228,1,0.0,,1.0,1.0
229,3,0.00018880015264849146,11.914340514740296,0.46017518956853426,0.17868592010604986
230,5,0.11620375573687376,6.493259832507012,0.22771331708797343,0.15588088567986755
231,1,0.0,,1.0,1.0
232,5,0.1079358033230586,5.235538040289592,0.32119142229147585,0.1253515653152727
233,1,0.0,,0.9999999999999999,0.9999999999999999
234,3,0.12780320702281203,15.254568458330837,0.42463223392498367,0.23311885729488366
235,1,0.0,,1.0,1.0
236,4,0.12227947138898952,6.151235252539011,0.314446030452811,0.1944962200385561
237,1,0.0,,1.0,1.0
238,3,0.0987874837323578,16.670564976958094,0.4220605423227883,0.2846258455328901
239,4,0.1040856133837841,7.241523293053732,0.40919052562979896,0.12991572039466606
240,3,0.013201772471170064,7.479316920137698,0.3914537355065188,0.26056347976985206
241,1,0.0,,1.0,1.0
242,1,0.0,,1.0,1.0
243,1,0.0,,1.0,1.0
244,3,0.06307692261478501,5.788073325636051,0.38942628262464324,0.28486544078270665
245,2,0.0995948970954753,3.693003470559299,0.6378262788777215,0.3621737211222785
246,5,0.11258497845276275,6.910414484495421,0.32360037701481015,0.12215194154586996
247,4,0.2190726313396243,5.4677398129049,0.38780274695330397,0.12593035519989831
248,1,0.0,,1.0,1.0
249,4,0.18742258785283575,5.976514241002648,0.4027661738435881,0.12245351716179996
250,1,0.0,,1.0,1.0
251,1,0.0,,1.0,1.0
252,1,0.0,,1.0,1.0
253,5,0.09270146554500776,4.538547983373592,0.22738165501828939,0.16706140728474939
254,1,0.0,,1.0,1.0
255,2,0.006414122056163585,3.4706645025226153,0.5851499743045215,0.4148500256954784
256,5,0.1219263854733896,5.417629307447518,0.2546587864975854,0.13206788781778514
257,5,0.09092716397244432,6.460555489315388,0.29478399107878317,0.14365590416672622
258,3,0.2868481839604063,3.7283675459756824,0.4221951080974233,0.2266197885937382
259,2,1.2587905895366123e-05,7.307017207977779,0.5380739869626855,0.4619260130373145
260,5,0.08784303260122658,8.635628532682631,0.2881949114775929,0.10936157622152351
261,5,0.15790698148541132,12.162123723828733,0.271159980489161,0.10912777415025518
262,2,0.02970248745359206,2.443851063694818,0.6358102525196944,0.3641897474803056
263,2,0.48627134499121605,0.002740269795612757,0.5113753709390044,0.4886246290609955
264,4,0.28132471531992365,3.3302899701819704,0.2998646757733715,0.20760685971274112
265,1,0.0,,1.0,1.0
266,5,0.12825397007752992,12.8195267392826,0.2902302500818925,0.12064346001386289
267,2,0.013240286852428536,9.419980401696181,0.5223119200909233,0.47768807990907675
268,3,0.22348552516942743,3.5490381108420475,0.37543355088113034,0.25427299814315724
269,2,6.42296815363076e-17,9.142979040110456,0.503554840753587,0.49644515924641297
270,1,0.0,,0.9999999999999999,0.9999999999999999
271,1,0.0,,1.0,1.0
272,2,0.0015385236480123855,6.289279100408081,0.5089237870731033,0.4910762129268969
273,4,0.2696594610847587,2.456259066098423,0.3573860566668093,0.19108056499062448
274,2,0.0009354813892780709,10.365346198128881,0.5245787792708423,0.47542122072915766
275,4,0.2239283670904427,2.3200809166359195,0.33362859332300343,0.2069655563103426
276,5,0.14175716592710824,4.911854258697065,0.2548310622824494,0.12204528595653694
277,4,0.09756788087700419,7.419482945247897,0.3315571436112719,0.12428812928468483
278,1,0.0,,0.9999999999999999,0.9999999999999999
279,1,0.0,,0.9999999999999999,0.9999999999999999
280,1,0.0,,1.0,1.0
281,2,0.21172005672227256,2.797945952305289,0.5170886441398838,0.4829113558601163
282,4,0.2560861140111112,3.2587855841707944,0.3684981368521324,0.1406870508263225
283,4,0.10550723527195842,8.36733201754108,0.3668667234874391,0.14603474965615618
284,1,0.0,,1.0,1.0
285,2,0.7645083918408364,0.5069696886274347,0.5272319426341425,0.47276805736585753
286,1,0.0,,1.0,1.0
287,3,0.1267006248508328,6.101085458108308,0.4138469532890533,0.20351296824349369
288,1,0.0,,0.9999999999999999,0.9999999999999999
289,4,0.22795138662914494,5.365035379152734,0.3353792365042896,0.20642451963024477
290,3,0.16232066817513663,4.230504417794257,0.5937853569531869,0.13716970947844126
291,1,0.0,,1.0,1.0
292,5,0.07854514712301465,5.0956112535464495,0.24725087675190952,0.08576859392761639
293,2,0.00015063428394507516,17.587605318234548,0.517613922261209,0.482386077738791
294,5,0.09698992146362445,5.821340842726289,0.2792619874163488,0.10996514019015491
295,4,0.16110518013964317,4.697789665992084,0.4688581644169047,0.1284611506881679
296,2,0.06579064017771316,4.274026662815075,0.513842696642371,0.48615730335762913
297,3,0.004632404814024789,5.833756236866137,0.34645015005207674,0.32439380477209895
298,1,0.0,,1.0,1.0
299,3,0.05744102813383001,14.433096989043852,0.44593746123595357,0.23838356477953324
300,1,0.0,,1.0,1.0
301,1,0.0,,1.0,1.0
302,1,0.0,,0.9999999999999999,0.9999999999999999
303,5,0.08611919932222509,6.56417980211709,0.3274432615472311,0.13083030643802698
304,2,0.001981897105267855,15.94630741385995,0.5826723497312396,0.4173276502687605
305,3,0.00435265703952178,12.282306824155787,0.37444368790230526,0.27715947453694545
306,5,0.1554851412394627,7.2291772960629,0.2905724618715324,0.13428222677883672
307,5,0.18187717978338191,5.9050264483128245,0.23374897729731375,0.14211275757573646
308,4,0.03464494633990625,5.696540585494969,0.310969059390055,0.21028752833321113
309,3,0.19786482530795413,7.637255796015317,0.547400194882005,0.22149865564488017
310,5,0.23580896931664333,7.227215796259776,0.35531787344178817,0.09350208685128909
311,1,0.0,,1.0,1.0
312,4,0.18431164670111144,3.0539598232934644,0.3215970365357564,0.18259795857111114
313,1,0.0,,1.0,1.0
314,4,0.08798990533635215,8.830136946920161,0.3574104964763092,0.17531543685885417
315,2,1.4341389519845056e-14,14.863647613037644,0.5049074884115972,0.49509251158840295
316,3,0.0436782126898412,9.277072393492567,0.3904848187716305,0.2561590617024288
317,5,0.12880002345787153,6.219861862096067,0.2585725171759382,0.138980743343578
318,1,0.0,,1.0,1.0
319,5,0.09032084440151751,5.950010455671084,0.22956980181963577,0.1801518192470235
320,3,0.20115642522067081,5.621221329087249,0.48101628246546274,0.19831974642685937
321,5,0.06833317677735513,8.956677731494466,0.25364570459015123,0.13718373911807302
322,3,0.11819880587516328,7.030644447604601,0.45456745054823916,0.18030093779135606
323,4,0.14536240230972125,6.063647170190708,0.3336235029743713,0.19327342110610263
324,4,0.10980335894846782,5.582575978954786,0.3510865598206231,0.18955495073332262
325,2,0.02858534578035571,5.557942728818801,0.5569663518125703,0.44303364818742974
326,2,0.18000426138006032,2.714786433448529,0.6315872496565721,0.36841275034342785
327,4,0.1291505807808125,6.0230824676147074,0.3617899081186575,0.18147420435930567
328,3,0.06714009547584238,6.989893513779022,0.3720587306826959,0.26834935453445063
329,1,0.0,,1.0,1.0
330,1,0.0,,1.0,1.0
331,4,0.033840254333806545,8.30036529090255,0.3672509430829132,0.15915653423252604
332,4,0.05392064169606764,7.894700740689334,0.32836019241533665,0.15318479304975088
333,5,0.14025915231576833,4.43227223203607,0.267559579545258,0.1592167109195004
334,4,0.16035374023596788,5.444946212579812,0.46782178188557955,0.1667509871792027
335,4,0.16014939267866854,4.833690236638253,0.38706461543026427,0.1986193477132699
336,2,0.08199491597167849,1.9509323236800837,0.6275339300648476,0.37246606993515236
337,2,0.003428332628980011,3.697598004333133,0.5710184377531685,0.4289815622468315
338,3,0.017285644813121042,9.325044371373833,0.4601658684805318,0.25541215388777316
339,3,0.09174599410211896,3.6399565073328177,0.37455905084962543,0.28694682043358616
340,4,0.1677287081404607,4.522790321228068,0.339099105863806,0.14820737323585967
341,4,0.03303983822773754,8.3012982324379,0.37343075980816814,0.16514912669776347
342,3,0.09050139569977785,6.575908964178396,0.4392457412371699,0.2391426502983854
343,2,1.0839009905130062e-06,4.55250308601211,0.5039232935975423,0.4960767064024578
344,5,0.12149461013664804,10.619305384372613,0.2495525618004795,0.1701664095980114
345,4,0.012363441726290217,11.331216307419368,0.3531006113366421,0.1526461620285264
346,3,0.037389934668717976,6.853873540228523,0.35029890641295774,0.3130379246711671
347,5,0.0752195372614903,8.17707521810291,0.2706295945488753,0.16471688215529462
348,5,0.07048725417990487,7.732178471378977,0.22199915403040077,0.14777267024043023
349,2,0.004725208762445314,8.635388791601812,0.5214547948588104,0.4785452051411897
350,2,0.05545974582819062,3.731841055001616,0.6375411435271747,0.36245885647282544
351,3,0.05542895907104004,7.697003091814724,0.5498825711539537,0.205757229037894
352,5,0.10680926213150108,4.817345581476248,0.293366251335776,0.11330218686551442
353,4,0.06748759925815793,5.432397267745071,0.29935045343152106,0.21398034279205602
354,2,6.662590728366659e-06,9.002681045017892,0.643249085627993,0.356750914372007
355,5,0.182334224910163,2.9071373491655192,0.25477207122929635,0.14292716465605007
356,4,0.05395362931950017,5.125012169116084,0.3190332852376425,0.21325327464069402
357,2,0.2628962356716301,2.9264738686324687,0.754164930609157,0.24583506939084304
358,5,0.16688851772082444,5.564390563028474,0.27410791631396575,0.12036881577169417
359,1,0.0,,1.0,1.0
360,1,0.0,,0.9999999999999999,0.9999999999999999
361,3,0.05811053903097726,7.425969155435298,0.43704688921579127,0.16375755528344538
362,2,0.055318505095294734,2.206626827196606,0.5146217584790799,0.4853782415209203
363,3,0.16485850750341677,8.656166667589671,0.38368741469029927,0.26774589214312716
364,1,0.0,,1.0,1.0
365,5,0.07152859308119416,10.412333479343998,0.24705289736713204,0.12949169986562198
366,2,0.00015151986975631986,4.74349323272856,0.5166409634666206,0.48335903653337936
367,3,0.11408386511734732,8.930567490507277,0.344900816734262,0.31126044427656313
368,4,0.08976655862614284,8.40350053056732,0.38626760660148934,0.19934878077454618
369,2,3.450358065336503e-06,6.382947399701061,0.5867132721401315,0.4132867278598685
370,2,0.19905683097353827,0.8294007401690143,0.5063144638798484,0.4936855361201517
371,1,0.0,,1.0,1.0
372,1,0.0,,1.0,1.0
373,5,0.19748669731985574,6.084924151338078,0.2671768351093123,0.1240522883634208
374,1,0.0,,0.9999999999999999,0.9999999999999999
375,2,1.0404778882591458e-10,9.323659110969663,0.7603834282587569,0.23961657174124307
376,3,0.014962637210294899,9.901175313150231,0.4136653160148617,0.2575031545064131
377,1,0.0,,1.0,1.0
378,1,0.0,,0.9999999999999999,0.9999999999999999
379,3,0.058714194841409224,7.651664286593042,0.3963907799698388,0.2463685378092297
380,3,0.023640039834794842,12.750930527771459,0.3471011715537464,0.3109156013141115
381,2,0.45510661520746687,0.0018816286305412204,0.6014909358033751,0.3985090641966248
382,4,0.09909756209975784,5.5299984222902365,0.2952339055546451,0.20866582882869852
383,2,0.012116371334557466,1.9867557568105303,0.7246554870044842,0.27534451299551577
384,4,0.10185282719445343,5.894427029056886,0.29395223743121124,0.2182819265592842
385,3,0.21772543898424576,7.537006268899479,0.4164379221018815,0.17826992363419594
386,4,0.27809970194339123,3.1124648199215543,0.40672136625855565,0.1670780234758735
387,4,0.0567188959712576,15.637905958082934,0.35153401991899436,0.14678374739745248
388,2,4.376609971094673e-05,16.327067088799772,0.5478792863832127,0.4521207136167872
389,3,0.10283360665750269,6.237289233323224,0.3696198469416779,0.2707791733231281
390,4,0.13675310940843957,2.987325145337211,0.2734111295445258,0.19248553416962486
391,2,0.0013316872990259772,9.441892974646644,0.5804319765643977,0.4195680234356024
392,2,0.0009119506535436807,4.400896732457328,0.6098519001737662,0.39014809982623383
393,1,0.0,,0.9999999999999999,0.9999999999999999
394,4,0.13354475626880455,4.878248708234142,0.3013207561244902,0.1500851284609931
395,5,0.12829655304256907,5.027192106092707,0.24968490929872308,0.1578152444930207
396,1,0.0,,1.0,1.0
397,3,0.06911010552824896,5.260442321436362,0.48201357665273326,0.20844676050598598
398,4,0.23577110994277947,3.761986402219891,0.3284095770853607,0.11122510985746589
399,4,0.3283110971724355,3.1273893228511773,0.3272069556396986,0.20533474920733136
400,4,0.0052520055128441705,11.804987331108316,0.35668329968812906,0.18032408221805785
401,1,0.0,,1.0,1.0
402,1,0.0,,1.0,1.0
403,3,0.07709926815725637,4.390510206503133,0.380275567597631,0.2813715761369598
404,2,0.00016859546801752063,7.239747868883728,0.5436481418081968,0.4563518581918032
405,1,0.0,,1.0,1.0
406,1,0.0,,1.0,1.0
407,4,0.19439946260599103,3.9808696297836157,0.3589177268004264,0.1844792671266499
408,2,0.05539853806396294,4.610629506199899,0.5368328625370865,0.4631671374629135
409,3,0.007022820836974958,8.641771334325812,0.4362937452895417,0.19297463429203604
410,2,3.0886071969197527e-14,14.624350702434631,0.5123436673567281,0.4876563326432719
411,3,0.27850846526131523,6.80714625906464,0.5508055387346588,0.20312516030324002
412,2,0.0019099874901934188,14.52873101834332,0.6365440682726399,0.3634559317273602
413,2,8.760641335483493e-06,10.15782159203838,0.6182472682047053,0.38175273179529473
414,2,2.4576967394235897e-06,9.593129000276937,0.720154452961561,0.2798455470384391
415,3,0.018504285094167572,4.889397872134363,0.5058188708914421,0.2206271592982957
416,3,0.12425539141826812,5.312838185089278,0.39510171379032694,0.24582002288254257
417,2,6.585529793685256e-06,9.012837253310225,0.5217316546678925,0.47826834533210755
418,3,0.21142680672898048,2.387697871184352,0.42325860412963706,0.28552960240275627
419,3,0.08352228028339294,6.313293227027248,0.4051297211369731,0.2823374733775359
420,2,0.02460515735859576,4.165361168617245,0.5074988321670428,0.4925011678329573
421,5,0.023924062784725884,8.786298996498127,0.2572971514577828,0.15356203468810503
422,5,0.12211236277048199,9.34282287046616,0.3097938461036058,0.16249007834173657
423,1,0.0,,1.0,1.0
424,3,0.004750737257084928,8.402402016775289,0.47923523926910333,0.24223282842533553
425,2,0.01205171200500331,5.651638045705244,0.6046609349228146,0.3953390650771853
426,3,0.1174029849850723,9.230688117445768,0.4376987601777406,0.263223940553563
427,5,0.034556675178735695,6.0821354292634116,0.29682094149401494,0.15098543103576526
428,1,0.0,,1.0,1.0
429,5,0.14042082991930258,4.31225563336662,0.26418277400609064,0.13982679927693434
430,4,0.04604745889000736,10.040814466616597,0.3249353885385061,0.17020466677633933
431,4,0.2566715134636904,5.344717949168131,0.3151535868727143,0.21063606333239102
432,5,0.2395480073992872,3.5889492521909077,0.29346921106914653,0.13834893867301687
433,3,0.3528002849624705,2.2042182664001024,0.45841547001680705,0.26697487284003707
434,4,0.07900035173266491,6.332790982816107,0.3149228623919358,0.16192150530850535
435,4,0.017750331893213445,8.55200852395978,0.34320731812774985,0.20708300052724468
436,5,0.0719744764092874,6.596862413860583,0.25432475414389544,0.11621811719969176
437,2,1.6888476166831407e-09,7.129574687301588,0.5101863617345926,0.48981363826540747
438,2,0.026216460013479007,5.733977551663126,0.571042962215555,0.42895703778444516
439,4,0.05303696622542667,8.768230544099362,0.39177988988626156,0.1947113487661363
440,3,0.06972121523654132,4.759416552088053,0.5099872540428048,0.1848716934786903
441,5,0.09190410145174954,5.148142759190478,0.3028660106529884,0.11145747747564486
442,1,0.0,,1.0,1.0
443,2,0.0004365181758551513,14.96672089475781,0.5144630748201254,0.48553692517987446
444,1,0.0,,1.0,1.0
445,1,0.0,,1.0,1.0
446,2,0.2923904033730645,1.5074943864729065,0.5052360698482097,0.4947639301517904
447,3,0.004158977375477105,6.87966998988195,0.4252702887172171,0.27538997767089535
448,3,0.05878701835869223,5.9937310237521055,0.4112268396700715,0.2235218747355859
449,2,8.390590354047928e-05,4.7272349715942115,0.6862714824620321,0.31372851753796804
450,5,0.1424709545740422,4.536452690979323,0.3064196335936593,0.12555788128149645
451,3,0.03421034595854657,6.231689713688692,0.38424328072376407,0.25988387159061505
452,4,0.12254703386476896,7.745594934049369,0.28449999603982173,0.19842412441204557
453,2,0.011744501757373103,6.804815354079779,0.5494213570370556,0.4505786429629444
454,2,0.01448631781425172,4.068601784360287,0.6270226125308193,0.3729773874691806
455,2,2.7383381480084143e-13,10.126105586478625,0.5361043422416172,0.4638956577583828
456,4,0.08567028650335028,4.848954824128503,0.406395765488746,0.1758570266423363
457,4,0.20201622911653896,5.656842875779328,0.2875159490068979,0.1902504719009408
458,3,0.11585442743600827,4.8709238782465185,0.3808544324045063,0.2842363082657603
459,1,0.0,,1.0,1.0
460,5,0.17248001258854323,5.746508503132931,0.33088725771031263,0.13894679236143245
461,1,0.0,,1.0,1.0
462,3,0.3335682898063734,2.259660477431827,0.37617867758886847,0.2883939122066764
463,4,0.14147250872190367,6.75592063260525,0.27695282706279734,0.21744678925966723
464,1,0.0,,0.9999999999999999,0.9999999999999999
465,2,0.3239493543984777,1.94268362877935,0.5452671562925546,0.45473284370744543
466,5,0.13555751725897588,4.015389905517279,0.38089199965414766,0.11078873723003553
467,4,0.27272762446961385,2.7205170957302047,0.4636477591756302,0.14231066714529403
468,3,0.02157121319746258,10.17018981062361,0.4271247995200024,0.25540965009980454
469,3,5.59644916989532e-06,9.274202848349937,0.46570128880915435,0.2480194680009328
470,2,0.1581924934980103,1.4304368361954134,0.5116053468315197,0.4883946531684803
471,1,0.0,,1.0,1.0
472,3,0.09827608436779352,7.08065608567041,0.4590649675934169,0.2659065854501714
473,2,0.38177345894286874,3.0056639620300496,0.6777082047231195,0.32229179527688034
474,5,0.07547157831480582,5.0936991165772545,0.30003162770001457,0.1357760982356612
475,1,0.0,,1.0,1.0
476,4,0.269252870299498,2.251896414404581,0.38772772752411905,0.1486581553912707
477,4,0.05144973425496573,9.738673988405214,0.3757241662620743,0.15963889971449294
478,1,0.0,,0.9999999999999999,0.9999999999999999
479,1,0.0,,1.0,1.0
480,5,0.1412880494862474,11.847314999477826,0.30501389501943466,0.1339827124682225
481,5,0.117128153708377,5.386355759137252,0.34603828890078653,0.10911772699395139
482,5,0.09167657831039701,8.197535848998038,0.2385460259900709,0.13689750973039688
483,3,0.000891710274544577,16.353281202359614,0.38848295662074933,0.23413315521143951
484,3,0.10797077694141223,8.067995252260841,0.43766052614847734,0.23166189505685014
485,5,0.19063402657622594,5.668963189488848,0.2546138686053297,0.17299747958906608
486,3,0.18800119664511108,6.6367245406706346,0.39726237012807275,0.26185560736409996
487,1,0.0,,1.0,1.0
488,2,0.32469376575784387,3.166043168120754,0.5133760062014998,0.48662399379850024
489,2,0.08451496927838731,3.4590350551796574,0.5658086472435631,0.43419135275643694
490,5,0.12669145706826773,6.098328463008402,0.24297848020069004,0.1437236226572169
491,4,0.349126811278852,2.663325268266506,0.31466657849107704,0.203883067497859
492,5,0.06761826005680345,5.950884785259847,0.26121913533706903,0.16023525896492422
493,4,0.19556218143373635,4.87378688312456,0.2780925856466866,0.21924980615952386
494,1,0.0,,1.0,1.0
495,1,0.0,,1.0,1.0
496,2,0.00038297237014535526,6.328785061454137,0.5561188275470389,0.44388117245296105
497,3,0.14696884416734432,6.403477366352561,0.4517469082131486,0.23087771044754868
498,5,0.16313081997764084,6.509789887976465,0.2775504159865831,0.14318705053837757
499,3,0.05210463559840172,4.061252216857633,0.47050799821013367,0.2384993744855751
500,1,0.0,,0.9999999999999999,0.9999999999999999
501,3,0.10614540930418663,6.929519840345886,0.45483958603353863,0.23429330500608422
502,2,5.760934450134974e-29,14.301537804739777,0.676746769835843,0.3232532301641569
503,2,9.177192161163733e-12,13.63305256228305,0.5080104442142823,0.49198955578571774
504,2,0.21747622694106566,2.6398975039272363,0.7301004545167562,0.26989954548324374
505,4,0.03733566804188423,9.181399697228834,0.3616135925674537,0.16943864685547608
506,5,0.08832498173250648,7.190617818024767,0.3099032141684108,0.08613351494491174
507,5,0.01971661252576198,11.124707716079815,0.2540338532905328,0.12709516987244013
508,3,0.3420347045830278,1.0815130658389565,0.4483253567782959,0.23706601862620433
509,1,0.0,,1.0,1.0
510,4,0.11116394160493732,8.550150087197203,0.3335567009406005,0.13386325522351286
511,4,0.14271170686161908,8.491768424755753,0.31539149033120756,0.17602279218336325
512,1,0.0,,1.0,1.0
513,4,0.20663562548096878,5.48522109869457,0.41465928617588016,0.16592653881965658
514,1,0.0,,0.9999999999999999,0.9999999999999999
515,5,0.23290384237825706,4.201295052415475,0.2747099928947723,0.1350296992349561
516,5,0.04658828176413509,6.13268122945963,0.27045096939426594,0.1203998444300205
517,4,0.1415963308498261,6.0369360185097785,0.3006071370974627,0.10492083980635905
518,3,0.2672572981830183,1.3792276239672947,0.38791387815711303,0.27481985046698293
519,3,0.022936666137011372,16.31413964050228,0.4088711622039414,0.20609986038030922
520,1,0.0,,1.0,1.0
521,1,0.0,,0.9999999999999999,0.9999999999999999
522,4,0.06041951748942026,10.74233775120711,0.35471918791356943,0.19183474227943004
523,2,0.005777540749079928,3.4072853662176708,0.5189109589603342,0.48108904103966565
524,3,0.0051811561448302035,8.80891056877986,0.44610731643249335,0.16231251501025531
525,1,0.0,,1.0,1.0
526,4,0.20359764333825012,3.2249145759483464,0.31406399733854456,0.19510155347647898
527,3,0.1560051623614642,4.517971332789407,0.4250418313510106,0.24152086351094054
528,4,0.081432095127095,6.795234115391637,0.2726844244961916,0.21610184404313798
529,2,2.252561662908954e-19,11.156784544546518,0.7371761396071153,0.26282386039288486
530,5,0.07757880440598715,8.257596751273422,0.3284066142765801,0.12965766867053471
531,4,0.16393532554934612,11.16714868694811,0.33086590505795144,0.17668636822963033
532,1,0.0,,0.9999999999999999,0.9999999999999999
533,2,0.015065548137175975,4.8473534033865,0.6258769098669499,0.37412309013305006
534,1,0.0,,1.0,1.0
535,1,0.0,,1.0,1.0
536,1,0.0,,1.0,1.0
537,3,0.07325330559443223,4.571728574956083,0.41374955045093204,0.2124595132019873
538,1,0.0,,1.0,1.0
539,3,0.03806813109120378,7.400572410406473,0.4078032446433641,0.2720455421147912
540,4,0.07141050663026192,7.8413119234051,0.33959328264191746,0.1611170473942011
541,5,0.04077332095483973,7.272550345862311,0.25298980859537074,0.14643907629991396
542,3,0.07321859018545204,7.078573365268142,0.4655175127139666,0.17645149509372546
543,2,0.0022319661041010214,3.8930270160629625,0.5224143002238651,0.4775856997761349
544,2,0.12765847911537997,3.375243841331945,0.5569035961420373,0.4430964038579627
545,1,0.0,,0.9999999999999999,0.9999999999999999
546,4,0.07656716082087164,6.779020884648825,0.3129119922657751,0.1963282944064633
547,5,0.08287219779103297,7.404142943248784,0.26132541694454015,0.14454680020140498
548,1,0.0,,1.0,1.0
549,3,0.008862666820937287,5.916774140888449,0.36954675302869266,0.2707251139040501
550,2,0.0004578166712657002,6.8645581574283305,0.5664739705089934,0.4335260294910065
551,1,0.0,,1.0,1.0
552,1,0.0,,1.0,1.0
553,5,0.18208411344110093,5.39213125198454,0.2864036894685524,0.13537192231417236
554,3,0.38445048080111227,0.7678023771167495,0.3822480870886528,0.26389900684037565
555,5,0.18123927576451132,5.1767289593069306,0.266463732337088,0.15471647178009998
556,2,0.3861315796342176,0.5567499348962772,0.5013982333011364,0.4986017666988635
557,4,0.1241251462744657,7.41376415000418,0.35175820731543966,0.1635892761965699
558,5,0.2453594309015196,4.433583432656884,0.2611590348910258,0.1497159593995368
559,3,0.35956125527000404,3.4706259549878724,0.35216492820838796,0.30442700694762087
560,2,0.12884783686895276,3.9030734064316355,0.7323013876415487,0.2676986123584511
561,1,0.0,,1.0,1.0
562,2,0.6400671540614253,0.878594410360355,0.5405486267170392,0.45945137328296093
563,1,0.0,,1.0,1.0
564,3,0.12601791282282943,5.585580146152064,0.4026538305830622,0.24902540018535857
565,5,0.09378112410168907,6.457606906735658,0.2317281675546059,0.1659087029523639
566,1,0.0,,1.0,1.0
567,1,0.0,,1.0,1.0
568,4,0.2285394644327363,8.557993228009563,0.29584686387207004,0.21318396352184202
569,1,0.0,,1.0,1.0
570,2,0.019779358556140773,2.737766828731338,0.5215720117296224,0.47842798827037764
571,1,0.0,,0.9999999999999999,0.9999999999999999
572,3,0.0012592581402259427,14.820128376830565,0.4244753990406398,0.2601022180194627
573,1,0.0,,1.0,1.0
574,2,0.6231094412965419,1.0314322406681609,0.5801794505835075,0.4198205494164924
575,3,0.17878122710677388,4.262293111534445,0.3984894587894204,0.2961954633192986
576,5,0.1253481230543488,3.2961422135849077,0.2210828264468034,0.14589743116758916
577,4,0.13376962803750736,6.025917402924726,0.33643293300010335,0.1709849942570249
578,3,0.2546458813912044,7.100168920367616,0.453803030074909,0.2513355411664011
579,4,0.23319371133997543,3.535135385390221,0.29153211761267284,0.1551352628674487
580,1,0.0,,1.0,1.0
581,1,0.0,,1.0,1.0
582,5,0.05586428947117501,12.383232895238773,0.27795427093421904,0.1159907193621979
583,5,0.06644488231498069,7.496143971481064,0.2469902457127356,0.17507162673815904
584,4,0.12271282264976192,7.175614916029798,0.3402695272467096,0.18698550946029463
585,1,0.0,,0.9999999999999999,0.9999999999999999
586,5,0.11527603206455554,5.506927143486133,0.3263636909734382,0.1215180710340977
587,5,0.13229633460264784,7.6644180288363914,0.29398223212780056,0.12489323233568046
588,5,0.13221069913349978,8.880547780733085,0.2481612020293261,0.14402718749033958
589,5,0.3232603607527739,3.759694221766632,0.223851636160455,0.1770363656489424
590,4,0.038427859046737,9.332289607263414,0.30294966175598914,0.18865970588874403
591,3,0.20608379870285107,2.958065761487197,0.3678294566959135,0.2983876028607502
592,1,0.0,,0.9999999999999999,0.9999999999999999
593,1,0.0,,1.0,1.0
594,1,0.0,,1.0,1.0
595,3,0.43405095167329905,1.8759097037541863,0.4281637433908527,0.24426461469918595
596,3,0.43574855700973886,1.1118636740453267,0.38252123013613276,0.24075471115218205
597,2,0.01403954583765212,6.49062942284191,0.5716190788308697,0.42838092116913035
598,2,9.18485167635849e-11,5.972393668546101,0.5784040034461879,0.42159599655381214
599,1,0.0,,0.9999999999999999,0.9999999999999999
