arm,dataset,n,estimate_maxima,crit_bw_1,n_modes_silverman
empirical,Tables,7,1.0,0.6355441781132687,1
empirical,StoneCladding,29,1.0613461177250894,0.687818091136974,2
empirical,OilPatch,279,1.0131670219866746,0.42305409729156,1
empirical,Electrical,3,1.0,0.6935139086036973,1
empirical,MetalStairs,5,1.0,0.601704485164105,1
empirical,MechanicalInsulation,57,1.0051147830027531,0.5275633991301969,1
empirical,AluminiumSiding,3,1.0,0.6038252026953387,1
empirical,DataCabling,117,1.0000510186846694,0.4119666853264099,1
empirical,BlanketInsulation,349,1.0124252245199457,0.5338689298401295,1
empirical,FenestrationFraming,117,1.003105718323195,0.43528824111363457,1
empirical,WindTurbines,3,1.0,0.7190962020828512,1
empirical,MasonryCement,39,1.0404724154670761,0.6565389555724638,2
empirical,UnitSkylights,13,1.0,0.5707856370765418,1
empirical,Openings,13,1.0056289198758241,0.6500908266644618,1
empirical,FlashingAndSheetMetal,8,1.0,0.6565321223809604,1
empirical,ManufacturingInputs,4,1.0,0.5691280892311961,1
empirical,CementitiousSheathingBoard,73,1.0,0.42606691352805837,1
empirical,CementBoard,29,1.0,0.3201766296890081,1
empirical,BlanketFacing,33,1.0,0.499805473126982,1
empirical,WoodDoors,30,1.0,0.5290652263256842,1
empirical,MetalDoorAndFrames,38,1.0,0.4470381406278548,1
empirical,CableTrays,67,1.0005377528148858,0.4651321239728518,1
empirical,SinglePlyKEE,6,1.0,0.5750934564494576,1
empirical,Coil,79,1.0052223950038288,0.4572910194412192,1
empirical,StructuralSteel,57,1.08595813817645,0.6580590637255541,2
empirical,AcousticalCeilings,360,1.0281973841805123,0.8785123811820408,2
empirical,FiberCementSiding,28,1.0,0.4664328610627139,1
empirical,WallBase,3,1.0,0.7146313536532133,1
empirical,CompositeLumber,9,1.0,0.5869476641700416,1
empirical,StorageFurniture,11,1.0617918271808922,0.7878699069760269,2
empirical,FenestrationAccessories,9,1.0,0.49893333331232914,1
empirical,PlateSteel,76,1.0526439932953744,0.5255792452452251,2
empirical,ResilientFlooring,444,1.0030229465903948,0.3719676011858497,1
empirical,DeckingSteel,46,1.0259596336515544,0.6675567040433775,1
empirical,AluminiumSheetGoods,36,1.0,0.41012794848717515,1
empirical,InsulatedRoofPanels,19,1.0,0.5680416338818425,1
empirical,WallFinishes,130,1.0,0.3300353594355977,1
empirical,AluminiumSuspensionAssembly,14,1.0023887022740159,0.6854076475103643,1
empirical,SinglePlyPolyurethane,25,1.050953682105599,0.6391382685555942,1
empirical,JointProtection,4,1.0,0.4889215967588521,1
empirical,Aluminium,124,1.0006170598336686,0.4264615139360041,1
empirical,RebarSteel,196,1.0232267949988152,0.51838953770053,2
empirical,Aggregates,206,1.0265838817240829,0.8056196234911343,2
empirical,SinglePlyOther,5,1.0,0.5193290575486792,1
empirical,DemountablePartitionTrack,5,1.0,0.6565977864419229,1
empirical,ReadyMix,77548,1.0024716086526795,0.22675264087026722,2
empirical,BoardInsulation,413,1.0025054487094303,0.3753809001396323,1
empirical,CastDecksAndUnderlayment,123,1.0,0.382676932700822,1
empirical,WorkSurfaces,10,1.0,0.5093676982189345,1
empirical,FireAndSmokeProtection,6,1.0,0.6908434369810528,1
empirical,Cladding,122,1.1011102716426608,0.5463680655480736,2
empirical,DampproofingAndWaterproofing,62,1.0450573389789855,0.6674762198782328,1
empirical,AluminiumExtrusions,17,1.0,0.4972976629733073,1
empirical,TranslucentWallAndRoofAssemblies,4,1.0,0.5060011514429896,1
empirical,VinylSiding,8,1.0,0.6386070273432598,1
empirical,CementGrout,3794,1.0053790828132503,0.2601012619896263,1
empirical,AluminiumBillets,63,1.0363853318875609,0.6726316748161817,2
empirical,CurtainWalls,17,1.0434783542929318,0.8316431535335332,2
empirical,Grouting,222,1.002646895461915,0.4124146484457978,1
empirical,Steel,443,1.0811813140874813,0.4344971227745082,1
empirical,SinglePlyTPO,30,1.0,0.4669566322916172,1
empirical,DemountablePartitions,50,1.0010416367035258,0.49485264235858034,1
empirical,AccessFlooring,62,1.0,0.3461404394415212,1
empirical,PowerCabling,209,1.0001824062146267,0.3697081639523093,1
empirical,CeilingPanel,240,1.0554998191471103,0.713476957742769,2
empirical,DeckingBoards,9,1.0997577998185089,0.80498905928279,2
empirical,Concrete,209,1.005866518129341,0.44390467354926194,1
empirical,Chairs,84,1.0414026082293113,0.964179696549897,2
empirical,DoorsAndFrames,25,1.0,0.5278350045631554,1
empirical,HotRolled,63,1.0105804813863437,0.6015749398111818,1
empirical,Elevators,16,1.0501637510792887,0.9247580255590315,3
empirical,TileGrout,43,1.0039927948064056,0.5687882178443013,1
empirical,WireMeshSteel,24,1.0382993540379741,0.6204635787752207,1
empirical,Countertops,46,1.037271524530629,0.7976030996488177,2
empirical,WoodFraming,7,1.0880718026465894,0.834386666477706,2
empirical,MembraneRoofing,55,1.0,0.29142013389118165,1
empirical,BlownInsulation,27,1.0027408525726877,0.5865446615402357,1
empirical,SinglePlyPVC,84,1.0022278884823668,0.46812547609363275,1
empirical,RoofCoverBoards,8,1.0,0.6617508226334415,1
empirical,ProcessedNonInsulatingGlassPanes,114,1.0002608212635549,0.4384079961732328,1
empirical,ThermalMoistureProtection,4,1.0,0.7517646949479249,1
empirical,MetalRailings,4,1.0,0.7103168886883051,1
empirical,GypsumSheathingBoard,19,1.0,0.4283735394013527,1
empirical,FlowableFill,2075,1.0040260498955644,0.2781500820745305,2
empirical,Shotcrete,1682,1.003351682604777,0.2994538879756946,1
empirical,Siding,4,1.0702406559953648,0.9213449961670682,1
empirical,NetworkingCableTrays,17,1.0,0.39587778482086794,1
empirical,NetworkingRaceways,26,1.0,0.39887466463368915,1
empirical,InsulatedWallPanels,72,1.0,0.41670035074390105,1
empirical,Masonry,21,1.0,0.5612621165114471,1
empirical,HeavyTimber,4,1.0,0.7913567754819681,1
empirical,Flooring,3,1.0,0.8072933976930368,2
empirical,Insulation,677,1.0055979179918366,0.3563567707111893,1
empirical,Gypsum,591,1.0000260566997345,0.2990153715597306,1
empirical,SheathingPanels,48,1.0001816291252699,0.49456831782967375,1
empirical,CMU,562,1.0016360841517187,0.32958435855218576,1
empirical,SprayedInsulation,12,1.0063391117364882,0.6634303135082171,1
empirical,Hollow,116,1.0,0.37527737921668436,1
empirical,Laminate,21,1.0013942680764163,0.5916925349033578,1
empirical,SteelSuspensionAssembly,87,1.0,0.42705292674830253,1
empirical,InsulatingGlazingUnits,32,1.0053439263942603,0.5778239715899565,1
empirical,PrecastConcrete,159,1.0569577521221014,0.7014587781488922,3
empirical,WallPanels,248,1.0070955118236218,0.5946127961407062,1
empirical,Mirrors,4,1.0122700008328187,0.8385773388280421,1
empirical,MiscMetalFabrication,28,1.1088657453662574,0.8133045711657991,3
empirical,WoodFlooring,109,1.0006987176173756,0.4251842571987015,1
empirical,NonStructuralWood,33,1.0,0.4657947445388036,1
empirical,MBQ,44,1.0,0.4515085067607334,1
empirical,SinglePlyEPDM,14,1.0,0.5650540563195963,1
empirical,Timber,17,1.0,0.5247729005265159,1
empirical,ConcreteAdmixtures,51,1.0288777647879852,0.6826937069728727,1
empirical,CementitiousMaterials,9,1.0135565002683158,0.7168472479606249,1
empirical,OtherFlooring,154,1.0326791405841516,0.672018366768569,2
empirical,WeatherBarriers,21,1.0,0.5416620868981968,1
empirical,GlazedDoors,145,1.0,0.3477698519563562,1
empirical,PaintingAndCoating,19,1.0572862153645912,0.6942833123518183,2
empirical,PostTensioningSteel,11,1.0,0.44492334549837537,1
empirical,Cement,522,1.0010091329007562,0.35127086458111745,1
empirical,BackingAndUnderlay,45,1.0,0.4732156409067479,1
empirical,WoodJoists,4,1.0,0.6154405302962243,1
empirical,OpenWebMembranes,8,1.0,0.4225440681630531,1
empirical,Windows,293,1.004732565395422,0.3859677892351584,1
empirical,FlatGlassPanes,44,1.0,0.3770854633396201,1
empirical,CompositionSiding,4,1.000769018220933,0.8088419925535678,1
empirical,Furnishings,17,1.007824501726355,0.6359379220591301,1
empirical,RoofPanels,89,1.0,0.37030929479673624,1
empirical,BituminousRoofing,66,1.0045531678457837,0.48982440196158067,1
empirical,Mortar,151,1.003923758558183,0.4813212907358961,1
empirical,FoamedInPlace,15,1.0,0.6033202993232649,1
empirical,ConcretePaving,400,1.0130327572683189,0.4397911281802029,1
empirical,Carpet,1937,1.004557427611085,0.44781308119621926,2
empirical,SupplementaryCementitiousMaterials,8,1.0,0.5781846948345519,1
empirical,Finishes,14,1.0,0.43477899069154485,1
empirical,AccessFlooringPedestals,11,1.0,0.5384793239402724,1
empirical,MassTimber,45,1.0,0.33059038647864225,1
empirical,Asphalt,8925,1.0173714331809545,0.3507122445136145,4
empirical,ColdFormedSteel,65,1.0,0.3621730455307821,1
empirical,Brick,252,1.1589637769194363,0.7011093056229822,3
shipped_synthetic,dataset1707,57,1.4631130091369717,0.8297696299883306,2
shipped_synthetic,dataset4007,28,1.1811547325900171,0.7036622389187538,3
shipped_synthetic,dataset11656,113,1.0,0.28790594890721216,1
shipped_synthetic,dataset4482,4,1.0,0.7503090959607355,1
shipped_synthetic,dataset9292,12,1.0,0.47177465193953205,1
shipped_synthetic,dataset5466,21,1.043804630471729,0.6824429691389382,1
shipped_synthetic,dataset7032,9,1.0,0.4356972849803489,1
shipped_synthetic,dataset13517,49,1.092017170819025,0.6103118962996901,2
shipped_synthetic,dataset10050,211,1.0022632371198867,0.42087082385093966,1
shipped_synthetic,dataset4504,176,1.4800826255253334,0.694876323924137,3
shipped_synthetic,dataset578,64,1.1832347179851535,0.7066393782976566,2
shipped_synthetic,dataset7041,290,1.0053345532189364,0.39471513604644776,1
shipped_synthetic,dataset9993,65,1.1071487143031478,0.6208925886823627,2
shipped_synthetic,dataset1954,407,1.4488324130531962,0.7662214015692039,2
shipped_synthetic,dataset193,12,1.0336064522428707,0.6996684391789838,1
shipped_synthetic,dataset8302,350,1.0163052293448358,0.43223839536696845,2
shipped_synthetic,dataset7522,186,1.0,0.34868173074542846,1
shipped_synthetic,dataset5255,14,1.1823122286689332,0.8036813618170544,2
shipped_synthetic,dataset12919,117,1.3519028839257932,0.792153488764139,2
shipped_synthetic,dataset5554,24,1.0376684170071597,0.7309716933706333,2
shipped_synthetic,dataset13115,28,1.0,0.438250160571162,1
shipped_synthetic,dataset4018,54,1.0,0.3385993106672899,1
shipped_synthetic,dataset4253,135,1.0765040970737512,0.49602601093855037,1
shipped_synthetic,dataset3851,269,1.1808978899146212,0.5040672679778394,3
shipped_synthetic,dataset894,304,1.2192224337104383,0.6288924859021424,2
shipped_synthetic,dataset7076,21,1.0238854258913819,0.6140392310798297,3
shipped_synthetic,dataset11257,61,1.0,0.36923166027206816,1
shipped_synthetic,dataset4065,601,1.2744831562874699,0.5967003588482125,2
shipped_synthetic,dataset5480,663,1.4558526059281134,0.743792494212778,2
shipped_synthetic,dataset7157,72,1.0,0.35017294487097567,1
shipped_synthetic,dataset10466,28,1.0192873665675217,0.7082263373550954,1
shipped_synthetic,dataset13087,31,1.011366085210482,0.5617013951662797,1
shipped_synthetic,dataset3504,46,1.0356887268295558,0.6696486329605864,4
shipped_synthetic,dataset9880,36,1.0,0.3747078378060832,1
shipped_synthetic,dataset5353,308,1.2299234327090536,0.4713580637553369,3
shipped_synthetic,dataset12334,288,1.0,0.33267660481017286,1
shipped_synthetic,dataset1195,135,1.0238056015218524,0.48561383548820536,2
shipped_synthetic,dataset13292,9,1.1172700630696497,0.8188517369175125,2
shipped_synthetic,dataset13403,90,1.0,0.3310322311676152,1
shipped_synthetic,dataset11509,190,1.0055454925362526,0.49657738738017576,1
shipped_synthetic,dataset4592,162,1.0,0.32603988743930756,1
shipped_synthetic,dataset1003,39,1.1709349371666218,0.6981865493908328,2
shipped_synthetic,dataset65,536,1.0007434828822523,0.32583812819011243,1
shipped_synthetic,dataset12512,100,1.0001156327041465,0.4264233337255804,1
shipped_synthetic,dataset12245,8,1.0081249268698904,0.7234355750432118,1
shipped_synthetic,dataset3567,4,1.1040920612855392,0.9634661123017124,2
shipped_synthetic,dataset169,31,1.0,0.527498017602854,1
shipped_synthetic,dataset3520,142,1.2077461981931943,0.6216319811912363,2
shipped_synthetic,dataset6330,103,1.3021976916608475,0.7337334925933751,2
shipped_synthetic,dataset4999,731,1.0285989068043773,0.4459525250226838,1
shipped_synthetic,dataset9059,24,1.0,0.5449526780709694,1
shipped_synthetic,dataset9462,81,1.5224888562945285,0.7981649094121388,2
shipped_synthetic,dataset2543,308,1.2513062509875457,0.6337073702263751,3
shipped_synthetic,dataset8390,37,1.384096444458354,0.7904512920041253,2
shipped_synthetic,dataset9120,6,1.0,0.6873381207305492,1
shipped_synthetic,dataset1595,193,1.5263708781365661,0.6683654871761364,3
shipped_synthetic,dataset4412,26,1.2279269259303047,0.7660920742648004,2
shipped_synthetic,dataset3431,70,1.2313673467978987,0.6753096494012844,2
shipped_synthetic,dataset3180,21,1.0,0.39009588418655355,1
shipped_synthetic,dataset11516,63,1.1512207760143092,0.7337219941625496,3
shipped_synthetic,dataset6238,20,1.258016890248432,0.825559386084097,2
shipped_synthetic,dataset6417,5,1.0,0.6321071932034392,1
shipped_synthetic,dataset11333,117,1.2243309498331862,0.6463018508350445,2
shipped_synthetic,dataset5980,43,1.0,0.48601206421186044,1
shipped_synthetic,dataset10576,86,1.2694719183685625,0.6787796485773393,2
shipped_synthetic,dataset7176,55,1.0,0.37196176710875933,1
shipped_synthetic,dataset8066,15,1.0,0.4839546062045975,1
shipped_synthetic,dataset9002,226,1.4281987689550528,0.7168427082777775,2
shipped_synthetic,dataset2434,22,1.1548109590473323,0.7536696489808087,2
shipped_synthetic,dataset8846,192,1.0,0.32492171117540763,1
shipped_synthetic,dataset10170,244,1.00293857350471,0.4153796676485428,1
shipped_synthetic,dataset9879,49,1.1288916411775494,0.6095743615326065,2
shipped_synthetic,dataset12597,162,1.0702933489741246,0.5445264397631828,1
shipped_synthetic,dataset12219,198,1.0629796029007839,0.5612314778279365,1
shipped_synthetic,dataset6423,22,1.2556087161307454,0.7963234666312822,2
shipped_synthetic,dataset2043,29,1.0,0.5288327372928245,1
shipped_synthetic,dataset2745,426,1.48257588441636,0.7229427601262647,3
shipped_synthetic,dataset1781,12,1.094167463018492,0.7654794038743533,2
shipped_synthetic,dataset3436,17,1.1941742985986576,0.8003675807789092,2
shipped_synthetic,dataset6909,77,1.0326865236107032,0.5260814667056872,1
shipped_synthetic,dataset9882,37,1.0,0.4251134960382073,1
shipped_synthetic,dataset820,4,1.0,0.6481690652888464,1
shipped_synthetic,dataset4897,111,1.1212493149261984,0.8644218908732897,2
shipped_synthetic,dataset5488,177,1.4185071374881744,0.7051925090888453,2
shipped_synthetic,dataset8260,92,1.0,0.29453002608570156,1
shipped_synthetic,dataset10761,109,1.508106961752731,0.7474343012072386,2
shipped_synthetic,dataset11969,6,1.0,0.5307941976822684,1
shipped_synthetic,dataset2362,42,1.1874631763074577,0.7067059736175547,2
shipped_synthetic,dataset11794,140,1.0227965091003892,1.2934226021294777,2
shipped_synthetic,dataset8672,21,1.1509730961425524,0.7427016974843541,2
shipped_synthetic,dataset13468,11,1.0,0.6533504783820557,1
shipped_synthetic,dataset12286,384,1.1734620742857174,0.6089178164553406,4
shipped_synthetic,dataset2359,194,1.3007790128017271,0.6312562671295491,2
shipped_synthetic,dataset2766,45,1.303289650186915,0.8175365024809693,3
shipped_synthetic,dataset487,22,1.0,0.4199027961711342,1
shipped_synthetic,dataset12955,29,1.0,0.44705472757646836,1
shipped_synthetic,dataset782,284,1.0360111833671373,0.375883609227974,2
shipped_synthetic,dataset10579,24,1.0,0.448109280410043,1
shipped_synthetic,dataset5853,25,1.264624806012166,0.7895868431645608,2
shipped_synthetic,dataset10211,106,1.0803968227930196,0.5404723801228666,1
shipped_synthetic,dataset6070,89,1.2335563689982816,0.6037294013055922,3
shipped_synthetic,dataset3619,31,1.0,0.5078737669267684,1
shipped_synthetic,dataset2972,24,1.0806797426955561,0.663968691041555,2
shipped_synthetic,dataset1886,21,1.004681587595805,0.5893160226703756,1
shipped_synthetic,dataset3415,580,1.1983612998776783,0.5810299659245631,2
shipped_synthetic,dataset851,10,1.173178372571236,0.8856846581455988,2
shipped_synthetic,dataset1127,6,1.0,0.7337572580396787,1
shipped_synthetic,dataset8717,27,1.0,0.3523162866467919,1
shipped_synthetic,dataset10221,191,1.0,0.27681886926430294,1
shipped_synthetic,dataset2116,92,1.0003206062104455,0.4372792165394802,1
shipped_synthetic,dataset4604,8,1.0579872270554664,0.8010156962283415,2
shipped_synthetic,dataset2544,30,1.0084756400458752,0.6284269727726618,1
shipped_synthetic,dataset2226,5,1.0014415579835052,0.775283748157382,1
shipped_synthetic,dataset12132,64,1.1826085657341647,0.6856254749071341,2
shipped_synthetic,dataset3706,5,1.0091074817816563,0.7964183177351295,1
shipped_synthetic,dataset10655,37,1.0610692730573665,0.6740091813512883,2
shipped_synthetic,dataset11312,5,1.0,0.5723598545016694,1
shipped_synthetic,dataset5363,85,1.3488376566265967,0.8005120710142078,3
shipped_synthetic,dataset4063,58,1.0,0.43784442307141236,1
shipped_synthetic,dataset3767,85,1.0177997187886116,0.7043556696556704,1
shipped_synthetic,dataset5280,451,1.010771444310687,0.40203766611424846,1
shipped_synthetic,dataset553,22,1.1308541687862197,0.7161193022653993,2
shipped_synthetic,dataset10157,498,1.0525002057797253,0.6528564634259819,4
shipped_synthetic,dataset3751,44,1.096154209595905,0.6519316317104761,2
shipped_synthetic,dataset7092,64,1.0,0.36481460956033607,1
shipped_synthetic,dataset8448,665,1.5255438072890843,0.7938522728415501,2
shipped_synthetic,dataset2396,149,1.072003882086216,0.45306046937059385,3
shipped_synthetic,dataset4143,136,1.3798114376316861,0.7569250525116511,2
shipped_synthetic,dataset3266,32,1.0609821022351515,0.7134125304780561,1
shipped_synthetic,dataset10140,518,1.2498530928986828,0.6785081614068208,3
shipped_synthetic,dataset3497,389,1.0,0.21693173821990736,1
shipped_synthetic,dataset11213,97,1.3089156848685652,0.6627867660455765,2
shipped_synthetic,dataset13781,6,1.0,0.6246807013459568,1
shipped_synthetic,dataset9606,46,1.2039422066548906,0.9306835436364902,3
shipped_synthetic,dataset8545,29,1.0613352131087035,0.6435599565934779,2
shipped_synthetic,dataset6746,80,1.0082361664779107,0.47297115286267233,2
shipped_synthetic,dataset5460,51,1.0226182359759781,0.5294653581464027,1
shipped_synthetic,dataset10137,7,1.0,0.6123150421899083,1
shipped_synthetic,dataset11950,138,1.1638196619639307,0.5887887587492352,2
shipped_synthetic,dataset2473,347,1.084439708878022,0.5396085033434148,4
shipped_synthetic,dataset7969,26,1.0,0.3676233570920442,1
shipped_synthetic,dataset785,6,1.0,0.6191791581328658,1
shipped_synthetic,dataset9237,420,1.3891143914038164,0.6215443891717228,2
shipped_synthetic,dataset11034,25,1.0,0.4486167415589901,1
shipped_synthetic,dataset9856,416,1.0,0.26313557067407506,1
shipped_synthetic,dataset12401,36,1.389552133135584,0.8061845699868481,2
shipped_synthetic,dataset7455,7,1.119728742022031,0.8501483828233116,2
shipped_synthetic,dataset12646,23,1.0,0.4505389737846562,1
shipped_synthetic,dataset9984,28,1.0362310936534997,0.7308374706151368,1
shipped_synthetic,dataset7462,424,1.1771509067101242,0.6748689554676779,2
shipped_synthetic,dataset4534,148,1.5396175388423319,0.8367964056040044,2
shipped_synthetic,dataset1532,270,1.3526137984365278,0.7013000705843869,3
shipped_synthetic,dataset12121,32,1.1326060453091273,0.6618357132131542,2
shipped_synthetic,dataset11512,53,1.1492503671838294,0.6498341304902103,2
shipped_synthetic,dataset100,482,1.072340470764928,0.4044062459676965,2
shipped_synthetic,dataset3032,148,1.101986911248719,0.5182806016449396,2
shipped_synthetic,dataset980,9,1.049789240744939,0.7560592517072643,2
shipped_synthetic,dataset6938,30,1.0,0.4065143075978213,1
shipped_synthetic,dataset2707,32,1.0168690185862204,0.5876681596851507,1
shipped_synthetic,dataset10051,14,1.044964378696244,0.7081480528926357,1
shipped_synthetic,dataset377,502,1.517834629123098,0.7733590216893474,4
shipped_synthetic,dataset5893,24,1.1399391345331054,0.7123563367126079,2
shipped_synthetic,dataset7994,6,1.0333647258881948,0.7986612330090732,1
shipped_synthetic,dataset10996,167,1.0,0.3100877942183972,1
shipped_synthetic,dataset5722,15,1.0,0.44678393933250077,1
shipped_synthetic,dataset7181,9,1.0169533817247152,0.7195144832242409,1
shipped_synthetic,dataset9311,222,1.1761756613635872,0.6106686973601386,2
shipped_synthetic,dataset10161,23,1.0,0.5588234214016845,1
shipped_synthetic,dataset12788,12,1.0433432100104318,0.7985336924263274,1
shipped_synthetic,dataset5070,26,1.0,0.47093687643323295,1
shipped_synthetic,dataset1714,200,1.0,0.2312616536685504,1
shipped_synthetic,dataset10420,9,1.0163250773254713,0.7237017584010567,1
shipped_synthetic,dataset11647,30,1.2891667803364861,0.7766984098800874,2
shipped_synthetic,dataset2931,16,1.296923613612529,0.8503175183602647,2
shipped_synthetic,dataset11294,56,1.3881110339792466,0.8098703600882003,2
shipped_synthetic,dataset4841,368,1.6306076636984381,0.6584033971533657,3
shipped_synthetic,dataset5676,18,1.0740118324760446,0.6713859837662289,3
shipped_synthetic,dataset5286,187,1.412946994222576,0.7723878730507252,2
shipped_synthetic,dataset3900,25,1.1650238579366592,0.7548401326188495,2
shipped_synthetic,dataset187,47,1.0119109809764701,0.5495607945325736,1
shipped_synthetic,dataset11366,16,1.115061619348786,0.7442165856831041,2
shipped_synthetic,dataset9987,364,1.4628156352971844,0.7785861438587309,2
shipped_synthetic,dataset11940,648,1.4252195095280258,0.6763995777625463,2
shipped_synthetic,dataset1251,224,1.1973923120317624,0.6209266902837337,2
shipped_synthetic,dataset6107,102,1.0220513758356344,0.5769592639408222,2
shipped_synthetic,dataset13076,22,1.0,0.458781019173263,1
shipped_synthetic,dataset8204,29,1.0,0.4962730409760255,1
shipped_synthetic,dataset6223,678,1.0002192432774466,0.29866284404032845,1
shipped_synthetic,dataset10097,166,1.4588012923890976,0.7767887738400631,2
shipped_synthetic,dataset2595,127,1.1610451697139794,0.6207945127097524,2
shipped_synthetic,dataset4717,6,1.027928658962977,0.7919130530116332,1
shipped_synthetic,dataset10724,645,1.0038240411741,0.4787366252238108,1
shipped_synthetic,dataset9143,57,1.0288650577090768,1.0472266561661274,2
shipped_synthetic,dataset8866,17,1.0,0.579538231159824,1
shipped_synthetic,dataset6662,52,1.0,0.38695889450464743,1
shipped_synthetic,dataset148,535,1.0,0.20680680946869576,1
shipped_synthetic,dataset440,722,1.5738512079238047,0.653419018123486,2
shipped_synthetic,dataset12620,217,1.0,0.3215929069959944,1
shipped_synthetic,dataset8584,13,1.0,0.6153416390659335,1
shipped_synthetic,dataset10148,18,1.309623387790523,0.8679418571224328,2
shipped_synthetic,dataset13620,266,1.3548490260510382,0.717500782161247,3
shipped_synthetic,dataset2450,11,1.0,0.4304308983441072,1
shipped_synthetic,dataset2817,87,1.6686370773686512,0.8775303321120631,2
shipped_synthetic,dataset5027,7,1.004631045609946,0.7348409928199363,1
shipped_synthetic,dataset8334,157,1.1381559011776134,0.5160910368421044,3
shipped_synthetic,dataset4613,5,1.0,0.727435706761295,1
shipped_synthetic,dataset926,135,1.0,0.2967464698056379,1
shipped_synthetic,dataset594,676,1.5407306057126995,0.5022201619830394,3
shipped_synthetic,dataset6521,152,1.2126205714603937,0.5710074120997253,3
shipped_synthetic,dataset7380,13,1.1228290087695503,0.7813295250362184,2
shipped_synthetic,dataset7368,410,1.245852968343889,0.45165516347308265,3
shipped_synthetic,dataset3824,444,1.0146415672897244,0.3481454936771933,1
shipped_synthetic,dataset1377,58,1.0,0.38033925075356445,1
shipped_synthetic,dataset5931,76,1.6050799879779056,0.8313500853000282,2
shipped_synthetic,dataset11736,85,1.6110706074918477,0.8354002663454835,2
shipped_synthetic,dataset5684,544,1.388827541130898,0.7332131461416571,2
shipped_synthetic,dataset3841,358,1.3195225966587665,0.6446660230686092,5
shipped_synthetic,dataset2591,214,1.0025755608005558,0.4512739077571068,1
shipped_synthetic,dataset2743,9,1.0,0.3801973325886275,1
shipped_synthetic,dataset9168,133,1.0,0.3672194809853081,1
shipped_synthetic,dataset504,41,1.0398277571636267,0.5813885512334585,1
shipped_synthetic,dataset4216,142,1.4730006899685733,0.7360831361566926,2
shipped_synthetic,dataset6853,8,1.0,0.6031416585476039,1
shipped_synthetic,dataset9969,24,1.2204498922788292,0.7516157650602756,2
shipped_synthetic,dataset5190,402,1.3734154499137188,0.6325701624188195,3
shipped_synthetic,dataset3326,8,1.002269246222525,0.7108843458122756,1
shipped_synthetic,dataset7443,208,1.1514818001830482,0.5545631608428951,3
shipped_synthetic,dataset7735,618,1.3124253369729284,1.1503254245385885,3
shipped_synthetic,dataset1688,426,1.0,0.2521390779554075,1
shipped_synthetic,dataset7298,165,1.0,0.24774661764485026,1
shipped_synthetic,dataset11707,38,1.208729923876488,0.7250977378160807,2
shipped_synthetic,dataset6850,6,1.0,0.6935362944213078,1
shipped_synthetic,dataset3731,591,1.001358995646682,0.3321405150163599,1
shipped_synthetic,dataset10739,218,1.0,0.2544593435384315,1
shipped_synthetic,dataset6267,70,1.0,0.351430431094572,1
shipped_synthetic,dataset12661,180,1.0,0.36317921728117075,1
shipped_synthetic,dataset5741,729,1.26917645071673,0.6165241212723828,2
shipped_synthetic,dataset5318,157,1.0,0.2763476914472859,1
shipped_synthetic,dataset393,85,1.101293607958627,0.5761137112979651,2
shipped_synthetic,dataset3773,68,1.0,0.448986616489582,1
shipped_synthetic,dataset8574,93,1.2389663777844746,0.8655254399493822,4
shipped_synthetic,dataset10710,43,1.1184031639848233,0.6365630062972883,2
shipped_synthetic,dataset8515,47,1.1397162709393511,0.8720964245928207,3
shipped_synthetic,dataset6475,115,1.0,0.2834956945357929,1
shipped_synthetic,dataset78,16,1.0936275596378549,0.7266542523477321,2
shipped_synthetic,dataset12459,115,1.0,0.30972107963353745,1
shipped_synthetic,dataset5840,61,1.3788136282496404,0.7561472732919814,2
shipped_synthetic,dataset12606,150,1.0,0.2976615563693142,1
shipped_synthetic,dataset784,697,1.0197711892966226,0.5822814332526135,2
shipped_synthetic,dataset11435,732,1.4299261747343495,0.6052300517593588,3
shipped_synthetic,dataset10909,573,1.3744047350281048,0.6061908758595149,1
shipped_synthetic,dataset2698,680,1.3456419927111618,0.6312264970498382,2
shipped_synthetic,dataset8363,155,1.0069696164112925,0.5035911453087771,1
shipped_synthetic,dataset9990,681,1.0002366530568954,0.2984671437675984,1
shipped_synthetic,dataset11926,692,1.3132274577203435,0.594466562166076,3
shipped_synthetic,dataset3524,7,1.118065810810907,0.8498505990210843,2
shipped_synthetic,dataset6751,69,1.0,0.43542771422373444,1
shipped_synthetic,dataset8458,56,1.4193704125678082,0.8090314128993759,2
shipped_synthetic,dataset10750,7,1.0176808424613597,0.75955793801303,1
shipped_synthetic,dataset2289,24,1.2588531638442395,0.796514999752091,2
shipped_synthetic,dataset6524,15,1.0,0.6100487666425698,1
shipped_synthetic,dataset4096,212,1.1110744017453134,1.0166979697099972,5
shipped_synthetic,dataset5475,21,1.1352885741386345,0.737290854775622,2
shipped_synthetic,dataset13592,7,1.1127223052941686,0.8452138304788104,2
shipped_synthetic,dataset10748,16,1.3908931986865232,0.9427352704431855,2
shipped_synthetic,dataset5328,69,1.0,0.3541676982441422,1
shipped_synthetic,dataset12093,218,1.2962575275434638,0.6976061345509128,2
shipped_synthetic,dataset4529,11,1.0,0.5770508222066906,1
shipped_synthetic,dataset7437,26,1.1239550299336072,0.7012612314919209,2
shipped_synthetic,dataset5014,41,1.0,0.31367738052035954,1
shipped_synthetic,dataset10893,29,1.068575133941278,0.6341771290049194,2
shipped_synthetic,dataset5530,5,1.0375401333955818,0.8288357262611928,2
shipped_synthetic,dataset11550,7,1.0,0.7167187386926611,1
shipped_synthetic,dataset5228,16,1.0,0.3399266172507926,1
shipped_synthetic,dataset11352,12,1.0,0.360119460718528,1
shipped_synthetic,dataset2794,53,1.5275102967823921,0.9086313557794283,2
shipped_synthetic,dataset7441,323,1.3328712588226483,0.6226187961758194,2
shipped_synthetic,dataset13448,376,1.475282923278905,0.7397324160329148,2
shipped_synthetic,dataset9159,35,1.0,0.43424219619897825,1
shipped_synthetic,dataset13759,179,1.0,0.323159892714612,1
shipped_synthetic,dataset12990,57,1.0,0.4528098316222882,1
shipped_synthetic,dataset6813,7,1.126192171989346,0.8544886226634354,2
shipped_synthetic,dataset6257,70,1.0,0.3438106387155767,1
shipped_synthetic,dataset11349,39,1.03712893712548,0.7905634549255549,1
shipped_synthetic,dataset6060,59,1.0,0.3447155983087466,1
shipped_synthetic,dataset9036,607,1.6228467860455311,0.6616752130365988,2
shipped_synthetic,dataset872,176,1.3900393595701348,0.6995048245638383,2
shipped_synthetic,dataset5021,50,1.5397099234047755,0.9123915216872824,2
shipped_synthetic,dataset947,255,1.2879212887760407,0.6284703954311442,2
shipped_synthetic,dataset4810,170,1.0336729977887473,0.854829188749179,2
shipped_synthetic,dataset11370,146,1.0031414430933514,0.46521544453139746,1
shipped_synthetic,dataset2590,43,1.28851050737556,0.7650130641649464,2
shipped_synthetic,dataset13554,148,1.359809974394073,0.7102909821427291,2
shipped_synthetic,dataset11704,19,1.0,0.578171480391422,1
shipped_synthetic,dataset8201,280,1.0,0.21578862466026624,1
shipped_synthetic,dataset2963,42,1.0996712741846117,0.6590017532556768,2
shipped_synthetic,dataset2835,17,1.0382257671989068,0.7710701524312636,2
shipped_synthetic,dataset2379,9,1.0,0.42701782340869404,1
shipped_synthetic,dataset5039,653,1.2775055918239766,0.44147032977604095,3
shipped_synthetic,dataset13406,10,1.0557761511840826,0.7660449982966052,2
shipped_synthetic,dataset971,224,1.4751781364564829,0.7556402656975564,2
shipped_synthetic,dataset6306,137,1.5893511500727444,0.7345349182960607,2
shipped_synthetic,dataset9991,38,1.0,0.40026062010881674,1
shipped_synthetic,dataset11295,80,1.054115225376132,0.4995625280689881,2
shipped_synthetic,dataset13099,6,1.0055605881067053,0.7582920422787506,1
shipped_synthetic,dataset2645,75,1.0,0.35559064661248496,1
shipped_synthetic,dataset12275,8,1.0360628290202998,0.8071595528471717,2
shipped_synthetic,dataset13013,636,1.3858102419713207,0.5985121194979488,2
shipped_synthetic,dataset62,93,1.0,0.361745812355281,1
shipped_synthetic,dataset2206,390,1.0,0.244023755984129,1
shipped_synthetic,dataset7197,277,1.3451268309088633,0.7046247742078323,3
shipped_synthetic,dataset9061,120,1.3336763257089783,0.7343230820901234,2
shipped_synthetic,dataset10116,117,1.137024822424517,0.6152618502205062,2
shipped_synthetic,dataset8059,560,1.0109683156438383,0.8350005531542342,1
shipped_synthetic,dataset11882,24,1.0101544597762442,0.59221470619934,1
shipped_synthetic,dataset3356,10,1.0,0.3389996894435083,1
shipped_synthetic,dataset11087,217,1.2083202770177006,0.5432946783085225,2
shipped_synthetic,dataset10641,12,1.0913774876339921,0.7758058455343931,2
shipped_synthetic,dataset12930,20,1.2642343676268695,0.8050372331271858,2
shipped_synthetic,dataset6713,280,1.2257525513146803,0.669023993614501,5
shipped_synthetic,dataset2447,123,1.0172326118202901,0.9014911487652815,2
shipped_synthetic,dataset7828,121,1.3706003762316816,0.6954979222550418,3
shipped_synthetic,dataset4825,43,1.0,0.4453770883688111,1
shipped_synthetic,dataset6011,24,1.1012066309035093,0.6625531961400268,2
shipped_synthetic,dataset10130,24,1.0,0.4109287211868894,1
shipped_synthetic,dataset7595,41,1.1775481793982634,0.6786523209102824,2
shipped_synthetic,dataset3149,38,1.0211276427276204,0.7008380080784126,1
shipped_synthetic,dataset2215,252,1.0072645100414974,0.43714546073273425,1
shipped_synthetic,dataset4163,26,1.15083720003565,0.7167324796840733,2
shipped_synthetic,dataset8943,88,1.0,0.3397934776054194,1
shipped_synthetic,dataset12766,193,1.3269975862648506,0.5383333664953656,3
shipped_synthetic,dataset6288,464,1.2978811989774781,0.6221641685467398,1
shipped_synthetic,dataset1693,114,1.1169242509812707,0.7617144037780782,2
shipped_synthetic,dataset11197,9,1.0,0.4550787590881137,1
shipped_synthetic,dataset12193,7,1.097025720831539,0.8343716726466633,2
shipped_synthetic,dataset6428,10,1.0,0.661283784967364,1
shipped_synthetic,dataset13503,70,1.0,0.3313975774451619,1
shipped_synthetic,dataset12544,184,1.314357291712471,0.6797725052462245,2
shipped_synthetic,dataset3829,429,1.0,0.23530975914219113,1
shipped_synthetic,dataset6503,33,1.430884044101122,0.828536729785913,2
shipped_synthetic,dataset6310,69,1.2725499303839136,0.762487096891273,2
shipped_synthetic,dataset8026,98,1.2104626664291809,0.650860359627433,2
shipped_synthetic,dataset1692,212,1.2418099440640815,0.5269995635336363,2
shipped_synthetic,dataset12233,463,1.0,0.2749213752510228,1
shipped_synthetic,dataset2032,209,1.0135870314586795,1.0328922177624809,2
shipped_synthetic,dataset3006,664,1.50792555181856,0.6765775785097098,2
shipped_synthetic,dataset11113,295,1.0,0.22946325522194805,1
shipped_synthetic,dataset7234,97,1.6679040708826969,0.8672019945039657,2
shipped_synthetic,dataset12746,5,1.0055269679793386,0.7855430093882483,1
shipped_synthetic,dataset5119,412,1.0071317311516106,0.4321120488527344,1
shipped_synthetic,dataset10142,13,1.0099661007045544,0.6874667974691442,1
shipped_synthetic,dataset13746,712,1.0,0.23668763958876857,1
shipped_synthetic,dataset13172,665,1.0106091108239688,0.5897545806512267,1
shipped_synthetic,dataset2017,42,1.574877703721152,0.8796231373163051,2
shipped_synthetic,dataset5374,131,1.461607033546135,0.6358242895853969,3
shipped_synthetic,dataset5950,6,1.0,0.5852408001933285,1
shipped_synthetic,dataset13486,5,1.001013365238853,0.7738300637551822,1
shipped_synthetic,dataset10934,6,1.0316621016305847,0.7970974741648434,1
shipped_synthetic,dataset8582,24,1.0,0.47787628995640036,1
shipped_synthetic,dataset8245,432,1.297074986942013,0.6174532451977557,2
shipped_synthetic,dataset1146,12,1.1505302697366067,0.8066160480176746,2
shipped_synthetic,dataset10774,39,1.0,0.4727614613786505,1
shipped_synthetic,dataset5999,68,1.2466092002740286,0.6970934341987367,2
shipped_synthetic,dataset6198,602,1.0,0.21744241129768652,1
shipped_synthetic,dataset9096,25,1.197734519099869,0.7640855751336049,2
shipped_synthetic,dataset4313,20,1.0240544049196758,0.6296050782586604,1
shipped_synthetic,dataset5703,28,1.046009847905996,0.9692642045401544,2
shipped_synthetic,dataset5971,185,1.0,0.3530801624415093,1
shipped_synthetic,dataset8892,5,1.0384638615654027,0.8298552705452548,2
shipped_synthetic,dataset7538,11,1.0,0.5915705750509354,1
shipped_synthetic,dataset5154,5,1.0,0.6864270086030937,1
shipped_synthetic,dataset2424,197,1.1506911562241795,0.4815844671503756,4
shipped_synthetic,dataset8853,70,1.0,0.3685481248238937,1
shipped_synthetic,dataset11819,9,1.0,0.5003080293390101,1
shipped_synthetic,dataset5885,605,1.0561385034126658,0.48331010602335206,2
shipped_synthetic,dataset4279,104,1.3784232723508851,0.7184170664508592,2
shipped_synthetic,dataset12012,26,1.0754366944386269,0.713348403987266,2
shipped_synthetic,dataset6430,171,1.0593286366802874,0.49489007221161263,2
shipped_synthetic,dataset10063,9,1.0,0.3576570021223973,1
shipped_synthetic,dataset2000,41,1.2395582089959802,0.704037624966017,2
shipped_synthetic,dataset13216,493,1.553595608964764,0.7850360893117203,2
shipped_synthetic,dataset9642,17,1.0,0.42541956353293503,1
shipped_synthetic,dataset7736,12,1.0745464170988324,0.740279486151026,1
shipped_synthetic,dataset4379,25,1.021841037505943,0.697603088763063,1
shipped_synthetic,dataset621,19,1.0,0.4917921943814562,1
shipped_synthetic,dataset9633,10,1.035153558785155,0.7334178283545676,3
shipped_synthetic,dataset1366,40,1.0,0.45806017595232656,1
shipped_synthetic,dataset10789,315,1.5191542310792854,0.7767117203055135,2
shipped_synthetic,dataset2081,31,1.0,0.46599915842116324,1
shipped_synthetic,dataset12670,37,1.5164483160733413,0.8888637319533002,2
shipped_synthetic,dataset9552,5,1.0240238574683524,0.8134280870988797,2
shipped_synthetic,dataset1514,50,1.0,0.37225365509257075,1
shipped_synthetic,dataset728,70,1.1286868057785364,0.6401988541609009,3
shipped_synthetic,dataset8402,395,1.2633094890359116,0.7164766931767897,2
shipped_synthetic,dataset3359,9,1.2018145040821615,0.8710980871811396,2
shipped_synthetic,dataset5519,52,1.3242149288699239,0.7702302927878621,2
shipped_synthetic,dataset2617,12,1.0,0.5421458289656675,1
shipped_synthetic,dataset1176,97,1.0,0.3214244494439687,1
shipped_synthetic,dataset7130,190,1.0,0.2788450661394555,1
shipped_synthetic,dataset7186,6,1.0,0.7182471696718288,1
shipped_synthetic,dataset7959,657,1.2957338736739534,0.6334837614820747,1
shipped_synthetic,dataset4245,82,1.0,0.29224539073078887,1
shipped_synthetic,dataset9836,60,1.1690074135756585,0.6549997617175181,2
shipped_synthetic,dataset11999,114,1.1716152146092926,0.5917963866797116,2
shipped_synthetic,dataset5761,40,1.1223850431311937,0.6567206638186744,2
shipped_synthetic,dataset4906,55,1.2805864471225983,0.7456954534595335,2
shipped_synthetic,dataset2933,111,1.0891854432406871,0.5105443311777267,3
shipped_synthetic,dataset12206,678,1.4075505402677435,0.6908184324260962,2
shipped_synthetic,dataset10044,328,1.004084601708673,0.4288465245943847,1
shipped_synthetic,dataset4437,32,1.068904513355235,0.6527324290603658,2
shipped_synthetic,dataset1537,10,1.0,0.43969807419255696,1
shipped_synthetic,dataset431,431,1.002531586859589,0.369021094611146,1
shipped_synthetic,dataset5049,59,1.0,0.3022703601673003,1
shipped_synthetic,dataset10651,82,1.2036189944685498,0.5976534250282638,1
shipped_synthetic,dataset10186,19,1.2428980411015917,0.7996436901511288,2
shipped_synthetic,dataset5053,5,1.0,0.599434523858725,1
shipped_synthetic,dataset9445,82,1.004920517539712,0.4933263460281633,1
shipped_synthetic,dataset7147,486,1.117350548809171,0.5596206544082484,1
shipped_synthetic,dataset8329,153,1.3995278510442626,0.7439054374559019,2
shipped_synthetic,dataset10770,63,1.0,0.4210738726705139,1
shipped_synthetic,dataset6225,5,1.0405800330977415,0.8321664289549059,2
shipped_synthetic,dataset13425,634,1.1482846801930442,0.393712631489438,3
shipped_synthetic,dataset2826,23,1.0,0.44110156007572054,1
shipped_synthetic,dataset12162,301,1.5735466775924398,0.88430935348434,3
shipped_synthetic,dataset4788,9,1.0,0.4876844526969105,1
shipped_synthetic,dataset13803,244,1.0038881321041553,0.524677112663711,1
shipped_synthetic,dataset93,52,1.0965699451557853,0.6626678504592255,2
shipped_synthetic,dataset2467,138,1.0,0.31547561892079395,1
shipped_synthetic,dataset13553,20,1.0,0.37063697701687476,1
shipped_synthetic,dataset7154,12,1.0,0.5747521520537182,1
shipped_synthetic,dataset8684,175,1.2555382307091232,0.6295538785807284,2
shipped_synthetic,dataset7445,40,1.0368422185541495,0.5717556224211603,1
shipped_synthetic,dataset1813,46,1.0,0.37528993124990795,1
shipped_synthetic,dataset2529,7,1.1117290652233016,0.8445714596410939,2
shipped_synthetic,dataset4647,523,1.0088965356111879,0.45695727003080633,1
shipped_synthetic,dataset3427,59,1.0,0.4321990674042445,1
shipped_synthetic,dataset3348,24,1.0,0.556850660930599,1
shipped_synthetic,dataset528,66,1.0526425420166465,1.0527345462647204,2
shipped_synthetic,dataset4855,8,1.000097370246681,0.7007507285402301,1
shipped_synthetic,dataset8161,52,1.0,0.4614017884462744,1
shipped_synthetic,dataset5989,420,1.2027391683989097,0.6176690468102526,2
shipped_synthetic,dataset8864,599,1.0036217689003095,0.4669055120635026,1
shipped_synthetic,dataset10560,52,1.0948314671471544,0.6333693563736145,2
shipped_synthetic,dataset10438,56,1.0,0.46300990565460326,1
shipped_synthetic,dataset8755,299,1.5390372152677638,0.7517525737768597,2
shipped_synthetic,dataset11884,18,1.0,0.5659814533266625,1
shipped_synthetic,dataset11211,6,1.0,0.5511010259947579,1
shipped_synthetic,dataset3786,50,1.0,0.3911147542309172,1
shipped_synthetic,dataset8283,69,1.0591511473481667,0.5715148573310463,1
shipped_synthetic,dataset9759,176,1.0008286813224656,0.39839682746718763,1
shipped_synthetic,dataset10360,6,1.0372137593779247,0.8034567417694322,1
shipped_synthetic,dataset9326,9,1.0,0.4017983911066901,1
shipped_synthetic,dataset4988,413,1.2883001800957938,1.1172462012828406,3
shipped_synthetic,dataset8914,261,1.0685111745696823,0.4544388586175912,3
shipped_synthetic,dataset6291,138,1.4077383056725923,0.6643467868705525,2
shipped_synthetic,dataset1360,196,1.4063565914803007,0.683252402575807,2
shipped_synthetic,dataset7810,8,1.0579178931172204,0.7799545333390817,2
shipped_synthetic,dataset1506,104,1.44382615469375,0.7603380347495464,2
shipped_synthetic,dataset5833,51,1.018776088379019,0.5404623653416624,3
shipped_synthetic,dataset13309,189,1.0,0.30484625009580407,1
shipped_synthetic,dataset3605,29,1.3065394442171498,0.7665837374818215,2
shipped_synthetic,dataset7525,45,1.0,0.4000915687773578,1
shipped_synthetic,dataset10993,320,1.5186301496535222,0.7878969279408039,3
shipped_synthetic,dataset6747,37,1.12912118937866,0.6299797003149686,1
shipped_synthetic,dataset1436,121,1.0195019121733757,0.43467603557133166,2
shipped_synthetic,dataset3678,34,1.3355388277720939,0.7741356595448426,2
shipped_synthetic,dataset2655,14,1.0,0.4969458647157335,1
shipped_synthetic,dataset6076,58,1.0833473850645856,0.5892213844350115,2
shipped_synthetic,dataset255,75,1.3544394003821518,0.6954869121675702,2
shipped_synthetic,dataset3908,117,1.4675743716602414,0.7829886817908708,2
shipped_synthetic,dataset9489,464,1.1460587296528744,0.4915718146984024,2
shipped_synthetic,dataset9362,41,1.0771940000829479,0.6148176805995388,2
shipped_synthetic,dataset8522,121,1.521152688148677,0.7600234312232984,2
shipped_synthetic,dataset12029,301,1.4815620267401,0.7804561826305948,2
shipped_synthetic,dataset10103,34,1.050429480333278,0.595351769095321,1
shipped_synthetic,dataset3481,48,1.5060960755793587,0.8299275058121525,2
shipped_synthetic,dataset5459,364,1.015795953968174,0.39935488956142245,1
shipped_synthetic,dataset10375,7,1.116786635419586,0.8488732325939904,2
shipped_synthetic,dataset3341,158,1.3022246670491604,0.8110663996737866,3
shipped_synthetic,dataset6696,366,1.476882733623501,0.7085086841562586,2
shipped_synthetic,dataset299,25,1.0535622406885494,0.6510983036198176,1
shipped_synthetic,dataset11584,13,1.0403221111130718,0.7028047426080529,2
shipped_synthetic,dataset2421,15,1.0169717725600076,0.720132958461617,2
shipped_synthetic,dataset13527,145,1.1778804456538414,0.5858982185079651,3
shipped_synthetic,dataset11906,82,1.0,0.2534362492081769,1
shipped_synthetic,dataset3752,106,1.3029669940632893,0.6980647819918452,2
shipped_synthetic,dataset6161,504,1.62513699833174,0.5776127010486124,4
shipped_synthetic,dataset8869,442,1.161181513470344,0.4563614638884114,2
shipped_synthetic,dataset866,94,1.1173289442046808,0.631626084824769,2
shipped_synthetic,dataset3695,5,1.0,0.6955740610323943,1
shipped_synthetic,dataset2764,5,1.0,0.5553532571239552,1
shipped_synthetic,dataset10583,20,1.0152603859221498,0.6583457719262186,1
shipped_synthetic,dataset10454,18,1.0,0.5132677873567366,1
shipped_synthetic,dataset10061,84,1.0432820088910266,0.6788216146475438,2
shipped_synthetic,dataset13189,77,1.0104334932793828,0.5414216890333318,1
shipped_synthetic,dataset11326,19,1.0,0.4883795087179149,1
shipped_synthetic,dataset10499,6,1.0,0.4530969568283789,1
shipped_synthetic,dataset13158,392,1.0,0.2710819924428501,1
shipped_synthetic,dataset6163,27,1.0,0.43141077874362194,1
shipped_synthetic,dataset2480,94,1.0031295859098035,0.470662609288945,1
shipped_synthetic,dataset1065,235,1.0640382774748793,0.5179154186338574,2
shipped_synthetic,dataset539,490,1.0,0.23137496009174022,1
shipped_synthetic,dataset8319,90,1.0938672876075972,0.581106425826115,1
shipped_synthetic,dataset3053,137,1.032065327941063,0.9286047746040005,3
shipped_synthetic,dataset10991,706,1.0942185425946027,0.6003141979854436,2
shipped_synthetic,dataset5219,61,1.4206399755270513,0.7658970575382622,2
shipped_synthetic,dataset4922,19,1.18863709727813,0.7557616911500193,2
shipped_synthetic,dataset6615,10,1.0478281277836532,0.7513056637073737,2
shipped_synthetic,dataset12733,7,1.0208385527158987,0.7655114567010857,1
shipped_synthetic,dataset7276,93,1.3715584068258804,0.7564779721954492,2
shipped_synthetic,dataset7962,137,1.1815641182914125,0.5595726747321066,3
shipped_synthetic,dataset481,11,1.1505460423293055,0.8111672083798401,2
shipped_synthetic,dataset4164,37,1.187730559997533,0.6810912406633239,2
shipped_synthetic,dataset4447,9,1.0,0.49932574002155455,1
shipped_synthetic,dataset4739,101,1.000012394259685,0.4221196105316086,1
shipped_synthetic,dataset8613,42,1.0,0.41098723870945386,1
shipped_synthetic,dataset8872,248,1.0,0.31862711139692584,1
shipped_synthetic,dataset11437,11,1.0,0.41364340616583906,1
shipped_synthetic,dataset113,354,1.2597502134099183,0.5959394733816887,2
shipped_synthetic,dataset9884,28,1.1983545369113904,0.7826053898105468,2
shipped_synthetic,dataset7952,378,1.0,0.19008371084630854,1
shipped_synthetic,dataset582,261,1.3803092525600573,0.56803840968304,3
shipped_synthetic,dataset12774,226,1.0,0.2570357610368884,1
shipped_synthetic,dataset7645,270,1.0,0.3130751359762616,1
shipped_synthetic,dataset13410,43,1.0556400414779619,0.6077811568275978,2
shipped_synthetic,dataset3626,6,1.0810727609751902,0.8754847520963344,2
shipped_synthetic,dataset13555,18,1.0,0.5508603999670427,1
shipped_synthetic,dataset13134,9,1.0,0.37441053479273134,1
shipped_synthetic,dataset12299,507,1.0225683583159193,0.35068364067553,1
shipped_synthetic,dataset11353,95,1.3067593683244372,0.695682448772589,2
shipped_synthetic,dataset2883,6,1.0,0.7145030310799274,1
shipped_synthetic,dataset13112,346,1.0019314570668367,0.35746855110904,1
shipped_synthetic,dataset986,16,1.0,0.45065366877624247,1
shipped_synthetic,dataset11023,84,1.0388523286887397,0.6351593347636126,2
shipped_synthetic,dataset6502,25,1.0,0.4330407404121108,1
shipped_synthetic,dataset4451,10,1.0,0.5425227954150729,1
shipped_synthetic,dataset566,38,1.0901454189741935,0.6801334414527824,3
shipped_synthetic,dataset9383,516,1.0863289509413538,0.5129039056424258,2
shipped_synthetic,dataset11072,39,1.018710405874059,0.6594873477553733,1
shipped_synthetic,dataset10707,5,1.0134782948197587,0.799231020406488,1
shipped_synthetic,dataset10779,94,1.0227867153806542,1.2055261843312624,2
shipped_synthetic,dataset6817,709,1.1338873489931427,0.555078645738282,2
shipped_synthetic,dataset13586,79,1.4856837905329834,0.7786266305909942,2
shipped_synthetic,dataset300,146,1.0116146818035443,0.6701171178267721,1
shipped_synthetic,dataset494,36,1.0,0.3479051413460564,1
shipped_synthetic,dataset11916,47,1.3028510740292962,0.7511652140436782,2
shipped_synthetic,dataset810,5,1.0006873796106885,0.7725739012235752,1
shipped_synthetic,dataset9337,109,1.143704378201503,0.5373027501264759,3
shipped_synthetic,dataset2400,10,1.132417954847113,0.8098231322272591,2
shipped_synthetic,dataset3129,12,1.0163724202552775,0.6979798454125152,1
shipped_synthetic,dataset6472,5,1.025832924864252,0.8158911490346807,1
shipped_synthetic,dataset1423,216,1.0402962471931496,0.4460090951070776,1
shipped_synthetic,dataset549,38,1.0,0.45587710762813505,1
shipped_synthetic,dataset3937,5,1.0328378777105076,0.8238247059030145,2
shipped_synthetic,dataset5820,29,1.570221352821538,0.9389637280932751,2
shipped_synthetic,dataset2232,254,1.4880157309105437,0.7742470175430429,2
shipped_synthetic,dataset4979,54,1.0,0.364115087413439,1
shipped_synthetic,dataset13089,75,1.1863340059982652,0.6028263312201592,2
shipped_synthetic,dataset4452,32,1.1226130758481188,0.6959548512781697,2
shipped_synthetic,dataset2224,281,1.0,0.22127329295569423,1
shipped_synthetic,dataset8750,7,1.0,0.5445178576624843,1
shipped_synthetic,dataset7475,37,1.0907952361692554,0.6099321443910318,2
shipped_synthetic,dataset4936,10,1.0552073289448545,0.7506324122929372,1
shipped_synthetic,dataset7812,223,1.2741662231941322,0.5846768280743604,3
shipped_synthetic,dataset4408,378,1.0,0.2722704322978276,1
shipped_synthetic,dataset4010,61,1.0132692829448107,0.5505605271725801,1
shipped_synthetic,dataset12323,509,1.3718005949579408,0.6241011040341022,1
shipped_synthetic,dataset6049,30,1.0,0.5045940570846853,1
shipped_synthetic,dataset7233,113,1.0,0.33484014958161457,1
shipped_synthetic,dataset8801,32,1.1492459541818087,0.6645574410576722,3
shipped_synthetic,dataset7811,77,1.2457480212182925,0.6595609846476255,2
shipped_synthetic,dataset3309,64,1.4487123937426454,0.8076124011684316,2
shipped_synthetic,dataset8813,12,1.036817515974817,0.7085227238907392,1
shipped_synthetic,dataset10704,22,1.051053598271514,0.8232034213293332,2
shipped_synthetic,dataset8418,96,1.0097697995130173,0.5427922938667402,1
shipped_synthetic,dataset7098,37,1.0310903759349022,0.8080777863075593,2
shipped_synthetic,dataset4528,85,1.1899969298399484,0.596014619744802,2
shipped_synthetic,dataset12188,10,1.0198286960088572,0.7455020714824677,1
shipped_synthetic,dataset450,329,1.280254309865306,0.6725349096583482,2
shipped_synthetic,dataset3132,16,1.0,0.3471947431218721,1
shipped_synthetic,dataset13196,162,1.61631781468989,0.6749898742609256,3
shipped_synthetic,dataset12213,99,1.0956173123078918,0.5509899201477351,3
shipped_synthetic,dataset3705,140,1.2947996470056133,0.6469700761548091,3
shipped_synthetic,dataset10632,90,1.0000235685026546,0.4316101715934418,1
shipped_synthetic,dataset8855,118,1.4062650149413032,0.701080487208149,3
shipped_synthetic,dataset2353,9,1.155897435105568,0.8425010345508661,2
shipped_synthetic,dataset8856,306,1.345858695647992,0.6218422750515815,3
shipped_synthetic,dataset1875,64,1.5594474391493471,0.8371667880172555,2
shipped_synthetic,dataset12863,39,1.2240599491784854,0.7558358144409582,2
shipped_synthetic,dataset11350,621,1.0118225592723502,1.2497333141138984,2
shipped_synthetic,dataset11513,262,1.0132376035845538,0.5346423706787645,1
shipped_synthetic,dataset2282,17,1.006090217473259,0.6358619120843384,1
shipped_synthetic,dataset8417,29,1.0119748746007324,0.5724848792745869,1
shipped_synthetic,dataset6179,16,1.044767246369999,0.6677779057436447,1
shipped_synthetic,dataset10589,245,1.0,0.3448652967619077,1
shipped_synthetic,dataset11798,11,1.060505653674769,0.7524931386808519,2
shipped_synthetic,dataset338,16,1.0,0.4698329731727923,1
shipped_synthetic,dataset11428,51,1.0,0.38852982089224847,1
shipped_synthetic,dataset5798,14,1.0,0.3212082007886642,1
shipped_synthetic,dataset2819,17,1.0495065977245117,0.7626675567184674,1
shipped_synthetic,dataset1203,218,1.0,0.33897762848410906,1
shipped_synthetic,dataset2250,543,1.1950759426473254,0.6055188700254189,1
shipped_synthetic,dataset10099,138,1.0,0.34358296410672073,1
shipped_synthetic,dataset2036,20,1.0,0.4660200142440725,1
shipped_synthetic,dataset10697,221,1.0628397982620943,0.4757026000704887,2
shipped_synthetic,dataset3015,77,1.0118724945575144,0.492402865331537,1
shipped_synthetic,dataset10006,78,1.102768200443111,1.2293412348622408,3
shipped_synthetic,dataset9532,90,1.1857780250418108,0.6639074664411129,2
shipped_synthetic,dataset873,24,1.2468793130471856,0.7943560806412926,2
shipped_synthetic,dataset12679,14,1.0351778820562605,0.6803058315152213,1
shipped_synthetic,dataset10421,58,1.1685269480781013,0.6831800663329961,3
shipped_synthetic,dataset8160,313,1.0,0.2011437585085398,1
shipped_synthetic,dataset3934,62,1.0,0.38569470426039104,1
shipped_synthetic,dataset476,74,1.3865053190860392,0.7982515108854521,2
shipped_synthetic,dataset580,27,1.009129520059054,0.5978163743085323,1
shipped_synthetic,dataset175,76,1.0,0.30594916220384316,1
shipped_synthetic,dataset7843,283,1.2901019305269228,0.9600076207900091,4
shipped_synthetic,dataset7335,20,1.0,0.48194347709275576,1
shipped_synthetic,dataset11769,6,1.0000112983182583,0.7409902700096421,1
shipped_synthetic,dataset12365,32,1.0629136099411665,0.7479161175764165,2
shipped_synthetic,dataset154,29,1.0,0.4982239737118702,1
shipped_synthetic,dataset2093,28,1.118970984842193,0.668100240575122,2
shipped_synthetic,dataset9269,11,1.0270362319273332,0.7060080982822178,1
shipped_synthetic,dataset6406,63,1.0181016221058077,0.6171575948178216,1
shipped_synthetic,dataset2283,8,1.060001784953176,0.8019253532271028,1
shipped_synthetic,dataset13466,8,1.0432123638191149,0.7696128366723345,1
shipped_synthetic,dataset8254,10,1.0,0.3336724817904331,1
shipped_synthetic,dataset170,47,1.3956027110890417,0.7858435042181833,2
shipped_synthetic,dataset7520,16,1.0189640594624685,0.65118772473143,1
shipped_synthetic,dataset588,21,1.0,0.46295965267830474,1
shipped_synthetic,dataset11555,208,1.2145329544661032,0.5804282623239821,3
shipped_synthetic,dataset8058,199,1.0,0.3635015713992863,1
shipped_synthetic,dataset12074,419,1.0,0.207925315376755,1
shipped_synthetic,dataset2499,7,1.0,0.5543519910222717,1
shipped_synthetic,dataset1933,30,1.0,0.45593246979909935,1
shipped_synthetic,dataset3690,39,1.2614505996707828,0.7540534758287163,2
shipped_synthetic,dataset6821,8,1.01907660979381,0.7405367626750133,1
shipped_synthetic,dataset6798,13,1.056226945922547,0.7461996217556532,1
shipped_synthetic,dataset6498,6,1.0,0.7220396461225956,1
shipped_synthetic,dataset7399,28,1.0146312046656658,0.5727416997660096,1
shipped_synthetic,dataset1085,60,1.0,0.33622280873982163,1
shipped_synthetic,dataset10209,389,1.0561708962712528,0.8455258989034807,2
shipped_synthetic,dataset9439,111,1.3263339567723493,0.7013963286625939,2
shipped_synthetic,dataset10534,37,1.1203210172912157,0.6634479724213612,2
shipped_synthetic,dataset9498,16,1.1172241246553567,0.8048654241241833,2
shipped_synthetic,dataset11531,13,1.0055437059279357,0.6565850337219352,1
shipped_synthetic,dataset4796,252,1.3548396948745507,0.7356134960732772,2
shipped_synthetic,dataset5991,376,1.642618120128717,0.6307594512373644,3
shipped_synthetic,dataset8048,272,1.0,0.3424056919972072,1
shipped_synthetic,dataset2462,707,1.2388140551785842,0.6055819998061516,2
shipped_synthetic,dataset4027,78,1.4022217590092607,0.7654240212728233,2
shipped_synthetic,dataset3340,450,1.5215074335165055,0.650134182412628,2
shipped_synthetic,dataset5345,456,1.07891551407293,0.4574052878223253,1
shipped_synthetic,dataset3087,193,1.2193741061820245,0.5907752052245037,2
shipped_synthetic,dataset7366,444,1.0468921157055824,0.6809886611038092,2
shipped_synthetic,dataset12236,348,1.0,0.22071959982383557,1
shipped_synthetic,dataset5562,143,1.088275662184446,0.5386131733773434,3
shipped_synthetic,dataset2220,87,1.3930617115020052,0.7502268514693873,2
shipped_synthetic,dataset12168,9,1.0,0.549050938325043,1
shipped_synthetic,dataset6872,18,1.1544661265681448,0.7855742210793827,2
shipped_synthetic,dataset2508,28,1.0,0.38740845371738,1
shipped_synthetic,dataset7131,138,1.0232045847721918,0.728721963887004,2
shipped_synthetic,dataset4602,309,1.5975610604482495,0.7993502112787686,2
shipped_synthetic,dataset1946,378,1.1424986049394497,0.5752304160975266,2
shipped_synthetic,dataset4100,11,1.0,0.5343259402210289,1
shipped_synthetic,dataset5563,46,1.052024494693614,0.5792934424225468,1
shipped_synthetic,dataset4349,8,1.1876054595348604,0.905868924280387,2
shipped_synthetic,dataset2975,42,1.0066823839441301,0.5475822042853021,1
shipped_synthetic,dataset2458,196,1.239313683411299,0.6535501218902314,3
shipped_synthetic,dataset4116,27,1.1467955723107777,0.7396425505774596,2
shipped_synthetic,dataset8093,17,1.0,0.5816450447254474,1
shipped_synthetic,dataset7690,585,1.0012917169247273,0.33442921344275994,1
shipped_synthetic,dataset6592,15,1.209695202391338,0.8110655140711761,2
shipped_synthetic,dataset7583,470,1.0,0.24749135547489756,1
shipped_synthetic,dataset1780,16,1.0099243731134881,0.648310605144716,1
shipped_synthetic,dataset1673,40,1.002569902013912,0.5486825470561637,1
shipped_synthetic,dataset10840,18,1.0,0.5251214114268533,1
shipped_synthetic,dataset2425,90,1.0,0.33116208289843707,1
shipped_synthetic,dataset5580,12,1.0,0.5985058904169712,1
shipped_synthetic,dataset12619,34,1.0,0.48473885405659684,1
shipped_synthetic,dataset11614,144,1.6450150006847153,0.896416100992874,2
shipped_synthetic,dataset13755,47,1.032079329010329,0.5785019704177022,2
shipped_synthetic,dataset6924,273,1.0,0.28443288499230807,1
shipped_synthetic,dataset7694,186,1.1861713191300205,0.6287934440835931,2
shipped_synthetic,dataset12925,22,1.0,0.47687893470461323,1
shipped_synthetic,dataset5491,117,1.058249072347887,0.5152985104027233,2
shipped_synthetic,dataset5382,469,1.0,0.27105139269478895,1
shipped_synthetic,dataset10023,6,1.000041363594215,0.741701991844598,1
shipped_synthetic,dataset10749,11,1.0,0.4532934215578537,1
shipped_synthetic,dataset12938,619,1.100091573798371,0.5417363724887587,1
shipped_synthetic,dataset629,23,1.0,0.41708489135128995,1
shipped_synthetic,dataset11734,52,1.2619524625768488,0.6835784238279916,2
shipped_synthetic,dataset1519,161,1.0,0.3245615672172846,1
shipped_synthetic,dataset7925,9,1.0,0.5278937596003889,1
shipped_synthetic,dataset8138,79,1.0,0.3528456671781403,1
shipped_synthetic,dataset12350,611,1.1631163258736608,1.1673474718187773,2
shipped_synthetic,dataset8578,32,1.0014130998527075,0.5384462291383444,1
shipped_synthetic,dataset12640,50,1.5794418970207205,0.9057578074291143,2
shipped_synthetic,dataset6690,8,1.086407076231612,0.8180788517450511,2
shipped_synthetic,dataset188,55,1.1241349143803414,0.6447891828317016,2
shipped_synthetic,dataset10304,34,1.0240750719521419,0.5706005042580624,1
shipped_synthetic,dataset13647,56,1.1230953828153518,0.6648847098267359,3
shipped_synthetic,dataset5173,210,1.0,0.2645563795450796,1
shipped_synthetic,dataset3385,98,1.0089935698610322,0.4978071665486402,1
shipped_synthetic,dataset7295,699,1.4353555508719542,0.7702523239015882,2
shipped_synthetic,dataset8065,86,1.3729534426024526,0.6886267646533479,2
shipped_synthetic,dataset3891,110,1.30262774580585,0.669305528400123,2
shipped_synthetic,dataset2158,261,1.447447439333515,0.6640912169656824,2
shipped_synthetic,dataset13423,182,1.0,0.3085274124745751,1
shipped_synthetic,dataset7684,252,1.1993890395656173,0.5705429915317879,4
shipped_synthetic,dataset4059,17,1.2507343823326609,0.8153290723213313,2
shipped_synthetic,dataset8346,30,1.0,0.4203257285572895,1
shipped_synthetic,dataset10254,41,1.0,0.32930073697371176,1
shipped_synthetic,dataset4561,11,1.0343938688036585,0.7447133135168031,1
shipped_synthetic,dataset11560,22,1.1407574715391893,0.73104759552571,2
shipped_synthetic,dataset13178,13,1.0390261059763746,0.6963227448258718,1
shipped_synthetic,dataset10238,25,1.0352175893618123,0.6321139896236312,1
shipped_synthetic,dataset9568,730,1.0,0.21717483024554354,1
shipped_synthetic,dataset9261,479,1.0,0.2790858784369624,1
shipped_synthetic,dataset6085,274,1.3638105496690776,0.7046271689138176,2
shipped_synthetic,dataset7835,86,1.3954870398923709,0.7552735560881148,2
shipped_synthetic,dataset360,243,1.0492923134807817,0.5184083261722894,2
shipped_synthetic,dataset10285,29,1.033858015377704,0.6465049157741066,1
shipped_synthetic,dataset5671,9,1.0372107676266054,0.767172194954751,2
shipped_synthetic,dataset4442,13,1.1132212042819574,0.8058643100636699,2
shipped_synthetic,dataset11091,23,1.041166141949728,0.6445880835442824,2
shipped_synthetic,dataset1656,10,1.0,0.5671801775871181,1
shipped_synthetic,dataset13330,38,1.0,0.4751163415493794,1
shipped_synthetic,dataset9600,204,1.0,0.25703223158365995,1
shipped_synthetic,dataset11474,165,1.1440399683682,0.5071941908263283,3
shipped_synthetic,dataset4627,41,1.29083919939332,0.7758949606633543,2
shipped_synthetic,dataset1115,252,1.5223974151088548,0.802039825414754,2
shipped_synthetic,dataset12085,534,1.5735476018444452,0.7390364153064353,2
shipped_synthetic,dataset3249,10,1.0,0.5955616793417944,1
shipped_synthetic,dataset11524,49,1.5775235364108675,0.8629737678080018,2
shipped_synthetic,dataset4346,472,1.0,0.25155070878018587,1
shipped_synthetic,dataset6057,175,1.0,0.304182409091146,1
shipped_synthetic,dataset2496,11,1.1898399339204833,0.8403840989746744,2
shipped_synthetic,dataset12129,541,1.0,0.25429439200187154,1
shipped_synthetic,dataset3628,731,1.1691519473758383,0.49122519791089597,5
shipped_synthetic,dataset12575,155,1.298198834121658,0.7239289362839266,3
shipped_synthetic,dataset11868,566,1.5724748309972092,0.706193560045271,3
shipped_synthetic,dataset3282,128,1.1368720214261019,0.5820887482985638,2
shipped_synthetic,dataset9872,9,1.0153521913096342,0.7273476038373605,1
shipped_synthetic,dataset9637,478,1.0019894578105497,0.3925887830289464,1
shipped_synthetic,dataset5618,64,1.0946256372832064,0.6089030439749723,1
shipped_synthetic,dataset5416,67,1.0497975262641603,0.5455997726502135,1
shipped_synthetic,dataset12741,370,1.272552162044739,0.6481018870589011,2
shipped_synthetic,dataset5144,242,1.0950083809103421,0.5178593543451616,2
shipped_synthetic,dataset5917,118,1.438655460528479,0.9541283626929412,3
shipped_synthetic,dataset13684,6,1.0,0.7071477097338971,1
shipped_synthetic,dataset8196,15,1.0,0.39383495162825644,1
shipped_synthetic,dataset652,734,1.404751161479546,0.779333516477742,2
shipped_synthetic,dataset2772,616,1.2666446051865101,1.6183405047404364,2
shipped_synthetic,dataset11451,6,1.0,0.5338002542547401,1
shipped_synthetic,dataset6776,54,1.2356935421683284,0.6705819176540466,2
shipped_synthetic,dataset9207,148,1.3791967193524957,0.7309792729389374,2
shipped_synthetic,dataset4596,103,1.3929104210398853,0.7499304238605377,2
shipped_synthetic,dataset6950,96,1.6634642981058936,0.8467486953210377,2
shipped_synthetic,dataset8596,28,1.182940391518631,0.7462819028112923,2
shipped_synthetic,dataset1311,39,1.061168308036077,0.6677447502193937,3
shipped_synthetic,dataset1667,7,1.041997935246419,0.7858644245423092,2
shipped_synthetic,dataset10319,182,1.0497023421525897,0.7604335888565869,1
shipped_synthetic,dataset7355,92,1.2515623296716853,0.6157687845575344,2
shipped_synthetic,dataset8766,745,1.0,0.190819727608038,1
shipped_synthetic,dataset1212,18,1.2735960301901705,0.8297632116499779,2
shipped_synthetic,dataset6135,405,1.0,0.2615903663889775,1
shipped_synthetic,dataset6815,61,1.1377878965488752,0.6574577062990175,2
shipped_synthetic,dataset1588,222,1.002445575822391,0.4149099042041752,1
shipped_synthetic,dataset11304,7,1.0179834699891996,0.7600863129996267,1
shipped_synthetic,dataset4185,28,1.017242240027649,0.6594951695124981,1
shipped_synthetic,dataset8812,5,1.0,0.7601835823167434,1
shipped_synthetic,dataset9662,26,1.4020195826193655,0.844922318918893,2
shipped_synthetic,dataset7926,249,1.0039631821805055,0.5288394366269676,1
shipped_synthetic,dataset8031,472,1.2090214830662942,0.499403629771972,2
shipped_synthetic,dataset11912,627,1.1168622938760748,0.45121057542883025,1
shipped_synthetic,dataset6411,11,1.0,0.41271482555659245,1
shipped_synthetic,dataset13338,248,1.0986914099451965,0.5232593170445666,2
shipped_synthetic,dataset1091,69,1.1978760612245134,0.6420042505121792,2
shipped_synthetic,dataset13015,131,1.2893622808636183,0.6895017840997645,2
shipped_synthetic,dataset330,113,1.1685244654912699,0.6219780812333343,2
shipped_synthetic,dataset7467,283,1.0,0.33861931687838065,1
shipped_synthetic,dataset4157,126,1.4466823293778241,0.7441376485379845,3
shipped_synthetic,dataset6329,10,1.0,0.5870884602262834,1
shipped_synthetic,dataset3283,55,1.226654424878886,0.707089768973556,2
shipped_synthetic,dataset6210,176,1.4847095381710207,0.7752566388047331,2
shipped_synthetic,dataset11972,7,1.1132782646048478,0.8483397270834403,2
shipped_synthetic,dataset13642,78,1.34182545694263,0.69242313581717,2
shipped_synthetic,dataset12897,137,1.379693053434156,0.6753216963788302,2
shipped_synthetic,dataset8378,6,1.0,0.4861958800905525,1
shipped_synthetic,dataset13111,265,1.1225702305468783,0.5443076312210303,2
shipped_synthetic,dataset5976,18,1.0,0.3841016622158268,1
shipped_synthetic,dataset10267,59,1.01047763694193,0.5706083867643563,1
shipped_synthetic,dataset10985,278,1.1124084035229742,0.4874223785606335,2
shipped_synthetic,dataset11581,56,1.0530090087619774,0.5706184701458648,3
shipped_synthetic,dataset5864,87,1.0,0.3482030772777482,1
shipped_synthetic,dataset7901,24,1.0005925414260919,0.5714825619843543,1
shipped_synthetic,dataset4009,99,1.2044441146435982,0.6430753086452515,2
shipped_synthetic,dataset7065,448,1.001900052703507,0.36878589925342853,1
shipped_synthetic,dataset9931,56,1.0479748170700267,0.6040966482725975,2
