material,n_before,n_after,n_removed,min_over_mean_before,min_over_mean_after,status
AccessFlooring,62,60,2,0.006347841775617018,0.08306734097712339,ok
AccessFlooringPedestals,11,11,0,0.10297568661205382,0.10297568661205382,ok
AcousticalCeilings,360,353,7,0.0007797976071098956,0.043522071333267534,ok
Aggregates,206,204,2,6.2845355312554195e-09,0.009978544773907005,ok
Aluminium,124,123,1,9.785033706757554e-05,0.002447077741645689,ok
AluminiumBillets,63,63,0,0.0312417028697827,0.0312417028697827,ok
AluminiumExtrusions,17,17,0,0.07011643433835107,0.07011643433835107,ok
AluminiumSheetGoods,36,34,2,0.00010427289651710736,0.1359368228688341,ok
AluminiumSiding,3,3,0,0.34888203546646107,0.34888203546646107,ok
AluminiumSuspensionAssembly,14,14,0,0.010892132327807174,0.010892132327807174,ok
Asphalt,8925,8865,60,0.009323107983291975,0.367836350081287,ok
BackingAndUnderlay,45,45,0,0.012769452556933066,0.012769452556933066,ok
BituminousRoofing,66,66,0,0.2111030350868261,0.2111030350868261,ok
BlanketFacing,33,33,0,0.10093078248781286,0.10093078248781286,ok
BlanketInsulation,349,349,0,0.16467474737871565,0.16467474737871565,ok
BlownInsulation,27,27,0,0.1452502878896097,0.1452502878896097,ok
BoardInsulation,413,412,1,0.0002807486540641898,0.019831643229581704,ok
Brick,252,252,0,0.06304347200310745,0.06304347200310745,ok
CMU,562,558,4,0.013910173585218294,0.4206573271528038,ok
CableTrays,67,67,0,0.012441284262080713,0.012441284262080713,ok
Carpet,1937,1915,22,0.00031521313253848464,0.06309150405683803,ok
CastDecksAndUnderlayment,123,120,3,0.00015768161728492525,0.06440959361960517,ok
CeilingPanel,240,239,1,0.03076878698922976,0.09847103329784757,ok
Cement,522,505,17,0.008278787762342879,0.17754302814219106,ok
CementBoard,29,29,0,0.23058026194006512,0.23058026194006512,ok
CementGrout,3794,3786,8,0.0005708216057717571,0.23775836849538565,ok
CementitiousMaterials,9,9,0,0.10390780581093499,0.10390780581093499,ok
CementitiousSheathingBoard,73,73,0,0.03596729441939114,0.03596729441939114,ok
Chairs,84,84,0,0.05126838432616478,0.05126838432616478,ok
Cladding,122,122,0,0.00021909860076848597,0.00021909860076848597,ok
Coil,79,76,3,0.000238745329819158,0.19387576166919218,ok
ColdFormedSteel,65,63,2,0.13261564367717352,0.3638089601266674,ok
CompositeLumber,9,8,1,0.5591059694910149,0.6602968537974064,ok
CompositionSiding,4,4,0,0.34993750850823996,0.34993750850823996,ok
Concrete,209,208,1,0.18678280571721884,0.36623538306051157,ok
ConcreteAdmixtures,51,51,0,0.043421986162727015,0.043421986162727015,ok
ConcretePaving,400,400,0,0.38228291633265804,0.38228291633265804,ok
Countertops,46,46,0,0.015190599507713856,0.015190599507713856,ok
CurtainWalls,17,17,0,0.4134923754894862,0.4134923754894862,ok
DampproofingAndWaterproofing,62,62,0,0.09640468085664226,0.09640468085664226,ok
DataCabling,117,117,0,0.0004984468047186534,0.0004984468047186534,ok
DeckingBoards,9,9,0,0.6273828272695463,0.6273828272695463,ok
DeckingSteel,46,45,1,0.3603008487600319,0.738633306759091,ok
DemountablePartitionTrack,5,4,1,0.0006078486283823809,0.22052437424408236,ok
DemountablePartitions,50,49,1,0.11817841332123857,0.230804622709302,ok
DoorsAndFrames,25,25,0,0.08933485309512841,0.08933485309512841,ok
Electrical,3,3,0,0.9876550258703461,0.9876550258703461,ok
Elevators,16,16,0,0.0002602147257630309,0.0002602147257630309,ok
FenestrationAccessories,9,9,0,0.010130612560068865,0.010130612560068865,ok
FenestrationFraming,117,116,1,0.0033378367777111245,0.03884434870764895,ok
FiberCementSiding,28,28,0,0.4234078447430491,0.4234078447430491,ok
Finishes,14,14,0,0.42154696132596686,0.42154696132596686,ok
FireAndSmokeProtection,6,6,0,0.26613617241494314,0.26613617241494314,ok
FlashingAndSheetMetal,8,8,0,0.47509578544061304,0.47509578544061304,ok
FlatGlassPanes,44,44,0,0.015386870103978998,0.015386870103978998,ok
Flooring,3,3,0,0.46852300242130757,0.46852300242130757,ok
FlowableFill,2075,2075,0,0.1149390809943654,0.1149390809943654,ok
FoamedInPlace,15,15,0,0.18560648915274966,0.18560648915274966,ok
Furnishings,17,17,0,0.05234753577621833,0.05234753577621833,ok
GlazedDoors,145,145,0,0.02275335315485188,0.02275335315485188,ok
Grouting,222,216,6,1.6215980621742963e-05,0.048747049577202266,ok
Gypsum,591,581,10,0.0001293700882666946,0.0978529343363838,ok
GypsumSheathingBoard,19,18,1,0.16307122091416185,0.5822969024873648,ok
HeavyTimber,4,4,0,0.4677507418397626,0.4677507418397626,ok
Hollow,116,110,6,3.37115953822772e-05,0.3458051845907242,ok
HotRolled,63,63,0,0.058131044283277346,0.058131044283277346,ok
InsulatedRoofPanels,19,19,0,0.3295829358944297,0.3295829358944297,ok
InsulatedWallPanels,72,72,0,0.0591853171757862,0.0591853171757862,ok
InsulatingGlazingUnits,32,32,0,0.08944059092237742,0.08944059092237742,ok
Insulation,677,675,2,3.452679798681839e-05,0.0007137660254718878,ok
JointProtection,4,4,0,0.5519429024583663,0.5519429024583663,ok
Laminate,21,20,1,0.016559540845510996,0.18178780655414403,ok
MBQ,44,44,0,0.5122523658298409,0.5122523658298409,ok
ManufacturingInputs,4,4,0,0.04464630611972445,0.04464630611972445,ok
Masonry,21,21,0,0.19506000056667702,0.19506000056667702,ok
MasonryCement,39,36,3,0.04388214092623464,0.682667727566326,ok
MassTimber,45,45,0,0.08097698740732855,0.08097698740732855,ok
MechanicalInsulation,57,57,0,0.10760258984833551,0.10760258984833551,ok
MembraneRoofing,55,54,1,0.0116064475758383,0.042328737171691805,ok
MetalDoorAndFrames,38,38,0,0.19722762942341693,0.19722762942341693,ok
MetalRailings,4,4,0,0.8674876690321577,0.8674876690321577,ok
MetalStairs,5,4,1,1.4308320309017933e-06,0.0768561425106567,ok
Mirrors,4,4,0,0.5597826086956522,0.5597826086956522,ok
MiscMetalFabrication,28,28,0,0.2754998305883012,0.2754998305883012,ok
Mortar,151,150,1,0.0012430252689304814,0.026779386777324277,ok
NetworkingCableTrays,17,17,0,0.31545390286376596,0.31545390286376596,ok
NetworkingRaceways,26,24,2,0.010362698090188504,0.06428758255594168,ok
NonStructuralWood,33,31,2,0.008665427052727201,0.05725933852121527,ok
OilPatch,279,279,0,0.1432118857051342,0.1432118857051342,ok
OpenWebMembranes,8,8,0,0.735953609509752,0.735953609509752,ok
Openings,13,13,0,0.0039782728152792275,0.0039782728152792275,ok
OtherFlooring,154,152,2,0.0003713933496457112,0.008599095453281845,ok
PaintingAndCoating,19,19,0,0.04170855848099545,0.04170855848099545,ok
PlateSteel,76,75,1,0.026169133678251078,0.2177484417491235,ok
PostTensioningSteel,11,11,0,0.32208829469987915,0.32208829469987915,ok
PowerCabling,209,209,0,0.006635374640023099,0.006635374640023099,ok
PrecastConcrete,159,147,12,8.231720720474337e-06,0.1246525108817415,ok
ProcessedNonInsulatingGlassPanes,114,114,0,0.0008907466558922748,0.0008907466558922748,ok
ReadyMix,77548,77439,109,3.1344109567863556e-17,0.2646581143883214,ok
RebarSteel,196,195,1,0.06413416025433817,0.14418021985388527,ok
ResilientFlooring,444,431,13,0.0030772528196859276,0.10765704832566518,ok
RoofCoverBoards,8,8,0,0.6507797441738217,0.6507797441738217,ok
RoofPanels,89,87,2,0.0013216458648998852,0.05851345366573593,ok
SheathingPanels,48,47,1,0.016233944928832254,0.048805404360972575,ok
Shotcrete,1682,1682,0,0.4988973956410344,0.4988973956410344,ok
Siding,4,4,0,0.33796572241218853,0.33796572241218853,ok
SinglePlyEPDM,14,13,1,0.09785490703195353,0.45097018238692316,ok
SinglePlyKEE,6,6,0,0.7186629526462395,0.7186629526462395,ok
SinglePlyOther,5,5,0,0.10563043686072077,0.10563043686072077,ok
SinglePlyPVC,84,83,1,0.17432666640104594,0.26751457926946176,ok
SinglePlyPolyurethane,25,25,0,0.03374302656823499,0.03374302656823499,ok
SinglePlyTPO,30,30,0,0.39075035553373255,0.39075035553373255,ok
SprayedInsulation,12,12,0,0.00036320481072503143,0.00036320481072503143,ok
Steel,443,433,10,0.0002296901499337213,0.02152809106041887,ok
SteelSuspensionAssembly,87,87,0,0.7907140098728018,0.7907140098728018,ok
StoneCladding,29,29,0,0.06632803694623599,0.06632803694623599,ok
StorageFurniture,11,11,0,0.03411665552890302,0.03411665552890302,ok
StructuralSteel,57,57,0,0.18919492501168986,0.18919492501168986,ok
SupplementaryCementitiousMaterials,8,7,1,0.03604307711915733,0.6709210001182337,ok
Tables,7,7,0,0.4863954047215097,0.4863954047215097,ok
ThermalMoistureProtection,4,4,0,0.5991829323649568,0.5991829323649568,ok
TileGrout,43,42,1,0.0004690603416649674,0.1459165282509891,ok
Timber,17,16,1,4.0012723420489143e-10,0.20252485668492273,ok
TranslucentWallAndRoofAssemblies,4,4,0,0.9532324621733149,0.9532324621733149,ok
UnitSkylights,13,13,0,0.2200746822693448,0.2200746822693448,ok
VinylSiding,8,8,0,0.02672034329447676,0.02672034329447676,ok
WallBase,3,3,0,0.529287627499256,0.529287627499256,ok
WallFinishes,130,130,0,0.006795167734697978,0.006795167734697978,ok
WallPanels,248,247,1,8.772204914668578e-07,0.014135201602932933,ok
WeatherBarriers,21,21,0,0.476484118101636,0.476484118101636,ok
WindTurbines,3,3,0,0.5534407027818449,0.5534407027818449,ok
Windows,293,289,4,0.0018550228404183105,0.032801189977525964,ok
WireMeshSteel,24,24,0,0.15586919980429936,0.15586919980429936,ok
WoodDoors,30,27,3,0.08980994581105543,0.12308945213002682,ok
WoodFlooring,109,108,1,0.08932858224058005,0.09865684154957885,ok
WoodFraming,7,7,0,0.26144844692510394,0.26144844692510394,ok
WoodJoists,4,4,0,0.5909547738693467,0.5909547738693467,ok
WorkSurfaces,10,10,0,0.046964925616244976,0.046964925616244976,ok
