dataset,n,kde_scott_Uniform,h_over_sd_scott_Uniform,mass_below_scott_Uniform,kde_silverman_Uniform,h_over_sd_silverman_Uniform,mass_below_silverman_Uniform,lognormal_Uniform,kde_scott_Variable,h_over_sd_scott_Variable,mass_below_scott_Variable,kde_silverman_Variable,h_over_sd_silverman_Variable,mass_below_silverman_Variable,lognormal_Variable
AccessFlooring,53,0.13197953881570895,0.4791270509923671,0.09691025342343053,0.12737405150605513,0.3984701586428092,0.08128651976950223,0.20572388698126817,0.16219088738370763,0.5510953681070727,0.10485962165584999,0.14003905487214613,0.4679111616003448,0.09151115907628385,0.17208602464320977
AccessFlooringPedestals,13,0.17393584520448285,0.6346250268739874,0.07897781573806027,0.15736481510226158,0.5388325699873479,0.06453198053935479,0.14768443695467354,0.20412313233679763,0.6761661735774762,0.12776540522499194,0.17032040991665967,0.544096676181845,0.10910873304617043,0.14673253117213514
AcousticalCeilings,412,0.4057833744270291,0.31792627530445644,0.19418047005271058,0.14192770024868484,0.08832827097834202,0.045355073808240894,0.3127347675843605,0.3732647546446137,0.36626532743159523,0.21507731658071022,0.05491573579732845,0.08577404180496119,0.042001035308643964,0.31399820162259495
Aggregates,384,2.0571731732988674,0.3224331012033991,0.4200702161972254,1.0771380655783505,0.021272540390820167,0.30249397062318434,0.9630766114056604,2.0352868334629166,0.3656440973144236,0.42274861764524996,0.784576932530652,0.031198092310895088,0.3169803427266326,0.8938254607364218
AluminiumBillets,120,0.1418956335184769,0.40688306661561996,0.08834672899853163,0.11535285925918577,0.301941412792089,0.06492802610698309,0.09710073730632504,0.16947368853765393,0.462253318300854,0.10780901666535342,0.11114034145357779,0.32154183187125274,0.07460437383206853,0.09137818446875293
AluminiumExtrusions,36,0.14747925587374744,0.517660902446422,0.07113628976748004,0.09213262856284368,0.22575235159317014,0.01672586450378398,0.16004871018129277,0.18108476056102923,0.5773288220344819,0.09515860179065856,0.08256386125923207,0.29916935778112175,0.03308298578396667,0.16363871635193958
AluminiumSheetGoods,26,0.27311025660947386,0.5524731746269678,0.12139725091015367,0.23100854005984806,0.45344386600433456,0.09634663465042136,0.1795042584615387,0.20848157134011536,0.6181798272438637,0.12881771221301272,0.15665223133886375,0.4644550382152953,0.09066158945149441,0.1736541581897918
AluminiumSiding,3,0.28748190163559206,0.8509060554658445,0.07708051551129501,0.28129710124100943,0.7224674055842076,0.061442315676985035,0.30401069361285116,0.2721571449037711,0.9018221145093058,0.07354298513255689,0.24691024139044038,0.765698021753184,0.06104133559146908,0.26663091128092475
AluminiumSuspensionAssembly,22,0.34052350189067293,0.5712435758877449,0.22800465169698272,0.2777373000596076,0.3840144209497464,0.20092450159232692,0.3399072976960608,0.5576494127906528,0.6419210716913,0.22591809955454217,0.3861648012346686,0.3786320652598453,0.1836967594439725,0.3247393788989229
Asphalt,7232,0.008580474295952229,0.17924794351454434,2.3170513216041437e-16,0.0063354783975413335,0.11725170705716507,4.162453735289739e-32,0.03293969915098341,0.0061093189629719885,0.20627752572610047,7.981024879587023e-14,0.0031592823835215646,0.13461405380888544,1.7494859210061706e-26,0.031365881664172826
BackingAndUnderlay,45,0.4172176474705269,0.49506629809820224,0.23779906860840844,0.1756797636372625,0.1787742790781226,0.12960217175671593,0.3092875230603637,0.542783575332459,0.5388886812876161,0.24847804604079224,0.2525841087561136,0.23167870767121992,0.1561420716128464,0.30505541479398857
BituminousRoofing,66,0.1256921628289678,0.45856096025362697,0.08205139710144267,0.08944856136092495,0.2789610026910579,0.0338377563419269,0.11537062617210196,0.1766249318219888,0.508174747901091,0.10104042424306113,0.09695015703106676,0.317954322162472,0.04836978513987743,0.10780435114876052
BlanketFacing,28,0.2595628525499616,0.5443450261573565,0.04994122079260519,0.212231385757871,0.2526513637824495,0.0203219200577631,0.19655805139422888,0.0868888799509927,0.6149631228457934,0.047009185029452324,0.06396020266035227,0.4160973768345153,0.02835578317449145,0.07905761631300896
BlanketInsulation [mineral wool],184,0.24422262520989904,0.37354446072882447,0.07142130227969307,0.11948182760790656,0.12004850336035047,0.0026931307998529393,0.16973773137134646,0.13397628956529245,0.4270588185596323,0.0680523955013452,0.034881760319030466,0.15760736857169583,0.003927090515210669,0.11920921541919055
BlanketInsulation [other],3,0.5974690054540226,0.8509060554658446,0.16848568006855638,0.5672645296321478,0.7224674055842075,0.1541288774691637,0.6393940890752158,0.22326389512522873,0.9791588088680993,0.07339663084193561,0.20093997284886933,0.8313612528125369,0.06728573725693258,0.21208750180201394
BlanketInsulation [type not stated],129,0.2914639257766018,0.401040213866079,0.12425665104286905,0.1305474070891448,0.1384400612095347,0.015020707129354799,0.22082057163463364,0.2638465548788085,0.4570901218276091,0.157047726575771,0.052118564445685994,0.14475413748867835,0.020192509690518452,0.21609072782678046
BlownInsulation [cellulose],3,0.7025184375689592,0.8509060554658446,0.2800412236628485,0.34011161483715435,0.3230664493455472,0.19648484841747127,0.6207277136611566,0.792195435161309,0.9244799964394895,0.28498497662088257,0.48822602307786767,0.4089673394699674,0.2367032444741444,0.64030076757404
BlownInsulation [type not stated],16,0.19014358672940415,0.6088101281484285,0.04514000991086865,0.13346789651045293,0.2900033077319816,0.0026928761532743588,0.1537774145378446,0.1898537073372083,0.7520991769781891,0.044213307239567234,0.07250679489243142,0.21594924666692653,0.00014851329963931268,0.1432952211848578
BoardInsulation [EPS],47,0.5131285652563626,0.49077936422137036,0.21677872106878185,0.3177717005346725,0.19736867915082013,0.11247724500741448,0.18648678165081203,0.30947297014622277,0.5667781108788824,0.1844981767718476,0.18265575748882648,0.3514614810688687,0.12603460815661638,0.16791863707787927
BoardInsulation [PIR or PUR],50,0.5397447604860646,0.4847433550429659,0.20895169472511183,0.30729426697353723,0.2039513746938318,0.08114024726543793,0.19938500633648326,0.2853456092299797,0.569774223945271,0.16989446873457412,0.17471203103157984,0.3672154532954184,0.10238002480473599,0.19591136754902888
BoardInsulation [XPS],19,0.41351264071015414,0.5882408019980554,0.214446343338953,0.24224900606049393,0.1618376344999719,0.0593011797543633,0.38889824180541677,0.6681327325023453,0.6437995282785833,0.24932195457980394,0.195367066810757,0.20636162883024292,0.09912292998685963,0.3908363836904335
BoardInsulation [mineral wool],77,0.09603481377764664,0.44463917152137117,0.02037051934320453,0.10670150478084604,0.22185816919823703,0.002100508470533047,0.1014638664029113,0.09628151140645312,0.49876258682784874,0.02145998051585489,0.06280291162765497,0.3463381051042333,0.006507454421967418,0.054757826052724334
BoardInsulation [other],7,0.39211558044684197,0.7182675682045098,0.1128624138810369,0.3306500089189812,0.537784291536128,0.07719210975961167,0.3011984837515304,0.27630047901936905,0.7743945494265466,0.1538972599158245,0.13817531739131375,0.3625263869001259,0.04988193218167593,0.2203032240731948
BoardInsulation [type not stated],131,0.22151962518205406,0.39980811618213374,0.08425321603303877,0.18969696475716702,0.3210983995892434,0.06281616034492277,0.11626074548845867,0.12171216586157524,0.4634881975836769,0.0872772235216078,0.07977923407374726,0.34268309712469097,0.05581736298989033,0.08587497005443874
Brick,215,0.3049341588356663,0.36209136934398095,0.13447812187460267,0.10588202090508635,0.07869368039296233,0.012401547333319607,0.25684365136446935,0.23816211738202953,0.4199285051782034,0.15005691367564183,0.030569586148484068,0.0964920967472113,0.014104245015247804,0.21622022621272335
CMU [3000-3999 psi],137,0.043293019007027145,0.39624313572124625,7.137642246491357e-07,0.04331180505959858,0.28521905706753614,3.7940968365065866e-10,0.05461616686306563,0.037852706901032915,0.4550352805673648,4.573697784926525e-05,0.03175851063359768,0.3863507099156871,6.585634132598616e-06,0.046238684216892284
CMU [4000-4999 psi],18,0.18320170441010364,0.5946362270864858,2.709435296994733e-05,0.18266744918674307,0.4495826393880295,3.312119193230553e-07,0.1937587760809739,0.07970759094368303,0.6842182429791221,0.001808342428689103,0.06945222718704025,0.580940017623783,0.0005952348699234121,0.0861956375987431
CMU [5000-5999 psi],8,0.06017572089167608,0.699339192709634,1.2783111080576046e-25,0.043721636748400995,0.33059425966896855,2.1159036224401153e-104,0.04653655240745246,0.037274477023831895,0.8014039421070097,4.649105777706113e-32,0.016530087777097635,0.2794993058961498,7.650675979646079e-242,0.03036483750533457
CMU [<3000 psi],274,0.04851349675833913,0.3449496850043535,2.2526143153737895e-05,0.03938381638888737,0.2572873260557377,7.784675843867337e-07,0.04116516601734409,0.03127203433905391,0.39960085330635936,2.772460097607928e-05,0.02059666431109758,0.30382775599118234,1.6279461509863297e-06,0.03221851295698297
CMU [>=6000 psi],8,0.1167938068341898,0.699339192709634,1.8431012245741236e-05,0.10878076388574842,0.5937785598478024,1.116109426540377e-06,0.08908041772602046,0.07792868571710398,0.8325032861696148,2.2957138332196793e-06,0.06673733280026624,0.6601865064490102,1.4377646303284259e-08,0.06482343969746326
CMU [strength not stated],39,0.08158890131868768,0.5094398852049531,4.576518907150783e-08,0.07390302168492037,0.38387077194927005,9.068614250099406e-12,0.06835947207071258,0.044875842157041664,0.5817573679761874,1.5352679861468763e-08,0.03806254417138709,0.49394493507412124,1.6287997191690042e-10,0.03852836558066905
CableTrays,59,0.4218473544903005,0.46895963485024705,0.20580269750219482,0.25915318862787917,0.2184788624057209,0.14095394452819213,0.2037849108871594,0.39401362920740757,0.5405489134378288,0.21473457156828893,0.24017340637219736,0.2841286632978101,0.15963288185861185,0.19404902575100635
Carpet,1989,0.015612242129451242,0.23204857652801542,0.00030385166910170243,0.013469069488711276,0.19702237629737157,0.0001795670001443882,0.043780109299197914,0.017672542159392377,0.2664452775154208,0.0005341212551537843,0.014036199997452165,0.22622712241875348,0.000335448194368548,0.04348458337406332
CastDecksAndUnderlayment,255,0.025925303477750197,0.3499434178309631,1.9812637778900817e-08,0.022538459906183965,0.2971217698564781,1.6658548860902902e-10,0.029030718279149145,0.0250120887060904,0.3978929584707984,1.6096334098884844e-07,0.020488791911603584,0.33783364398464016,2.777980823707495e-09,0.0259860054391326
Cement,1084,0.018899173910060955,0.2619992263007579,0.0008562154778709165,0.016353583897135395,0.19170247068144936,0.00020962854829787445,0.041116482933051444,0.01980702482975925,0.3032009409487313,0.0019350346653477506,0.012183242446935241,0.21334306062789507,0.0004457103515567731,0.046389684547561254
CementBoard,21,0.118008980587572,0.5765832294622115,0.022272825413927905,0.07902549983229668,0.3326994490856364,0.005222523791875365,0.08802569492734642,0.10075157378836191,0.6282151602431433,0.02083940872189318,0.06744024898635302,0.39159614379806545,0.0060859428123800985,0.08792673443779837
CementGrout,3764,0.011431736449883342,0.20425652655046692,1.3620563942019558e-06,0.007666460820901324,0.1350514977213867,1.3050959110980289e-09,0.03468468189346886,0.013694761583096973,0.2352987875433361,9.124664214994368e-06,0.0068686111492096726,0.15426183358369427,4.622196357837158e-08,0.03567638319215124
CementitiousSheathingBoard,51,0.18276747194271964,0.4828273134144954,0.1380164697788974,0.15805918047673612,0.4099477189368356,0.12476351017289945,0.16873909873383738,0.18692407537909345,0.5684519745112897,0.11698868076686868,0.13834279577153852,0.42390473331206086,0.09062138298316548,0.11831322213932227
Chairs,86,1.332875044856526,0.4349167910528503,0.34570505828219117,0.8475628415509217,0.13523067821229515,0.2913271270470141,0.5923958774020528,0.861559449388288,0.49144587171107396,0.35562939294052065,0.5455642074598317,0.20987592606235492,0.32443608386734507,0.45912929572445255
Coil,140,0.10326851160507702,0.3945302049829553,0.022318944178558498,0.11398197990795073,0.2721655330293486,0.009697129467937616,0.12179419673420341,0.0988943115843503,0.45327773535975213,0.05317564506464155,0.07645372197028777,0.34462168393854825,0.03562550059810466,0.09778313137220958
CompositeLumber,16,0.15250917875356332,0.6088101281484285,0.0015508718876683883,0.12840462034242392,0.2958814197025731,5.825486395446034e-07,0.11715552750600121,0.08167519798796011,0.7361967813539649,0.0001272192330087975,0.06181624873147647,0.5433146563037479,5.4268603904319e-06,0.060417295944305005
CompositionSiding,3,0.33786048680555086,0.8509060554658445,0.13286231215758218,0.3047263883142536,0.7224674055842077,0.12517774371670162,0.3448294206419265,0.3573042806323476,0.9166628470825744,0.12014221026168315,0.3248896993693345,0.7782986437493554,0.11275690153470945,0.3442702888129965
ConcreteAdmixtures,118,1.3710880091614914,0.40825307428202723,0.3397698960991134,0.4303237965188933,0.05349214091646068,0.08640167726365351,0.34142211809991435,0.4448171954293003,0.4796303600802418,0.2585704036556373,0.07623190326256561,0.1059893299988031,0.06250842433443618,0.18018941305158687
ConcretePaving [3000-3999 psi],108,0.021440534411840007,0.4155479212920512,1.6299802102728764e-12,0.019366148991462773,0.352823706757402,6.304328406137225e-16,0.03316634188493844,0.02525841726459214,0.46910469190364196,4.885759006775929e-10,0.021546739843533533,0.39829643652196006,1.4378715260008965e-12,0.03192361493182582
ConcretePaving [4000-4999 psi],160,0.02352756451655235,0.3841332217491785,5.129839383293468e-09,0.018453432952556893,0.2863157162397719,3.968256819963008e-13,0.0259369108901331,0.023845619126525202,0.44120854255517206,3.4354730319810755e-08,0.017299745559106385,0.33049725100159794,2.3608929643943723e-11,0.02454787902311676
ConcretePaving [5000-5999 psi],42,0.09709946130910892,0.5019448551954263,5.7188800053628785e-08,0.0929386397926536,0.4261795940338525,4.654271798885221e-10,0.08686628374878885,0.04480399718747517,0.5983291524817443,3.7600056322593917e-07,0.0380991740579002,0.49874336830624544,3.1493677571542148e-09,0.051745592381141826
ConcretePaving [<3000 psi],32,0.055372946255744133,0.53,1.3543966364209241e-08,0.05398308085058456,0.45,6.602150665422158e-11,0.06372858256602375,0.04969645943058117,0.6317462388479285,5.124242953169938e-06,0.04321498528053278,0.5363883160029581,2.076046268303891e-07,0.04583886555291042
ConcretePaving [strength not stated],38,0.2449324430605841,0.5120933615331712,0.011754500920949611,0.17931791694185653,0.24043561601760932,4.0540178370149354e-05,0.13711606417783767,0.06279262666724007,0.6006211121611501,0.000205745166552585,0.054285702105192464,0.5099613216462595,2.95313777832216e-05,0.055643486261701736
Countertops,76,0.46824515499122954,0.44580316434290795,0.17548816788789423,0.4038510420974185,0.3289795058532045,0.15110177161769817,0.29094703878742717,0.37867493253923445,0.5134756280397464,0.22998292377960367,0.24915404795994578,0.31211905639515963,0.18284470531889319,0.17746406637468237
CurtainWalls,54,0.12624126215443243,0.47733921361061676,0.04509366814068449,0.11303080605384319,0.30417732040047146,0.013065641370267458,0.12280737189458799,0.13456134398148753,0.5487164505842806,0.04709211408975885,0.11291384829446398,0.4606866297486992,0.03054496347847203,0.11155208705786375
DampproofingAndWaterproofing,162,0.8010718873641539,0.38318002582318683,0.31105801284304163,0.1434335287113982,0.04615321480081392,0.039390664175581305,0.5887883204810218,0.7791724793142314,0.4317262368140608,0.31046188882755255,0.06545856645476436,0.053890341172925474,0.04258317584532313,0.5757460453968697
DataCabling,951,0.6526072934147202,0.268948893509106,0.2869911704582734,0.382326291461463,0.08159629366452271,0.19309260981411328,0.5273374400992735,0.6229467913638486,0.306962163999391,0.30789918944340283,0.2847844139064604,0.07000814835903697,0.1903539460012015,0.5198032238083613
DeckingBoards,7,0.24060498596597138,0.7182675682045098,0.033484012658599134,0.24348189062363534,0.42829217076035164,0.004825281851176215,0.29104461018554373,0.1819613869179339,0.7716479612749071,0.01800194671718601,0.11421760179145146,0.4157683160581899,0.0013969079239745867,0.14616702153163924
DeckingSteel,62,0.05498032633931599,0.46433083754159427,3.71925818817214e-05,0.0479940251873797,0.3485131705681234,8.761918922611946e-07,0.04716150579924855,0.037833471927997187,0.5298050108247404,3.142231028530912e-05,0.020553708688473095,0.3137744425627834,6.213676206553858e-09,0.039583451479572776
DemountablePartitionTrack,4,0.31652826617589486,0.8033297802505109,0.1315961785717629,0.287288487169398,0.6820724549296792,0.11390706905890742,0.3705614831269311,0.28296348982980013,0.8490462316493359,0.138981275280755,0.25446578414234033,0.7208883098909455,0.12425919202155145,0.382411423631514
DemountablePartitions,45,0.10428252949609902,0.49506629809820224,0.0416522106096613,0.09521977406248446,0.42033930970602074,0.034604974980397746,0.10745786362933529,0.10048647944462683,0.5632357591961573,0.05893885119482656,0.08887672030661672,0.478219040826926,0.051049190795168745,0.10051595616197401
DoorsAndFrames,61,0.3427456975396489,0.4658433478841965,0.14050067636217378,0.19345690827096035,0.20324751028862748,0.04551904636507881,0.13066514760896492,0.15887257881362343,0.540575007193758,0.10884888013152016,0.0947868030406874,0.3651008725885871,0.06344538261788114,0.0908415039563227
Electrical,3,0.01218386234700448,0.8509060554658447,0.0,0.011515205568128755,0.6994505913864093,0.0,0.01010799363433923,0.003878637513017395,0.96079090551891,0.0,0.003430083554543807,0.8157658631764331,0.0,0.0020452247414553468
Elevators,20,1.1187520945839255,0.5822370879522424,0.34028099359128927,0.7519538079076475,0.1919479733925763,0.30666289191160523,0.5767649320092227,0.9516889148506655,0.6483119239256515,0.36222612210084876,0.6096810685080176,0.23933401426681766,0.34085404860513074,0.5287418907149984
FenestrationAccessories,17,0.6305351296495791,0.6014729228118749,0.2464528665904984,0.42450477062142444,0.3317746901342598,0.19161893685418416,0.4030928101472567,0.6188532450670831,0.7274568456245172,0.27540233888768784,0.29890757990415967,0.34266424565853676,0.18251979172538305,0.35763516738177414
FenestrationFraming,259,0.1316441382711224,0.34885577155504094,0.10020498361424603,0.08615999050911302,0.17857126051465627,0.049211866146589275,0.111314903893637,0.21600049088384798,0.39616502651309243,0.13273042164772034,0.10189710818252656,0.20647317821131844,0.07187708518069176,0.09822912572090017
FiberCementSiding,29,0.15316166598234754,0.5405380439068004,0.003932893777989337,0.11927969848878102,0.32948205205622944,6.193602750698826e-05,0.09675026292982283,0.08755751238176694,0.6644765869164911,0.00216705042350573,0.07543652984507819,0.5641782341743793,0.000591932911270136,0.07228009391647686
FireAndSmokeProtection,22,0.25981386935437045,0.5712435758877449,0.11140632188244698,0.21439854522050328,0.2901167962675933,0.0507376847312219,0.24972865314855427,0.3603051201140942,0.6499147649324306,0.17804096814377607,0.17675917358643,0.3404610551118403,0.09812408590383274,0.23844262692104126
FlashingAndSheetMetal,12,0.5733066533221627,0.6448662024067982,0.24647706353432078,0.19063045925044336,0.13232042434092678,0.01948885949836658,0.4136129644443014,0.660109419205344,0.6907891119456728,0.2696785425566597,0.10826738557844175,0.1480015729959105,0.04141820185946276,0.4151763266802893
FlatGlassPanes,47,0.4335790808506703,0.4907793642213704,0.16327624369146115,0.2796813892801031,0.2456647606648415,0.08579014138091767,0.17635835484881107,0.1894164891156891,0.5719948864239482,0.13638211708260442,0.14477342426095985,0.4519770827376734,0.10846423065927083,0.12940120037988692
FlowableFill,2008,0.056760804711159525,0.23160776920903933,0.008740209576027934,0.03691938445856589,0.13006251685971265,0.0005585752928732783,0.12325044140752325,0.06118083554809368,0.2669643286887713,0.018940708414206673,0.021804940387860128,0.13752421409088234,0.0010908249622665804,0.1181106148798783
FoamedInPlace [PIR or PUR],8,0.5809149818137502,0.6993391927096341,0.1704355585097956,0.7126836171214894,0.2870896379651221,0.045176853915121724,0.8349100857559916,0.6888483953701938,0.7984864872575294,0.18337183319372838,0.47354914984333185,0.5157331240446155,0.13163481932589582,0.6967626147329891
FoamedInPlace [type not stated],5,0.06990335025584646,0.7682664434983573,2.8458150382912494e-14,0.06302718278062479,0.6523016973099259,8.003483602663641e-19,0.0504964250446171,0.051817064348171946,0.8360358232195536,1.0754246240138551e-16,0.019798328791212846,0.25632640219618286,5.4508450687018696e-151,0.042332608123960315
Furnishings,7,0.12401486886962518,0.7182675682045099,0.0006099275889238226,0.1113282040033945,0.6098498220604329,0.00010609980737514886,0.1274038515006694,0.1298159387574236,0.8264909046916201,0.0018096806662108859,0.11561675285276513,0.7017375605872246,0.00044833748451458914,0.12367535220004687
GlazedDoors,141,0.2786131820503252,0.393968993314756,0.13970280457089151,0.13498733892434184,0.1735268685121739,0.058049059782392456,0.14528279972993843,0.2130458724335875,0.4618100757988012,0.14077294530614387,0.07994470141923268,0.22264377884574438,0.0634392941170227,0.10767094683273762
Grouting,219,1.2279484644093217,0.360758890248139,0.3750631525890038,0.13959372811684606,0.025397855279687565,0.06620832644383147,0.8737723244635797,1.6186700793573707,0.4085863249969032,0.390555726234147,0.18337387500368635,0.027793759044555298,0.0876866432439081,0.9316682414789437
Gypsum,771,0.031766297834396176,0.2804755379410252,0.007005561875811695,0.023107250924959605,0.15948150379289466,0.0012506075612986134,0.03835691720416959,0.042483375849534,0.3192314438291201,0.009303840675936658,0.020364577861334884,0.18969610340354892,0.0018432619433372938,0.04036955990711219
GypsumSheathingBoard,19,0.14154804579924035,0.5882408019980554,0.0006011147767337303,0.13862728028525845,0.4994497375455187,0.0001555453262037823,0.15366405382173745,0.07554228023362257,0.6758296564245355,0.0024477509345293964,0.06505871611247036,0.5738176328132849,0.0009791573156964013,0.07068272011491204
HeavyTimber,5,0.5197976002511773,0.7682664434983574,0.21937245795408103,0.4687750409265702,0.652301697309926,0.20527746215134024,0.4917437421507509,0.5114549341073915,0.8155884572144186,0.2290434635975972,0.45724300014477237,0.692480765559412,0.21391690876016128,0.4778745033745449
Hollow,145,0.052045428382630786,0.3917709816677704,0.0004962303654948668,0.050239246415719065,0.33263573915188055,0.0001576111331725533,0.061506726145681465,0.052021319132712726,0.4601603832399267,0.002320105492859696,0.04239929452702773,0.3818887948462409,0.0009214677928281722,0.06571364627998162
HotRolled,81,0.18569027635478597,0.44015826533081615,0.11541358916992135,0.08679804901368707,0.1214784898163852,0.009570338719650821,0.1753063497338901,0.19396235915088544,0.4960848937071731,0.10939893790437447,0.057962604300675576,0.20184505226643212,0.021276447336424687,0.18042589793092878
InsulatedRoofPanels,271,0.03548802700540128,0.345710051720228,1.7898607438787344e-05,0.03180019974772018,0.27195548479467174,1.0828646502716506e-06,0.03220530403184958,0.022998961606566302,0.3999780007058355,4.2441279371745575e-05,0.016797296025381832,0.31777855238307845,4.3732492009674705e-06,0.02573356602782632
InsulatedWallPanels,420,0.03259144092452313,0.3167057929096014,5.1667653514813694e-05,0.02758503199957514,0.24767532413681626,1.0376259651761589e-05,0.02387395440319208,0.018770249243559144,0.3658146040220277,7.49367053384895e-06,0.015062843785454706,0.3105973053017217,2.710287424130809e-06,0.014143247168316138
InsulatingGlazingUnits,32,0.3165184675901519,0.53,0.12613235425939545,0.12603617771254633,0.18341438605518848,0.0049463742146633755,0.22730818238406747,0.2688966341496576,0.5815106886904694,0.12130573329214661,0.08189384161280822,0.17923385039724016,0.002237638728243625,0.23859866762121404
JointProtection,5,0.16221837339609935,0.7682664434983574,0.0384514531706882,0.15377929681282265,0.652301697309926,0.026979230356251976,0.1932565142188136,0.17115795632579464,0.7989250795714138,0.050087787487707994,0.15194755768723567,0.6783326147304457,0.03702632211003942,0.18505355555732875
Laminate,26,0.11210514471286527,0.5524731746269678,0.09469412108976674,0.09615818031060276,0.4466537955279116,0.07237221151131895,0.19554750943189658,0.15941895711994578,0.5966752972726793,0.09414189701859667,0.13177739730044347,0.5066111014579353,0.07651195949157709,0.1867454436277563
MBQ,40,0.2707612399366178,0.5068668248887195,0.023126362492855112,0.18627024145318655,0.21224171520220758,8.595396762030842e-05,0.21310077231762983,0.171162502077699,0.5692864588340274,0.036873796286185014,0.03364085296721639,0.14038667736294136,3.771627073370415e-08,0.14410347774108792
MasonryCement,26,0.13367411540625504,0.5524731746269679,0.003365709028996248,0.1109799528069977,0.36839018088531006,0.0007247301790374996,0.11957558643410482,0.05663860313480173,0.6043166735151435,9.387621193678565e-05,0.023287252504285177,0.2434104846273553,1.1213761987905622e-08,0.06389656552322329
MassTimber,66,0.33960503050735047,0.45856096025362697,0.1312638644365103,0.17387927225290162,0.17234811536171735,0.020021557864715066,0.22534633567791545,0.19313239053990694,0.5114055446487183,0.11801530057186525,0.05044381014536069,0.198226516636694,0.01530134038842708,0.2058105708765144
MechanicalInsulation,22,0.3601302514379101,0.5712435758877449,0.13298042227967113,0.4641745719845777,0.3013256690833182,0.06679528001823394,0.5775798131984072,0.30793780183791475,0.6698000517934356,0.12180589917070254,0.19023765878843107,0.3742860137116598,0.07033153029227335,0.2266939034529027
MetalDoorAndFrames,42,0.13361064641011222,0.5019448551954263,0.04037698479577122,0.11243890002901495,0.27645674535857523,0.009148918622233153,0.11583582321675692,0.14545825113131594,0.5806047085140443,0.039670810817246625,0.1255143654652407,0.49296626194588666,0.026155574975831774,0.11245036657768404
MetalRailings,13,0.20980133157416542,0.6346250268739874,0.04051371982437993,0.1166150985328365,0.2613316500660992,0.006868252499731884,0.1740465573592646,0.17042317397740708,0.7034582509655681,0.029372782842637356,0.0697583337138818,0.2995604957252536,0.0032059355573096334,0.14687916102245857
MetalStairs,5,0.13916066004777533,0.7682664434983574,8.981565629566349e-06,0.11041485639444856,0.49004022084053767,8.176236286090896e-11,0.11691187525034993,0.10901018074652727,0.8225988309365739,1.818047004196271e-07,0.03474538533009758,0.27562654102156986,3.907328986920036e-38,0.08795776493967382
Mirrors,19,0.14659962378133182,0.5882408019980554,0.01803738631094189,0.13856065909941967,0.49944973754551875,0.013347546257503702,0.12384022988804644,0.09839574785023122,0.6943479426458996,0.031173811598463483,0.05450064019718139,0.30899048600415413,0.006265783715389408,0.08845743782659278
MiscMetalFabrication,69,0.14666408768771394,0.4545022600382875,0.028899969986175826,0.1264489514266609,0.31474566422093436,0.010223011823294067,0.16570942975413033,0.1184146413424235,0.5107854227203564,0.035530915101754275,0.08279291411922507,0.33402408694999647,0.012728471204473226,0.15514913045371798
Mortar,248,0.2274919886084814,0.3518969714017212,0.15613949196049542,0.12364475656761267,0.11204051401813671,0.03680667593455407,0.335330810253567,0.38295461480992815,0.411121605292224,0.19163345869056989,0.07722032133719388,0.11655098114206708,0.050899757033094815,0.3681962388429534
NetworkingCableTrays,22,0.15705709020076958,0.5712435758877449,0.032163117029414615,0.15090177047304915,0.48501813047072667,0.021937357718677712,0.1343344686536336,0.13991061965767362,0.6627301169749871,0.048144410272973996,0.0810960239795532,0.32470465712437846,0.007632921302444862,0.13968149745136543
NetworkingRaceways,32,0.4534591943483687,0.53,0.2349444448515165,0.25127678173242046,0.25522311588962526,0.16259983053884647,0.303532459145473,0.531138444402274,0.59170576170964,0.24896210707979327,0.3573979747193679,0.3564776024799031,0.201567591844435,0.31263008967157246
NonStructuralWood,57,0.21461332255812648,0.47220534008700976,0.06101469109709194,0.18267413818874997,0.35265269389097453,0.03881253999369836,0.13862407436153137,0.06608706189881056,0.5517665311383938,0.033963795500038314,0.057323851207363545,0.4663065486820101,0.02441448980195061,0.0638123239152574
OilPatch,282,0.12506207114082535,0.34296992905136786,0.08054068988134855,0.12047033736630137,0.12360044286685362,0.011629223760196957,0.21454219956665999,0.21486000791924376,0.3876664595073918,0.11152572210179691,0.04631349375353633,0.11894070465054637,0.011965150949719373,0.22478246879111613
OpenWebMembranes,17,0.19719426475603802,0.6014729228118749,0.00010154517911830655,0.17010418176520392,0.41131217859861885,9.439929721416299e-08,0.13515532263878344,0.0553460035577288,0.6655467060689008,3.828822422326946e-09,0.048098510574859143,0.5650868259075572,7.270688426662646e-12,0.056913906052309525
Openings,12,0.2910891741402319,0.6448662024067982,0.14572534693109693,0.27074905022611184,0.5475279077038853,0.14048376913710697,0.23060476752616144,0.28916590780398116,0.7005978451462433,0.16705167959589742,0.2638116164380204,0.5948472270109614,0.1606089396282902,0.22365136304385724
OtherFlooring,217,0.2996335618166658,0.3614214454761594,0.13519053283834923,0.2394548509284524,0.24778826754340463,0.10381136087680949,0.14789721136451695,0.15732072726643187,0.4140249848263035,0.11851336501377703,0.13448567365444275,0.3515306474940313,0.10522443496061923,0.11021329918591526
PaintingAndCoating,19,0.5920940652324238,0.5882408019980554,0.24214570474330752,0.40144901510233977,0.3076422880829945,0.17420018241778154,0.2532451715449641,0.28190782782990254,0.6807727837192279,0.16972835898150782,0.0985422626483351,0.22562486926817157,0.06082358995908123,0.1570934386527884
PlateSteel,72,0.22431290531764062,0.4506499902211129,0.04712431764277685,0.17337035484828267,0.22553886831513087,0.008846821226664645,0.1922713566412032,0.06581684477911824,0.5118777476599308,0.01282673910968684,0.054228748913235994,0.42020253153364157,0.006957524915827917,0.090032591550305
PostTensioningSteel,35,0.030116898733357433,0.5205857265138608,1.0336524089985219e-40,0.02687532904477473,0.43832671643435434,5.868345400581259e-56,0.019815346580506262,0.020758887164977195,0.5656220495803227,5.827619789120208e-40,0.017739987003957305,0.48024513643612315,6.645460546503753e-54,0.01400818481728265
PowerCabling,400,4.142982621511965,0.3198113458368937,0.4805053403498271,1.2786186436676514,0.0025423656625447573,0.1973669888159194,1.6411434275489845,4.3570873215527,0.36531914206015914,0.4811482552369595,1.2926989380847622,0.002608127794423442,0.204978274636324,1.5815804166734793
PrecastConcrete,499,0.04102985459252931,0.30597486802915774,7.66917676820812e-05,0.029719260219248075,0.1556018391734482,1.0835788240687369e-08,0.07341275131329915,0.03418131909984273,0.34997564464051073,0.00013287930423228875,0.01625670772907324,0.19711782696494257,1.9226301387208291e-07,0.07022701871687015
ProcessedNonInsulatingGlassPanes,130,0.2730719236958599,0.40042132169708256,0.21982810957568782,0.15888756076133462,0.19198918380761817,0.14911840336301646,0.28836604997162896,0.4919724343377241,0.45829882577686043,0.22420188782517725,0.30329057871915804,0.24438129502246436,0.1695076637324679,0.23899548315763836
ReadyMix [3000-3999 psi],20814,0.0029722139052135556,0.14508908946719656,3.144065707863515e-24,0.0025675398637011147,0.1180590836976757,2.0607769678478402e-33,0.003891128287518297,0.0035374023689257977,0.16675039996063032,3.201053350846809e-20,0.002744425647463013,0.13525935845383716,2.7812723506306762e-27,0.0039037260542576957
ReadyMix [4000-4999 psi],31025,0.0022114173236966873,0.13395641221954238,4.197281143929298e-26,0.0020707485081959123,0.11373657641281901,8.925575815695043e-34,0.003410800873290537,0.0028590917888278956,0.15366211386832887,3.0640900676978072e-21,0.0023377905366560856,0.13011189627405603,3.976185599257119e-27,0.003462519821082707
ReadyMix [5000-5999 psi],14366,0.003889368089883496,0.15625671607599848,2.6715114688281285e-21,0.0035495442965722177,0.1326707966683006,2.5127892392538048e-27,0.008345759369360122,0.003716062112603385,0.17922282163448902,2.1654177904574114e-17,0.002961112162262018,0.15217032025569824,6.1313361767199055e-22,0.008195547529182877
ReadyMix [<3000 psi],3974,0.01095171727741152,0.20205066898042962,4.042822171070004e-08,0.009427338787905332,0.16158839620087112,2.2336337006030065e-10,0.026474200655432358,0.007933331962871043,0.23353084129621787,5.550493859412971e-07,0.005634847864555317,0.18489638769167485,8.401957621633884e-09,0.022928777294019202
ReadyMix [>=6000 psi],7887,0.00667144484744806,0.17616656938470007,1.3852148947181446e-14,0.006034507346243276,0.14957538910021703,3.821208163128855e-18,0.008987180292485672,0.0048726079358259265,0.202364515881623,1.0912037443603579e-12,0.0039052382833428844,0.17181892857873654,1.5812190595804089e-15,0.009136679650261695
ReadyMix [strength not stated],8777,0.007852362534987365,0.172439456592194,6.072015418617636e-05,0.006128637276738195,0.1336029802124122,1.5070428905945812e-05,0.01476412503290059,0.00989408404760497,0.19794692896811963,8.101369059919932e-05,0.007122449146175676,0.15555919944026808,1.988375327654922e-05,0.01449679666553838
RebarSteel,204,0.12229559324845683,0.3659146788530292,0.063608882910715,0.05842328861639837,0.18654193040575726,0.01374490931477034,0.14353986758119577,0.13777309926510078,0.4181997741952404,0.07616889467197668,0.04556778637263123,0.193106390835417,0.013365919441794296,0.14744738873211405
ResilientFlooring,468,0.10545422050856623,0.3099250604968616,0.04875148037204397,0.0295903256503137,0.08717459791424081,0.002543025226298031,0.22433718098695254,0.13766022690086807,0.3552431425318437,0.06394135177841184,0.022867940537699003,0.10121766694065308,0.0031720455743542734,0.2286475797645283
RoofCoverBoards,20,0.07088826156162083,0.5822370879522424,4.066522886247552e-08,0.060417969891740406,0.4215632986285354,8.627170914770034e-13,0.08174200124607806,0.06212566559303891,0.6553692361802926,9.351343403867581e-07,0.05187494477529539,0.5564455778889277,2.3730745681301863e-08,0.0827735265571856
RoofPanels,61,0.09944266173050463,0.46584334788419646,0.09934583881213664,0.095975282564396,0.3913534472144921,0.08253600690415033,0.2108848407534259,0.1557893837388853,0.5215002677965987,0.1004432105147864,0.12863997576685487,0.4427832462423951,0.08534074762927367,0.18848995394349377
SheathingPanels,71,0.22439441753006795,0.45191233490565186,0.10486630671604814,0.1430504284929129,0.293366853732149,0.051445492836636304,0.20913986857587716,0.2084589400619517,0.5330339232783994,0.11064909169341303,0.10264860043299243,0.2943206888083117,0.03422354818627422,0.21613247758944906
Shotcrete [3000-3999 psi],183,0.018130549793221283,0.37395181661617444,7.97649087296307e-16,0.01717630988365427,0.3167743423751012,9.93683599813754e-21,0.020610549561880995,0.018342400424748682,0.42891933204725957,1.5222313025559463e-12,0.015126897171654118,0.3641767913608807,3.3819729989029765e-16,0.01874731439354337
Shotcrete [4000-4999 psi],651,0.011013515352643052,0.2901280155951722,8.906976250832665e-30,0.010086266679928449,0.2463351075808066,1.4595116937855738e-39,0.010984101696917324,0.009239445137645453,0.32979774786801247,2.0369784875545987e-24,0.007653461075037736,0.2800169557369917,3.3839695422049426e-32,0.009061516450549619
Shotcrete [5000-5999 psi],471,0.01776444370705442,0.30952924175844937,3.481623905290693e-19,0.01577672210436288,0.2628078467760419,7.423752431047272e-25,0.01843051430379153,0.011829094676128549,0.36046866232378405,2.0099947153997073e-16,0.009606417163219506,0.30605829819943925,5.670667438674886e-21,0.01964576803818497
Shotcrete [<3000 psi],4,0.13834879497883107,0.8033297802505109,5.287530734651117e-05,0.1294307936834268,0.6820724549296792,3.98687040816667e-06,0.14461635536814305,0.1081838485764769,0.8588016375036897,2.0708198369197176e-05,0.09627477826946783,0.7291712016540759,1.5634394705731526e-06,0.09221646573179659
Shotcrete [>=6000 psi],264,0.02534401390324391,0.3475242221056692,1.9733391840679906e-19,0.022558810046444472,0.2950677357500965,2.6938673087734743e-25,0.020483832974817,0.01762433403534535,0.3974517009266879,1.197416401052857e-19,0.014571839462767609,0.3374589913528482,3.189508253410415e-25,0.018094701700448454
Shotcrete [strength not stated],96,0.046069267347870216,0.4254530277329222,1.957595768433549e-09,0.038909106854179025,0.26614511915963873,2.142257115332555e-18,0.050761221130993704,0.05071726163831866,0.5026270086210151,7.734604821057356e-07,0.03667968206703212,0.3725984134151003,1.0705963310861744e-09,0.04967587733612646
SinglePlyEPDM,29,0.20922563146237533,0.5405380439068003,7.736071969493648e-05,0.20691117886630978,0.43933855485430495,5.920679852114289e-06,0.21713566402559029,0.15900275486662818,0.636654961422287,0.006041872199548027,0.08990230038325403,0.3192383682505126,3.237855050336462e-05,0.1381698460164195
SinglePlyKEE,11,0.06139424014191206,0.6561865559248762,3.650214880538681e-07,0.056897033939357224,0.5571395286154608,5.068483713977728e-09,0.06359608007490654,0.06935644710580072,0.7320087707802571,7.479208975726996e-06,0.06124543306164329,0.6215168808511616,3.308755605541132e-07,0.06696826455044233
SinglePlyPVC,74,0.11511191580598923,0.44818727448218443,0.006606632753296836,0.06384417130343652,0.2182339911251966,0.0003660472621507592,0.09655907990974942,0.08579250997818041,0.5146127218734082,0.006974160661846268,0.03258321381367214,0.2200907211490828,0.0002336454861779089,0.07652871069541536
SinglePlyPolyurethane,27,0.7402101130109464,0.5483187694500937,0.27779387747790163,0.6193827396696447,0.4003314109013017,0.2546374761944979,0.374815161830878,0.38374696589501534,0.6387856438064777,0.2165603331089338,0.33756575580325043,0.5423651692696511,0.2011061811598537,0.32564641673878564
SinglePlyTPO,62,0.05266381205386683,0.4643308375415942,8.317474014585616e-05,0.047751597506694096,0.3548710914280159,5.209644980302554e-06,0.05669198293535255,0.05209501878246995,0.5317455392931317,0.00038603155013713203,0.037786895352531255,0.36017168959890794,1.5061524072501416e-05,0.052055169025355875
SprayedInsulation,11,0.38065394744114844,0.6561865559248763,0.14226742328874753,0.17981441175653462,0.21965988086796506,0.01852772768427803,0.2677585566763096,0.3514022361863682,0.7796847577504137,0.1818067545516445,0.1332086486347891,0.2823233833409865,0.04119739338720515,0.23647461051314467
SteelSuspensionAssembly,98,0.026481486926150516,0.4237021328007878,8.349690437787388e-35,0.022307699851410016,0.3175810837939128,5.343783070222955e-59,0.01622234106303301,0.017073834963646707,0.4964827986654931,7.561852874535774e-37,0.01395673740741249,0.42154199886692806,1.946843713320476e-49,0.014046826641694793
StoneCladding,19,0.18986459411491746,0.5882408019980553,0.18206926262709242,0.15714175675300457,0.4675145682055579,0.15821610971746689,0.3512355044054678,0.2718895495394331,0.6715982332250813,0.14101738765613023,0.23438447727763123,0.5702249150024274,0.12451678240740316,0.28253701063974385
StorageFurniture,15,0.16559703985540997,0.6167194047018494,0.008605579964348051,0.1220650884184077,0.29317890053334367,0.0001014128569800452,0.11711505303657438,0.09106985113663832,0.7011843811332996,0.004800025551581386,0.06093377788329438,0.3950268025333037,0.00010838046926786221,0.07671664578867474
SupplementaryCementitiousMaterials,28,0.18229869472828594,0.5443450261573565,0.06286956817067228,0.16192723776755033,0.4621797391902083,0.04897176698016421,0.13057233963328282,0.09743874967140002,0.6096158013254508,0.05468151175599312,0.08525566519149724,0.5175983218800997,0.04267604723334623,0.09241961747205141
Tables,161,0.6102304443310116,0.38365484763465574,0.22747532540197346,0.48293598578891345,0.22596102540354499,0.1856085330571725,0.30618155799648944,0.36814253543935355,0.4296093418734171,0.23527676720947965,0.27938874093576216,0.2840267355908728,0.20419677994699892,0.16657596672567218
TileGrout,43,0.3790931230261947,0.49958820244299845,0.19307414333208248,0.08923385197820913,0.115738610274507,0.016327373406643565,0.22851787059260942,0.3645091629601232,0.5658529203096524,0.19453088099232346,0.07784365795006354,0.177160803880832,0.042354005084758985,0.22253626517277927
Timber,17,0.15546894649545,0.6014729228118749,0.09576390255275977,0.13483611867675627,0.5106845571044221,0.07718885666058396,0.1913815735907635,0.17858518114758165,0.6512483280457626,0.10418610014374116,0.13542227841486942,0.5083589379758641,0.07581659991985165,0.18940003501732344
TranslucentWallAndRoofAssemblies,46,0.4107964026693026,0.49289487095707857,0.19279223535220663,0.16279897977737245,0.16671559147122883,0.06195299705579279,0.26051608559944683,0.33984336612536625,0.5517871623621999,0.199575891779745,0.08356644313763496,0.18767154936467198,0.06174594249876195,0.2435661535021833
UnitSkylights,17,0.14327656278411913,0.6014729228118749,0.06540960355534417,0.11611509055030814,0.33337455639889335,0.02732593729833801,0.17437150902085038,0.17369395639479876,0.6514619144046535,0.08723009731019699,0.13704897673360814,0.4721276530134135,0.06134709013924995,0.17881943371594547
VinylSiding,11,1.0931841066346497,0.6561865559248762,0.2804025946254672,0.6559534330383096,0.20261145284782717,0.14348456485316327,0.4931784823591041,0.28450150451402356,0.7172040614750257,0.2362729474891886,0.1122180341068969,0.3026883773122427,0.12573854968281112,0.11969848415916494
WallBase,14,0.17836157915985396,0.6252882360977733,0.0023529491721839897,0.17259993471418777,0.5248878641800666,0.0007975982059458412,0.17290330421561598,0.10294786624976529,0.7174548711733768,0.018420768040755937,0.09222640954862085,0.6091597962792821,0.009414385926018676,0.11706617481650554
WallFinishes,173,0.7089618898198431,0.3781783342922667,0.2920768807390019,0.3444718552330144,0.07945623565015977,0.13480466731639243,0.6147355877298267,0.880838987011583,0.43133237611728603,0.31277089373548744,0.25475951119690154,0.08737757560180692,0.14824659067949514,0.6271805761179865
WallPanels,163,0.08904486202623338,0.3827087082512404,0.08698222598068102,0.09258465912369279,0.19069974528571262,0.03323748405029093,0.14914878492989384,0.19825150415635787,0.44700232026929226,0.11456646680715182,0.07558486367840019,0.22480930267250693,0.04673025914922627,0.11593720833742864
WeatherBarriers,59,0.3924179100027597,0.46895963485024705,0.19167254233455944,0.21173825221705725,0.1279332520217006,0.023829636319378955,0.4386191876296217,0.6164791222918644,0.5189262258353696,0.24382444286954746,0.06111396606437294,0.09119921879017615,0.01503593090865074,0.4751017764463643
WindTurbines,3,0.18391467587328328,0.8509060554658445,0.02149025321995458,0.16735763573437828,0.6549301871819966,0.007157597872777841,0.2641900630602997,0.18362630145746303,0.8559010169392515,0.02063902297603726,0.16914018852799495,0.7267084106087984,0.011172107476968078,0.2612831845767706
Windows,358,0.11791361460043631,0.32698607628613663,0.05555209753594988,0.07513908384716733,0.14866644187442557,0.02487157242652456,0.14154815193538392,0.1002936061616974,0.3717760623665824,0.0703499488357936,0.039542891018885584,0.16433920356524784,0.029567377961484786,0.13371202467511015
WireMeshSteel,53,0.14584668865286768,0.4791270509923671,0.09597337154996607,0.14343454292534674,0.24411844411151107,0.03238029000583109,0.1397505398218033,0.14869618387646247,0.5730909743742524,0.08291010130331186,0.08899284220555613,0.3171507048827353,0.03446856499178944,0.12652984851550692
WoodDoors,32,0.27982432123632883,0.53,0.08538821268029816,0.21050314522547434,0.3078055865368875,0.04272685516410374,0.19195192467548325,0.1407370451635932,0.6009396853727144,0.0908632467186877,0.0629497225750873,0.23899182460285626,0.03816926594190961,0.12195780559778059
WoodFlooring,86,0.10031733369684773,0.4349167910528503,0.07640434142294589,0.08397766131928372,0.275973368464795,0.05204634314116844,0.14763824520688593,0.1259289161421396,0.5018969421625527,0.07950148068376087,0.10156137347517954,0.39428850671318444,0.0618359719216663,0.13371511294238925
WoodFraming,7,0.33174388368346286,0.7182675682045097,0.04381420063911573,0.27256808783961767,0.30887293515906694,0.005629365198831061,0.2660163353615496,0.14184310158473223,0.7948068900738672,0.04769206315534428,0.12791301840912678,0.6748360387419626,0.03500818300209263,0.13674839917254672
WoodJoists,5,0.20213835765054097,0.7682664434983573,0.021768765510988376,0.18118464020565545,0.439715801126481,0.0005118197942646575,0.26587475297082575,0.19304151247594276,0.8138905898676237,0.02010602302386868,0.1712937924425647,0.6062540826813048,0.005218324097492395,0.24133183111481096
WorkSurfaces,12,0.1914959531195725,0.6448662024067982,0.017584788470060363,0.15456592838205885,0.35831203074414697,0.0033988232191927486,0.152766089848965,0.08366029058421448,0.7042070640231232,0.010071753785808142,0.06794291826619572,0.5287332217507937,0.003935227331502363,0.07834503336702708
