dataset,n,n_near_zero,min_over_mean,has_near_zero,w1_2p,w1_offset,w1_2p_drop_near_zero,w1_offset_drop_near_zero,offset_gain,offset_gain_pct,offset_gain_dropped
AccessFlooring,53,0,0.013069216685646227,False,0.44304040370837783,0.16616512546654055,0.44304040370837783,0.16616512546654055,0.2768752782418373,62.4943630252027,0.2768752782418373
AccessFlooringPedestals,13,0,0.09113492538721642,False,0.32616504910775856,0.1434774932481992,0.32616504910775856,0.1434774932481992,0.18268755585955937,56.01077011755572,0.18268755585955937
AcousticalCeilings,412,2,0.006537780951039321,True,0.14790160607126657,0.33247581379599345,0.1488717281883715,0.3346576316446044,-0.18457420772472688,-124.79526938726384,-0.1857859034562329
Aggregates,384,143,1.0324981912934909e-05,True,1.9768848425571777,0.7086008680827119,1.955487489009547,1.049385278467556,1.2682839744744658,64.15568308136204,0.9061022105419911
AluminiumBillets,120,0,0.01964045723026244,False,0.1857088766175783,0.1121195920786732,0.1857088766175783,0.1121195920786732,0.07358928453890509,39.626153514699304,0.07358928453890509
AluminiumExtrusions,36,0,0.07928270794848406,False,0.179270428518848,0.17918158299896336,0.179270428518848,0.17918158299896336,8.88455198846394e-05,0.049559495460958544,8.88455198846394e-05
AluminiumSheetGoods,26,0,0.10598616933678813,False,0.18094244215667218,0.16732543646730963,0.18094244215667218,0.16732543646730963,0.013617005689362555,7.525600697691496,0.013617005689362555
AluminiumSiding,3,0,0.3488820354664611,False,0.44582075414254063,0.3593323336594108,0.44582075414254063,0.3593323336594108,0.08648842048312982,19.399819250109925,0.08648842048312982
AluminiumSuspensionAssembly,22,1,0.0034998747877221293,True,0.5743111534198025,0.3192739215389403,0.5479990796650407,0.32314497594624386,0.25503723188086225,44.4075011188993,0.22485410371879683
Asphalt,7232,0,0.3452215141277225,False,0.0316509437716852,0.03245363443597389,0.0316509437716852,0.03245363443597389,-0.0008026906642886883,-2.5360718153585418,-0.0008026906642886883
BackingAndUnderlay,45,0,0.018092668566356374,False,0.21043601195626593,0.3399366148160891,0.21043601195626593,0.3399366148160891,-0.12950060285982318,-61.53918317304776,-0.12950060285982318
BituminousRoofing,66,0,0.1387672247602661,False,0.10937239984067414,0.12513425616412532,0.10937239984067414,0.12513425616412532,-0.015761856323451187,-14.411182662547342,-0.015761856323451187
BlanketFacing,28,0,0.1334693277231861,False,0.14492280372046334,0.08055180831704616,0.14492280372046334,0.08055180831704616,0.06437099540341719,44.417437249958404,0.06437099540341719
BlanketInsulation [mineral wool],184,0,0.1607744540111552,False,0.11008472382984363,0.16502738966775865,0.11008472382984363,0.16502738966775865,-0.05494266583791502,-49.90943695588418,-0.05494266583791502
BlanketInsulation [other],3,0,0.11308611707018082,False,0.45187113095766357,0.2761428182265836,0.45187113095766357,0.2761428182265836,0.17572831273107997,38.889032888348915,0.17572831273107997
BlanketInsulation [type not stated],129,0,0.113624282445193,False,0.17180543520375255,0.25949671164997407,0.17180543520375255,0.25949671164997407,-0.08769127644622152,-51.04103740502977,-0.08769127644622152
BlownInsulation [cellulose],3,0,0.15427124107759616,False,0.6609750816976045,0.6231854876979647,0.6609750816976045,0.6231854876979647,0.03778959399963988,5.717249416208489,0.03778959399963988
BlownInsulation [type not stated],16,0,0.3751570729620618,False,0.14238136505913918,0.1503388517370263,0.14238136505913918,0.1503388517370263,-0.007957486677887121,-5.588854043211286,-0.007957486677887121
BoardInsulation [EPS],47,0,0.020643206516970127,False,0.1854796098161937,0.2072485088862158,0.1854796098161937,0.2072485088862158,-0.02176889907002208,-11.736545645957843,-0.02176889907002208
BoardInsulation [PIR or PUR],50,0,0.09153665982814195,False,0.1791832253675696,0.22815075836975968,0.1791832253675696,0.22815075836975968,-0.04896753300219009,-27.32819040495558,-0.04896753300219009
BoardInsulation [XPS],19,0,0.06813585653698562,False,0.3330294947522649,0.4240964152830017,0.3330294947522649,0.4240964152830017,-0.09106692053073678,-27.34500155863971,-0.09106692053073678
BoardInsulation [mineral wool],77,0,0.25063855236437527,False,0.059081984513583756,0.0880033792383177,0.059081984513583756,0.0880033792383177,-0.02892139472473395,-48.95129194261328,-0.02892139472473395
BoardInsulation [other],7,0,0.2782284231018819,False,0.21462373246480082,0.22756192708300566,0.21462373246480082,0.22756192708300566,-0.012938194618204835,-6.02831498158143,-0.012938194618204835
BoardInsulation [type not stated],131,0,0.01005576517698827,False,0.0859219796221054,0.10857320029461497,0.0859219796221054,0.10857320029461497,-0.02265122067250956,-26.36254515099884,-0.02265122067250956
Brick,215,0,0.06175612950123387,False,0.1909975585409665,0.24578469091295138,0.1909975585409665,0.24578469091295138,-0.054787132371984876,-28.684729161202206,-0.054787132371984876
CMU [3000-3999 psi],137,0,0.4326005646638752,False,0.043585248804186974,0.046600760977547596,0.043585248804186974,0.046600760977547596,-0.0030155121733606224,-6.918653113369265,-0.0030155121733606224
CMU [4000-4999 psi],18,0,0.5440117941496255,False,0.10575630711392037,0.0938556494290002,0.10575630711392037,0.0938556494290002,0.011900657684920171,11.252905864139922,0.011900657684920171
CMU [5000-5999 psi],8,0,0.820450280187645,False,0.030728472204757266,0.03104367551144257,0.030728472204757266,0.03104367551144257,-0.00031520330668530216,-1.0257695357743937,-0.00031520330668530216
CMU [<3000 psi],274,0,0.3314220274852647,False,0.03576610024495323,0.04775027318965437,0.03576610024495323,0.04775027318965437,-0.011984172944701138,-33.50707195535572,-0.011984172944701138
CMU [>=6000 psi],8,0,0.64,False,0.07390131724741301,0.07006162556066636,0.07390131724741301,0.07006162556066636,0.003839691686746652,5.1957012807928855,0.003839691686746652
CMU [strength not stated],39,0,0.5779785044886449,False,0.03876572426328642,0.04060586950907147,0.03876572426328642,0.04060586950907147,-0.0018401452457850465,-4.746835718294007,-0.0018401452457850465
CableTrays,59,0,0.01099289025350837,False,0.4477117303763373,0.22632749111177755,0.4477117303763373,0.22632749111177755,0.22138423926455977,49.447942558589816,0.22138423926455977
Carpet,1989,0,0.1011898167069837,False,0.044903034579488604,0.047885691670383077,0.044903034579488604,0.047885691670383077,-0.002982657090894472,-6.642439912639957,-0.002982657090894472
CastDecksAndUnderlayment,255,0,0.5201575756339739,False,0.023014239714432668,0.02798078537196166,0.023014239714432668,0.02798078537196166,-0.004966545657528992,-21.580316009372133,-0.004966545657528992
Cement,1084,0,0.1481267770545474,False,0.08248842312265656,0.04893931069770843,0.08248842312265656,0.04893931069770843,0.033549112424948124,40.67129804998468,0.033549112424948124
CementBoard,21,0,0.22569848593426994,False,0.08529047721209657,0.0966206078812284,0.08529047721209657,0.0966206078812284,-0.011330130669131841,-13.284168455238648,-0.011330130669131841
CementGrout,3764,0,0.2343750316455905,False,0.03861097497623342,0.05431052236347919,0.03861097497623342,0.05431052236347919,-0.01569954738724577,-40.66084163093385,-0.01569954738724577
CementitiousSheathingBoard,51,0,0.04085301099425556,False,0.2518838873258652,0.10723768136652258,0.2518838873258652,0.10723768136652258,0.14464620595934263,57.42574782967841,0.14464620595934263
Chairs,86,2,0.0052010359362605375,True,0.49203852411672516,0.4566891945668153,0.49428591552161144,0.45864868808027015,0.03534932954990988,7.18426054410407,0.03563722744134129
Coil,140,0,0.0740106473679391,False,0.18638398160265576,0.09642909793345433,0.18638398160265576,0.09642909793345433,0.08995488366920143,48.26320529034115,0.08995488366920143
CompositeLumber,16,0,0.46606474959747946,False,0.05977073046995957,0.06077201141209987,0.05977073046995957,0.06077201141209987,-0.0010012809421402966,-1.6752027861589123,-0.0010012809421402966
CompositionSiding,3,0,0.14064236565294416,False,0.6535542345315156,0.4780139084511702,0.6535542345315156,0.4780139084511702,0.17554032608034542,26.85933573763426,0.17554032608034542
ConcreteAdmixtures,118,1,0.008480029821294453,True,0.14466231994392292,0.1900845602856277,0.1429605227248789,0.19063734030231383,-0.04542224034170478,-31.398805410636516,-0.047676817577434916
ConcretePaving [3000-3999 psi],108,0,0.5613822395499839,False,0.03583255219319195,0.03245938421206764,0.03583255219319195,0.03245938421206764,0.00337316798112431,9.413697251978604,0.00337316798112431
ConcretePaving [4000-4999 psi],160,0,0.4243447668112102,False,0.024469118581977322,0.02543693302809665,0.024469118581977322,0.02543693302809665,-0.0009678144461193264,-3.9552485018081853,-0.0009678144461193264
ConcretePaving [5000-5999 psi],42,0,0.616712373678078,False,0.04387864558096427,0.04606354392853946,0.04387864558096427,0.04606354392853946,-0.0021848983475751885,-4.97941155349393,-0.0021848983475751885
ConcretePaving [<3000 psi],32,0,0.5974579017580314,False,0.0652946575653302,0.05593149912904354,0.0652946575653302,0.05593149912904354,0.009363158436286663,14.339853803381091,0.009363158436286663
ConcretePaving [strength not stated],38,0,0.45349067680701627,False,0.05120807944865746,0.054552863452088506,0.05120807944865746,0.054552863452088506,-0.0033447840034310436,-6.531750535156489,-0.0033447840034310436
Countertops,76,0,0.016594949983799977,False,0.22668419793988434,0.2069910160080867,0.22668419793988434,0.2069910160080867,0.019693181931797643,8.687496574869408,0.019693181931797643
CurtainWalls,54,0,0.12200828741293855,False,0.10965390843642307,0.12984755347063087,0.10965390843642307,0.12984755347063087,-0.0201936450342078,-18.415800514685714,-0.0201936450342078
DampproofingAndWaterproofing,162,0,0.018342513965041832,False,0.3666430966482076,0.5529853003978626,0.3666430966482076,0.5529853003978626,-0.18634220374965504,-50.82386807583876,-0.18634220374965504
DataCabling,951,35,0.0002546129796638067,True,0.2787670470633321,0.5287562795195214,0.28104418212240195,0.5313392319552984,-0.24998923245618931,-89.67675164252651,-0.25029504983289647
DeckingBoards,7,0,0.43005126709214037,False,0.14494029384511092,0.14554057007509363,0.14494029384511092,0.14554057007509363,-0.0006002762299827102,-0.414154141721411,-0.0006002762299827102
DeckingSteel,62,0,0.3575129335911291,False,0.0567859742092974,0.0433761968911586,0.0567859742092974,0.0433761968911586,0.013409777318138805,23.614594105076144,0.013409777318138805
DemountablePartitionTrack,4,0,0.22052437424408208,False,0.3544383004852813,0.275354417730208,0.3544383004852813,0.275354417730208,0.07908388275507328,22.312454000257624,0.07908388275507328
DemountablePartitions,45,0,0.09190501550327823,False,0.3119001967066531,0.15837082982749268,0.3119001967066531,0.15837082982749268,0.1535293668791604,49.2238762592244,0.1535293668791604
DoorsAndFrames,61,0,0.054779801824531245,False,0.09670344970718911,0.11750624805569297,0.09670344970718911,0.11750624805569297,-0.020802798348503862,-21.511950619645106,-0.020802798348503862
Electrical,3,0,0.9876550258703461,False,0.0034825303854900368,0.003490227869815575,0.0034825303854900368,0.003490227869815575,-7.697484325538094e-06,-0.22103136149535588,-7.697484325538094e-06
Elevators,20,7,8.512988492906121e-05,True,0.7471000600050515,0.5480692212714541,0.8223275460554789,0.8325778605032474,0.1990308387335974,26.640452783828135,-0.010250314447768583
FenestrationAccessories,17,4,0.002160722559710275,True,0.7394081838902471,0.37734447024844286,0.5285588626370582,0.5832645900973362,0.36206371364180423,48.96669005431871,-0.05470572746027802
FenestrationFraming,259,0,0.02938750359070584,False,0.21072854994901247,0.14094185263308737,0.21072854994901247,0.14094185263308737,0.0697866973159251,33.116868754998116,0.0697866973159251
FiberCementSiding,29,0,0.4990136134935279,False,0.07057703541726142,0.0748287652999854,0.07057703541726142,0.0748287652999854,-0.004251729882723987,-6.02423983607013,-0.004251729882723987
FireAndSmokeProtection,22,0,0.10567452519638515,False,0.2505046634050839,0.26375699724700113,0.2505046634050839,0.26375699724700113,-0.013252333841917208,-5.290254345679481,-0.013252333841917208
FlashingAndSheetMetal,12,0,0.2160696999031946,False,0.38467672275184817,0.4784488222358221,0.38467672275184817,0.4784488222358221,-0.09377209948397391,-24.376858265080294,-0.09377209948397391
FlatGlassPanes,47,0,0.012287352598262306,False,0.16370405843596253,0.1382106703483062,0.16370405843596253,0.1382106703483062,0.025493388087656332,15.572850380877265,0.025493388087656332
FlowableFill,2008,0,0.10647905282004942,False,0.09738475961810109,0.15383941881211183,0.09738475961810109,0.15383941881211183,-0.05645465919401074,-57.970733218832535,-0.05645465919401074
FoamedInPlace [PIR or PUR],8,0,0.2864629019461891,False,0.7156735837409441,0.648329894942269,0.7156735837409441,0.648329894942269,0.06734368879867514,9.409832964164828,0.06734368879867514
FoamedInPlace [type not stated],5,0,0.7708202878743934,False,0.046334719978385897,0.044666381350623924,0.046334719978385897,0.044666381350623924,0.0016683386277619727,3.600623093309326,0.0016683386277619727
Furnishings,7,0,0.6080636788371693,False,0.1342012028357754,0.12886863784092503,0.1342012028357754,0.12886863784092503,0.005332564994850381,3.9735597611415914,0.005332564994850381
GlazedDoors,141,0,0.019958937283425602,False,0.17767751276064692,0.1363125024651832,0.17767751276064692,0.1363125024651832,0.04136501029546372,23.280948530153832,0.04136501029546372
Grouting,219,0,0.04579887924995823,False,0.5045483020158821,0.7787215441369406,0.5045483020158821,0.7787215441369406,-0.27417324212105854,-54.34033590552608,-0.27417324212105854
Gypsum,771,0,0.09124194305918029,False,0.04151632478994799,0.06431022639051222,0.04151632478994799,0.06431022639051222,-0.02279390160056423,-54.90346680706942,-0.02279390160056423
GypsumSheathingBoard,19,0,0.4640522887444391,False,0.09362796035281507,0.08035322697856502,0.09362796035281507,0.08035322697856502,0.013274733374250045,14.17817212318555,0.013274733374250045
HeavyTimber,5,0,0.21130666863534292,False,0.4802999336309663,0.4531713073991161,0.4802999336309663,0.4531713073991161,0.027128626231850195,5.648267745273978,0.027128626231850195
Hollow,145,0,0.28047549071430794,False,0.0770704989924212,0.06339675127218768,0.0770704989924212,0.06339675127218768,0.013673747720233526,17.741869974889024,0.013673747720233526
HotRolled,81,0,0.06760850314544342,False,0.14766295444573777,0.2163033182266303,0.14766295444573777,0.2163033182266303,-0.06864036378089253,-46.484484912643445,-0.06864036378089253
InsulatedRoofPanels,271,0,0.2934554739549958,False,0.027348900619660596,0.02382044352452368,0.027348900619660596,0.02382044352452368,0.0035284570951369144,12.901641437829406,0.0035284570951369144
InsulatedWallPanels,420,0,0.21263498418109908,False,0.014978953898267982,0.016489416141054897,0.014978953898267982,0.016489416141054897,-0.0015104622427869144,-10.08389673301264,-0.0015104622427869144
InsulatingGlazingUnits,32,0,0.28173245431027294,False,0.24523761686500886,0.27577343954222444,0.24523761686500886,0.27577343954222444,-0.03053582267721558,-12.451524797692041,-0.03053582267721558
JointProtection,5,0,0.34641510535339176,False,0.2729033206407932,0.2256576063609126,0.2729033206407932,0.2256576063609126,0.04724571427988061,17.31225335365831,0.04724571427988061
Laminate,26,0,0.04501869947272703,False,0.21436020641329326,0.1569973084786064,0.21436020641329326,0.1569973084786064,0.05736289793468685,26.760049775325072,0.05736289793468685
MBQ,40,0,0.41491370104668285,False,0.17536263191012702,0.21200160420409997,0.17536263191012702,0.21200160420409997,-0.03663897229397295,-20.89326095011527,-0.03663897229397295
MasonryCement,26,0,0.24794567841607773,False,0.06709356993407357,0.06395901888297231,0.06709356993407357,0.06395901888297231,0.0031345510511012614,4.671909773442201,0.0031345510511012614
MassTimber,66,0,0.14598652629205394,False,0.19170916972194824,0.25646745787361563,0.19170916972194824,0.25646745787361563,-0.0647582881516674,-33.77944218609456,-0.0647582881516674
MechanicalInsulation,22,0,0.1354263961751178,False,0.363852997058009,0.20969837498178875,0.363852997058009,0.20969837498178875,0.15415462207622024,42.3672811060131,0.15415462207622024
MetalDoorAndFrames,42,0,0.17992184065416014,False,0.11234057781830664,0.12833108835192253,0.11234057781830664,0.12833108835192253,-0.015990510533615887,-14.233957884281176,-0.015990510533615887
MetalRailings,13,0,0.20736325809617265,False,0.14506898671965834,0.1633592343904257,0.14506898671965834,0.1633592343904257,-0.018290247670767368,-12.607965413112554,-0.018290247670767368
MetalStairs,5,0,0.6984098242981952,False,0.09551808452154213,0.0987110005968421,0.09551808452154213,0.0987110005968421,-0.0031929160752999647,-3.3427346154328172,-0.0031929160752999647
Mirrors,19,0,0.20371699029635876,False,0.15424313645977014,0.0985696309732481,0.15424313645977014,0.0985696309732481,0.05567350548652204,36.09464042572997,0.05567350548652204
MiscMetalFabrication,69,0,0.24360057272888316,False,0.1600544654653428,0.15406432228513728,0.1600544654653428,0.15406432228513728,0.0059901431802055205,3.742565484061792,0.0059901431802055205
Mortar,248,0,0.014626609859814567,False,0.21066460810705318,0.39108601014145417,0.21066460810705318,0.39108601014145417,-0.180421402034401,-85.64390746770168,-0.180421402034401
NetworkingCableTrays,22,0,0.31128207870280095,False,0.14164623572572235,0.13219171167264332,0.14164623572572235,0.13219171167264332,0.009454524053079033,6.674744305515019,0.009454524053079033
NetworkingRaceways,32,1,0.009091629146848287,True,0.4736481436175079,0.33404356848481415,0.4701323655672469,0.33565911951126565,0.13960457513269375,29.474321184172254,0.13447324605598127
NonStructuralWood,57,0,0.05393780849387604,False,0.12120364495681119,0.06421958091640469,0.12120364495681119,0.06421958091640469,0.0569840640404065,47.01514056009766,0.0569840640404065
OilPatch,282,0,0.11988306473655777,False,0.19721372074766927,0.25315626794609,0.19721372074766927,0.25315626794609,-0.055942547198420706,-28.36645796566964,-0.055942547198420706
OpenWebMembranes,17,0,0.7024809256503228,False,0.05618871857029938,0.059620270646820066,0.05618871857029938,0.059620270646820066,-0.003431552076520683,-6.107190489185771,-0.003431552076520683
Openings,12,2,0.004251600157065305,True,0.7086382369702207,0.3427020477431524,0.5074052316553074,0.34792932594923015,0.3659361892270683,51.639351383524925,0.15947590570607723
OtherFlooring,217,2,0.003694065219080551,True,0.33840625764273824,0.09277810282111193,0.27439608153190675,0.0956300562149886,0.2456281548216263,72.583809924975,0.17876602531691815
PaintingAndCoating,19,0,0.01519440499302904,False,0.26210778049101624,0.17173339202879764,0.26210778049101624,0.17173339202879764,0.0903743884622186,34.47985721481327,0.0903743884622186
PlateSteel,72,0,0.1850876110414395,False,0.1354256529884708,0.09763346369170768,0.1354256529884708,0.09763346369170768,0.03779218929676313,27.906226377937788,0.03779218929676313
PostTensioningSteel,35,0,0.8201829903478701,False,0.02150975115289766,0.023245643221864926,0.02150975115289766,0.023245643221864926,-0.0017358920689672652,-8.070256399658145,-0.0017358920689672652
PowerCabling,400,121,1.693094452041194e-05,True,3.966986845532255,1.144485212529211,1.308005639458337,1.2449596293733696,2.8225016330030437,71.14976033212295,0.06304601008496746
PrecastConcrete,499,0,0.2927241328873081,False,0.07058712214489198,0.07164361076693972,0.07058712214489198,0.07164361076693972,-0.001056488622047741,-1.4967158171983832,-0.001056488622047741
ProcessedNonInsulatingGlassPanes,130,5,0.0008167199424969943,True,0.48167221700173396,0.26953284134762606,0.3367578359342857,0.28514166095983307,0.2121393756541079,44.04226944510362,0.051616174974452644
ReadyMix [3000-3999 psi],20814,0,0.3269911877468781,False,0.006948365689409585,0.005529443923819306,0.006948365689409585,0.005529443923819306,0.0014189217655902787,20.420942549885382,0.0014189217655902787
ReadyMix [4000-4999 psi],31025,0,0.3074094609517363,False,0.010544828949010376,0.003419309059839745,0.010544828949010376,0.003419309059839745,0.0071255198891706315,67.57359387834694,0.0071255198891706315
ReadyMix [5000-5999 psi],14366,0,0.3209361106564931,False,0.019560560925421223,0.010262122345565651,0.019560560925421223,0.010262122345565651,0.009298438579855572,47.53666633236049,0.009298438579855572
ReadyMix [<3000 psi],3974,0,0.24599527585873698,False,0.06005385739882784,0.03669028901155976,0.06005385739882784,0.03669028901155976,0.02336356838726808,38.90435918563343,0.02336356838726808
ReadyMix [>=6000 psi],7887,0,0.2858259235294304,False,0.0173054073773598,0.010268304766665275,0.0173054073773598,0.010268304766665275,0.007037102610694526,40.664183496200025,0.007037102610694526
ReadyMix [strength not stated],8777,0,0.11733215678234384,False,0.02006670697314789,0.023522223634499694,0.02006670697314789,0.023522223634499694,-0.0034555166613518054,-17.22014810888393,-0.0034555166613518054
RebarSteel,204,0,0.05853372121342439,False,0.12196922379255533,0.1776062626388282,0.12196922379255533,0.1776062626388282,-0.05563703884627287,-45.615637384804614,-0.05563703884627287
ResilientFlooring,468,0,0.07837064562530767,False,0.1939877002409622,0.2649181630915314,0.1939877002409622,0.2649181630915314,-0.07093046285056917,-36.564412466595954,-0.07093046285056917
RoofCoverBoards,20,0,0.5589985278977732,False,0.10569569820148414,0.09602789995670014,0.10569569820148414,0.09602789995670014,0.009667798244784004,9.146822821828195,0.009667798244784004
RoofPanels,61,0,0.04090320228167667,False,0.2736142071418623,0.1450312138142137,0.2736142071418623,0.1450312138142137,0.1285829933276486,46.99426783090304,0.1285829933276486
SheathingPanels,71,0,0.01410018092000991,False,0.20435592187799412,0.22798764141794634,0.20435592187799412,0.22798764141794634,-0.023631719539952217,-11.564000359167952,-0.023631719539952217
Shotcrete [3000-3999 psi],183,0,0.5988387897464957,False,0.02515893434228533,0.02035921665774536,0.02515893434228533,0.02035921665774536,0.004799717684539968,19.077587386016376,0.004799717684539968
Shotcrete [4000-4999 psi],651,0,0.5157019965848659,False,0.012218542462359606,0.009699710353592066,0.012218542462359606,0.009699710353592066,0.0025188321087675405,20.614832878201675,0.0025188321087675405
Shotcrete [5000-5999 psi],471,0,0.5121472987169314,False,0.019823434844580767,0.019605822508347238,0.019823434844580767,0.019605822508347238,0.00021761233623352957,1.0977529269758182,0.00021761233623352957
Shotcrete [<3000 psi],4,0,0.6947073256221521,False,0.09825854152734412,0.09532682991839926,0.09825854152734412,0.09532682991839926,0.0029317116089448564,2.9836710003771,0.0029317116089448564
Shotcrete [>=6000 psi],264,0,0.575143175026236,False,0.018635383643213647,0.02051928374326173,0.018635383643213647,0.02051928374326173,-0.0018839001000480818,-10.109263839782189,-0.0018839001000480818
Shotcrete [strength not stated],96,0,0.553828792596203,False,0.06021302050660812,0.0694410297899624,0.06021302050660812,0.0694410297899624,-0.00922800928335428,-15.325604338917934,-0.00922800928335428
SinglePlyEPDM,29,0,0.5427374133154494,False,0.13560794283413527,0.1453306286373406,0.13560794283413527,0.1453306286373406,-0.009722685803205317,-7.169702305046632,-0.009722685803205317
SinglePlyKEE,11,0,0.6865021770682149,False,0.06120538489087029,0.06032379649751336,0.06120538489087029,0.06032379649751336,0.000881588393356926,1.440377174212376,0.000881588393356926
SinglePlyPVC,74,0,0.2495208029060221,False,0.07642597252090788,0.08370027158077542,0.07642597252090788,0.08370027158077542,-0.0072742990598675394,-9.518098128064393,-0.0072742990598675394
SinglePlyPolyurethane,27,0,0.029261979370631592,False,0.5393008445015866,0.3000464967833231,0.5393008445015866,0.3000464967833231,0.23925434771826343,44.363799937932335,0.23925434771826343
SinglePlyTPO,62,0,0.3518345723037127,False,0.057194747408254004,0.052833185410398324,0.057194747408254004,0.052833185410398324,0.00436156199785568,7.625808654635732,0.00436156199785568
SprayedInsulation,11,0,0.2735646824783542,False,0.24050848454214446,0.27591525549038065,0.24050848454214446,0.27591525549038065,-0.03540677094823619,-14.721630721527346,-0.03540677094823619
SteelSuspensionAssembly,98,0,0.779908212962328,False,0.022430015694505655,0.02437023175878405,0.022430015694505655,0.02437023175878405,-0.0019402160642783932,-8.650087858626238,-0.0019402160642783932
StoneCladding,19,0,0.056036173548425015,False,0.44848692640935595,0.2515432466089811,0.44848692640935595,0.2515432466089811,0.19694367980037486,43.91291433557078,0.19694367980037486
StorageFurniture,15,0,0.4050515197236374,False,0.08783878833290856,0.07799014843942556,0.08783878833290856,0.07799014843942556,0.009848639893483002,11.21217639769427,0.009848639893483002
SupplementaryCementitiousMaterials,28,0,0.030094591095792943,False,0.23849688010415548,0.09652725383885566,0.23849688010415548,0.09652725383885566,0.14196962626529983,59.5268274382874,0.14196962626529983
Tables,161,0,0.010087860674488462,False,0.5001091104063381,0.207908115588437,0.5001091104063381,0.207908115588437,0.29220099481790107,58.427448878203414,0.29220099481790107
TileGrout,43,0,0.09792415096210204,False,0.17529990351313526,0.2597227970537741,0.17529990351313526,0.2597227970537741,-0.08442289354063884,-48.159121510476474,-0.08442289354063884
Timber,17,0,0.20291634278304746,False,0.18473740085286763,0.1650824008913897,0.18473740085286763,0.1650824008913897,0.01965499996147793,10.639426489025885,0.01965499996147793
TranslucentWallAndRoofAssemblies,46,0,0.024422661002450306,False,0.189547552396642,0.28554312732099646,0.189547552396642,0.28554312732099646,-0.09599557492435445,-50.644586917944864,-0.09599557492435445
UnitSkylights,17,0,0.17198081066671964,False,0.23871944590069638,0.16902783902502747,0.23871944590069638,0.16902783902502747,0.06969160687566892,29.193937935269652,0.06969160687566892
VinylSiding,11,0,0.021164146567050412,False,0.12296981739923367,0.170014151632766,0.12296981739923367,0.170014151632766,-0.04704433423353234,-38.25681393085122,-0.04704433423353234
WallBase,14,0,0.44077705377260784,False,0.09105907057279974,0.09126832435472951,0.09105907057279974,0.09126832435472951,-0.00020925378192976352,-0.22980004146041627,-0.00020925378192976352
WallFinishes,173,3,0.004691913387652116,True,0.30781916914639146,0.5914110723025603,0.2770191342059612,0.6040777023657885,-0.28359190315616883,-92.12938360615848,-0.3270585681598273
WallPanels,163,0,0.04338456386536504,False,0.1094995054746117,0.1536481381146539,0.1094995054746117,0.1536481381146539,-0.04414863264004219,-40.31856805990635,-0.04414863264004219
WeatherBarriers,59,0,0.19425704471427524,False,0.40206389956304883,0.5224836203308111,0.40206389956304883,0.5224836203308111,-0.12041972076776225,-29.95039368086288,-0.12041972076776225
WindTurbines,3,0,0.5534407027818449,False,0.1876778907330952,0.17740828776858772,0.1876778907330952,0.17740828776858772,0.01026960296450749,5.47193008424862,0.01026960296450749
Windows,358,0,0.03715171721740349,False,0.1979450252478761,0.14648806306141013,0.1979450252478761,0.14648806306141013,0.051456962186465977,25.995582420941943,0.051456962186465977
WireMeshSteel,53,0,0.12533809383211908,False,0.14331818380405453,0.11859283364345828,0.14331818380405453,0.11859283364345828,0.02472535016059625,17.252067744872413,0.02472535016059625
WoodDoors,32,0,0.06277575592773858,False,0.21639115456819044,0.12378877366429841,0.21639115456819044,0.12378877366429841,0.09260238090389203,42.793976994429606,0.09260238090389203
WoodFlooring,86,0,0.05277042959300982,False,0.2459004729092343,0.1298139252021737,0.2459004729092343,0.1298139252021737,0.11608654770706062,47.208753335708295,0.11608654770706062
WoodFraming,7,0,0.29865244343971314,False,0.168346025573949,0.14153773467201206,0.168346025573949,0.14153773467201206,0.026808290901936954,15.924516667701747,0.026808290901936954
WoodJoists,5,0,0.6430053007605436,False,0.1796846767709229,0.17471323687532253,0.1796846767709229,0.17471323687532253,0.004971439895600366,2.7667578476590826,0.004971439895600366
WorkSurfaces,12,0,0.29609836134316875,False,0.14621427364956785,0.10573231802456866,0.14621427364956785,0.10573231802456866,0.04048195562499919,27.68673304907454,0.04048195562499919
