dataset,n,naive_gap_over_sd,naive_sigma,naive_w1,profile_status,profile_gap_over_sd,profile_sigma,profile_w1
AccessFlooring,53,0.6122896993947375,0.5443257025720479,0.17198039606619853,interior,0.6194124779266756,0.541741670730587,0.17134037835324656
AccessFlooringPedestals,13,0.7498823489609943,0.5391178704678932,0.14686903486985414,interior,0.7580524367559263,0.5361597525034156,0.14642611245077278
AcousticalCeilings,412,0.018271471433954915,1.0374027837844557,0.16558418828376367,interior,0.01832980710832436,1.037080264973146,0.1656847059424452
Aggregates,384,2.0442552648278053e-06,2.7093929043221423,1.9475734334768318,boundary_guard,0.01,1.442141399001998,0.5912767603711045
AluminiumBillets,120,0.11062664948544834,0.8231429405873483,0.11637317728919094,interior,0.10967313315588181,0.8244099157205057,0.11678994505152894
AluminiumExtrusions,36,0.24929949331078857,0.6136514169110199,0.16363355233248456,interior,0.24602398208697776,0.6158860387082455,0.16362504850061196
AluminiumSheetGoods,26,0.0690555740904896,0.9244746304682323,0.19238126890208965,interior,0.06911924688779364,0.9243576470832479,0.19236579073791382
AluminiumSiding,3,186291.5329932275,5.36752009869389e-06,0.26647749204482907,boundary_normal_limit,1000.0,0.0009988394623919661,0.26663091128092475
AluminiumSuspensionAssembly,22,0.002175271489623175,1.8009151854045615,0.5780936185867098,boundary_guard,0.01,1.6564409483257367,0.5331706280429814
Asphalt,7232,2.124561176611983,0.2043016912754136,0.031364482182302866,interior,2.1420374903583843,0.2035018979124125,0.03137407560168932
BackingAndUnderlay,45,0.008166742945146502,1.4906258021060448,0.22114525003911564,boundary_guard,0.01,1.4628464416901774,0.21579142984605
BituminousRoofing,66,0.10299967205007034,0.8431853946180673,0.11568509360056099,interior,0.10352317759307378,0.8423563831277586,0.11557236990453698
BlanketFacing,28,1.5400359671578494,0.31528570324915933,0.07896902080339911,interior,1.559489504058281,0.3130379712999989,0.07885518508522768
BlanketInsulation [mineral wool],184,0.05842838833249591,0.7813987416598561,0.09373197373607686,interior,0.058131432822247114,0.7818873756239733,0.09371431686756049
BlanketInsulation [other],3,198724.20754483689,5.032413296387581e-06,0.21197143670764446,boundary_normal_limit,1000.0,0.0009985433362187472,0.21208750180201394
BlanketInsulation [type not stated],129,0.013516904934628468,0.9856619799551493,0.12681805093435128,interior,0.013344837298838397,0.9863230927175956,0.12666384256684482
BlownInsulation [cellulose],3,2.3628360425142605e-17,18.921276314297117,0.9175606903652473,boundary_guard,0.010000000000000009,2.5481626499011494,0.7662054583137792
BlownInsulation [type not stated],16,0.480323827203918,0.5784473382497257,0.1432281198721936,interior,0.47774702903357735,0.579704880957478,0.1432698889363639
BoardInsulation [EPS],47,0.03972924938982088,1.0398199710345326,0.1708412000763007,interior,0.0399488019395417,1.039127650056423,0.17072592626587552
BoardInsulation [PIR or PUR],50,0.024913227662378693,0.9591490614331043,0.17016018945658704,interior,0.025176914570372765,0.9584107826826559,0.17017867910353135
BoardInsulation [XPS],19,0.008709111531603933,1.2616691348921838,0.341102528805964,boundary_guard,0.009999999999999998,1.251585196837978,0.34005725290872146
BoardInsulation [mineral wool],77,0.24861649978525943,0.6055639965919614,0.05473018282112566,interior,0.24602398208697757,0.6070501508129476,0.05468094724179837
BoardInsulation [other],7,8.34519856350186e-17,13.720283879924457,0.4953854758150613,boundary_guard,0.009999999999999981,2.1784815975663756,0.34554643434092247
BoardInsulation [type not stated],131,0.08402156489885566,0.7615378828588302,0.07969291675030789,interior,0.08458985796574299,0.7609352803653686,0.07969459949627683
Brick,215,0.0474737939756747,0.7878003151812772,0.1911189515098932,interior,0.04749979434661412,0.7877410034315305,0.19112090082609468
CMU [3000-3999 psi],137,2.70563041211317,0.21665828092234782,0.046193799879678005,interior,2.6982220946965345,0.2170247681190416,0.046179952001024434
CMU [4000-4999 psi],18,23106.522706103642,4.327371642870301e-05,0.0861908269739953,boundary_normal_limit,1000.0,0.0009983775194306556,0.0861956375987431
CMU [5000-5999 psi],8,4.923380191065242,0.14850751663740103,0.03036768582920859,interior,4.945789053120642,0.14799560730470368,0.030369379677211733
CMU [<3000 psi],274,0.6613637924873058,0.36547124747150045,0.032192960451184784,interior,0.6562096406767561,0.36629552026765566,0.03214493543501182
CMU [>=6000 psi],8,64688.244420585805,1.5457820569613663e-05,0.06479158426807471,boundary_normal_limit,1000.0,0.0009982491691064009,0.06482343969746326
CMU [strength not stated],39,0.6435602659017701,0.4128355895054586,0.038503430037831576,interior,0.6375456372456508,0.4141007488132673,0.03852652886795189
CableTrays,59,0.0023982405603663777,1.9651060328095142,0.543345560625298,boundary_guard,0.01,1.7041654040781478,0.4408717635098563
Carpet,1989,0.40154965708628826,0.42672180900374573,0.04348694690594556,interior,0.40180008571820935,0.42666716239086905,0.04348659897688039
CastDecksAndUnderlayment,255,0.7369752841138044,0.43612258534004256,0.02598440317373427,interior,0.7364918067322969,0.43623320726011994,0.025990790239923203
Cement,1084,1.779829451828148,0.251582833427208,0.0462854061598244,interior,1.8015200408020247,0.2500183152953044,0.046148067840393873
CementBoard,21,0.7775386374195308,0.41631571001236395,0.08783775618587632,interior,0.7802442493165049,0.41573624282930927,0.0878735598170856
CementGrout,3764,0.4442889289301565,0.35206273910377656,0.03562357458190107,interior,0.4381310274533304,0.35306108251826035,0.03552005008876637
CementitiousSheathingBoard,51,0.2891944348979717,0.7142554152357682,0.1183074754591212,interior,0.29252663374366433,0.7116595103981739,0.1178044996638488
Chairs,86,3.646603758924062e-05,2.281378472623241,0.5868232209285744,boundary_guard,0.01,1.7976935123935012,0.4304363959239074
Coil,140,0.622182972419757,0.4828749004005388,0.09781409102247086,interior,0.619412477926676,0.4837246105820356,0.09786343683664676
CompositeLumber,16,0.8701947546420117,0.3280015072078773,0.06041723409159733,interior,0.8757010888760511,0.32732043160552254,0.0604045102142377
CompositionSiding,3,223823.0129733421,4.467629612731405e-06,0.3440837575994359,boundary_normal_limit,999.9999999999999,0.000998904527927572,0.3442702888129965
ConcreteAdmixtures,118,0.014388406012612185,0.9377728651489095,0.14131673174003898,interior,0.01455148339873194,0.9369409881309919,0.14130620615638323
ConcretePaving [3000-3999 psi],108,2625.7645017614786,0.0003805578203866559,0.03192939580108697,boundary_normal_limit,1000.0,0.0009979853606214032,0.03192361493182582
ConcretePaving [4000-4999 psi],160,2.4090596014417627,0.19920318836477713,0.024547706597675367,interior,2.4040991835099716,0.19940990187635046,0.024546353157367105
ConcretePaving [5000-5999 psi],42,0.6012431389512252,0.5639991696760542,0.051676773018214876,interior,0.6017950643797333,0.5637782553651867,0.05166269554737512
ConcretePaving [<3000 psi],32,84338.14285970741,1.1855730194361204e-05,0.045801009956261,boundary_normal_limit,1000.0,0.0009983809581789655,0.04583886555291042
ConcretePaving [strength not stated],38,0.3356534110237467,0.5614884107682678,0.055613429419799874,interior,0.3379263481967432,0.5604762705059686,0.05555711657988987
Countertops,76,0.007203496516182138,1.484856200850903,0.25307207359360384,boundary_guard,0.01,1.4466872900519254,0.24104882500509164
CurtainWalls,54,0.20752857728608157,0.5984067703221431,0.1103485520296353,interior,0.20691380811147897,0.5987527167152633,0.11033319447007868
DampproofingAndWaterproofing,162,0.002675605003198453,1.0885644436611226,0.36173930423091316,boundary_guard,0.01,1.0280059484699753,0.3692396898615214
DataCabling,951,0.00013266973586839904,1.8914882784338918,0.2787611014250565,boundary_guard,0.01,1.6109097896328135,0.2911213161772365
DeckingBoards,7,0.6816487107725042,0.4578778903207995,0.1461226591934998,interior,0.6754200285605586,0.45951015517415983,0.1462007102765093
DeckingSteel,62,4058.7965589473906,0.00024621398986950034,0.039601850852303846,boundary_normal_limit,1000.0,0.000997270946588323,0.039583451479572776
DemountablePartitionTrack,4,4.3656486566129926e-17,18.262918932121405,0.7438620360307941,boundary_guard,0.009999999999999986,2.471724580219998,0.5723536627917154
DemountablePartitions,45,22.860378791347422,0.04075789366486575,0.10050655715939688,interior,22.824222375040982,0.0408181622242219,0.10050958878002691
DoorsAndFrames,61,0.11762769336481291,0.7283249264907091,0.09004258940461718,interior,0.11618843640510997,0.7299011777496988,0.09014963999520918
Electrical,3,1.8070330594120016e-14,13.948701883433595,0.006209470935479059,boundary_guard,0.009999999999991719,2.2757147945520497,0.0022016559295566034
Elevators,20,8.393708777634157e-21,13.25117986149275,2.2599005030930495,boundary_guard,0.01,2.100544543800706,0.48350476863513375
FenestrationAccessories,17,1.4045467005367115e-05,2.9422203487440304,0.8819163206114216,boundary_guard,0.01,1.9264742232716636,0.5809646625468747
FenestrationFraming,259,0.08973908948899047,0.8933159920539311,0.10035912150854365,interior,0.08961505019466047,0.8935810602661831,0.10043805438407023
FiberCementSiding,29,0.20478129512136117,0.7157015782184777,0.07417911516779647,interior,0.20691380811147894,0.7139068202996736,0.07407120329836492
FireAndSmokeProtection,22,0.030189309025751808,1.2205352914466925,0.28896897869136806,interior,0.0299357729472049,1.221816886044041,0.28923535012417106
FlashingAndSheetMetal,12,1.9828741803143272e-17,12.963440409051469,1.0932506806932225,boundary_guard,0.010000000000000004,1.6283041022029776,0.36428825541983867
FlatGlassPanes,47,0.05684742940207692,0.8763089392819754,0.14683292792001154,interior,0.05647805074067552,0.8768855472834023,0.14692820189705652
FlowableFill,2008,0.01133031044316412,0.7665727071339813,0.06976332314890774,interior,0.011223422532664172,0.7667196060018425,0.06972591912870657
FoamedInPlace [PIR or PUR],8,3.9040666895843e-17,15.678526695886825,1.4066960241635293,boundary_guard,0.010000000000000005,2.0204596172689144,1.0316960056587625
FoamedInPlace [type not stated],5,112309.84523104408,8.904457947874276e-06,0.04231104312996942,boundary_normal_limit,1000.0,0.0009984115892301242,0.042332608123960315
Furnishings,7,66656.0983614877,1.500277117603933e-05,0.12365865598645537,boundary_guard,0.010000000000000016,2.2855397009702063,0.3050705173947282
GlazedDoors,141,0.1132892254623527,0.7742434769077275,0.10231293716900872,interior,0.1128837891684689,0.7748602799083638,0.10237064059979917
Grouting,219,0.0003082501716873356,1.6699832280113582,0.41759750430696385,boundary_guard,0.01,1.254578942184474,0.503965510145642
Gypsum,771,0.2152326499641073,0.5208652323753539,0.04014029442365526,interior,0.21297116275234787,0.5218534928220948,0.040140133341733726
GypsumSheathingBoard,19,16161.020766491436,6.187013891441711e-05,0.07066654634161229,boundary_normal_limit,1000.0,0.0009982335608047911,0.07068272011491204
HeavyTimber,5,3.040851026567242e-17,11.190092844173567,0.7907099214274952,boundary_guard,0.01,2.0960336178739456,0.5728947851378247
Hollow,145,1.3796332149634125,0.30200841640382947,0.06567854336595434,interior,1.3894954943731381,0.3009683140593258,0.06561066974237366
HotRolled,81,0.047206980017695244,0.8055870340337047,0.1429357311888184,interior,0.047499794346614145,0.8051325301376991,0.14300660890545747
InsulatedRoofPanels,271,4.634150907995369,0.1367700724352053,0.025784074541150226,interior,4.66845237070379,0.13611381205554773,0.02582304403675305
InsulatedWallPanels,420,1.2605935744853667,0.24435222271052687,0.01414430428554313,interior,1.2742749857031328,0.24347862342734566,0.014141400783911628
InsulatingGlazingUnits,32,0.029081874783948924,1.0598793762522585,0.2022549563125403,interior,0.029084335640640474,1.0598691881045905,0.2022559508748674
JointProtection,5,129099.963253705,7.745318836112896e-06,0.18497996738410982,boundary_normal_limit,1000.0,0.0009987425905659756,0.18505355555732875
Laminate,26,0.08107365951783314,0.784937242291255,0.21016573369365452,interior,0.08218394177456805,0.7838539861600251,0.2099521144957146
MBQ,40,0.03855828039508817,0.8286723764673535,0.11820501564071785,interior,0.03881257270691534,0.8280541853743651,0.11824666040152908
MasonryCement,26,5.457530532116061,0.11080294674158518,0.06390020809088058,interior,5.392989490128867,0.11162628832895904,0.06389388550253836
MassTimber,66,0.04366187474435856,0.910526401344786,0.17195822628356724,interior,0.04356099030694609,0.9107702349609559,0.17195318321893055
MechanicalInsulation,22,0.40339453528973696,0.6555298962169307,0.22666888863912857,interior,0.4018000857182092,0.6565292643959019,0.2269513418150463
MetalDoorAndFrames,42,0.31415333310575644,0.5637991641731073,0.11244995299506812,interior,0.3099046339199428,0.5658110474660091,0.11242736795712147
MetalRailings,13,0.4985207384402366,0.4491343934811557,0.14691999977231834,interior,0.49173296457790205,0.45107284979999424,0.14678786968770624
MetalStairs,5,0.4633563592948602,0.40385322488698416,0.08795121635605317,interior,0.4641588833612775,0.40368374600559775,0.0879528831995375
Mirrors,19,5.861081061116963,0.13164537594986833,0.08846412204315991,interior,5.880625988746757,0.13130032555067786,0.08845967294986322
MiscMetalFabrication,69,0.6044567001509179,0.4960011716003464,0.15508012881287203,interior,0.6017950643797331,0.4969399915809141,0.15511111769740682
Mortar,248,0.027268047661209136,1.0065603084350456,0.22520360026221461,interior,0.027453422338387136,1.0057871629624973,0.2253387748569719
NetworkingCableTrays,22,0.5929809890136756,0.5670830684195426,0.13988155203709515,interior,0.5846787276937586,0.5707400964835477,0.1401905191265168
NetworkingRaceways,32,0.00022582672316599848,2.1571030069669686,0.5544592130201907,boundary_guard,0.01,1.7866261676605397,0.45427424867307187
NonStructuralWood,57,1.1715427262200073,0.3370273057496092,0.06374674790619253,interior,1.1686088553466505,0.33741649717482913,0.06377252672904751
OilPatch,282,0.02516563922640676,0.8702667166816397,0.19439985521694864,interior,0.02517691457037277,0.870236596523715,0.19439897790140487
OpenWebMembranes,17,5.888258419993895e-16,13.07012204884929,0.4248824989076174,boundary_guard,0.010000000000000047,2.1058279003361835,0.13731656450847604
Openings,12,1.1897267214889893e-18,11.956667222994586,0.8874741724038678,boundary_guard,0.01,2.090036928168796,0.6879919876476973
OtherFlooring,217,0.1083982527296346,0.922073742665056,0.1706782660166227,interior,0.10967313315588177,0.919888865737019,0.1697451022169343
PaintingAndCoating,19,0.19786495654547698,0.6952386022045275,0.15768669747551103,interior,0.1953110510040632,0.6977982557720243,0.15779914182565338
PlateSteel,72,2.782206102037714,0.2119313586270538,0.09005082440955345,interior,2.7772119324293554,0.21217889791503844,0.09006940684234946
PostTensioningSteel,35,0.43034775026528416,0.5179743368189302,0.01400344185863841,interior,0.4256696454607871,0.5196597896966118,0.014022892093468388
PowerCabling,400,6.96608258031546e-10,3.0407090594551804,4.277064343179118,boundary_guard,0.01,0.8375246260214803,1.0891092267213502
PrecastConcrete,499,1.10952972511622,0.30139164248207934,0.07022715308298685,interior,1.1030787448822148,0.3021147274233434,0.07022826704383289
ProcessedNonInsulatingGlassPanes,130,0.004139521657395284,1.6691796921405344,0.3975580271578712,boundary_guard,0.01,1.5548752246908695,0.34135910010736964
ReadyMix [3000-3999 psi],20814,2.1972492065142797,0.2016100974095439,0.0039048350442608738,interior,2.2047451503814743,0.20128927654058115,0.0039041787460776583
ReadyMix [4000-4999 psi],31025,3.227831730001764,0.16306585885023697,0.003460356308364096,interior,3.2082312454210773,0.16360776983747005,0.003470742855697445
ReadyMix [5000-5999 psi],14366,5.290090271224961,0.12365397714317299,0.008202479861187472,interior,5.239601353002645,0.12444481996259663,0.008221515191266408
ReadyMix [<3000 psi],3974,10.75315224839124,0.0749080833185293,0.02293379214842177,interior,10.77907400499272,0.07476154650092001,0.02292135352608835
ReadyMix [>=6000 psi],7887,5.051453958226209,0.12603154118741852,0.00913897257798589,interior,5.09057590203668,0.12540128722932256,0.009136779485042917
ReadyMix [strength not stated],8777,0.49772497936722737,0.40185279445814553,0.014491444128475748,interior,0.4917329645779018,0.4030416984456802,0.014516991383145772
RebarSteel,204,0.059095456053196195,0.7538538492479628,0.12131605688072439,interior,0.0598332172879629,0.752926396369219,0.12144578782799863
ResilientFlooring,468,0.048988578486277974,0.7194149205358906,0.18907857089451893,interior,0.048890340015614445,0.7195525137332675,0.18905753005972573
RoofCoverBoards,20,165153.7970577994,6.054789278664645e-06,0.08269477465844874,boundary_normal_limit,1000.0,0.0009984079252923937,0.0827735265571856
RoofPanels,61,0.24410946962177538,0.7334243849952639,0.189799767039237,interior,0.24602398208697765,0.7318962383970316,0.189369886267416
SheathingPanels,71,0.04226184342023838,0.7546738055271575,0.2061181187638512,interior,0.042322022723792756,0.7546042537057402,0.20612193161790227
Shotcrete [3000-3999 psi],183,7.276048583947474,0.10985670796880793,0.018735775511772135,interior,7.196856730011516,0.11083360993633065,0.01877349209172959
Shotcrete [4000-4999 psi],651,11.336425248890697,0.07001963189921037,0.009058633996487656,interior,11.419421680558647,0.06961223933676183,0.00905686553583428
Shotcrete [5000-5999 psi],471,3.379126507127299,0.1711488218815898,0.019642667872142725,interior,3.398821218152668,0.17055773208677244,0.019639408603414482
Shotcrete [<3000 psi],4,19407.558734746424,5.152105969286979e-05,0.09220963203970226,boundary_normal_limit,1000.0,0.0009983815669536338,0.09221646573179659
Shotcrete [>=6000 psi],264,1.7921785224694537,0.244439155620576,0.018094817467114888,interior,1.8015200408020233,0.24384268542349904,0.018094698386160776
Shotcrete [strength not stated],96,0.5007632159529293,0.42716369068078425,0.04969161628452621,interior,0.5061283352022218,0.42589165787855415,0.04971311649028243
SinglePlyEPDM,29,0.3088895190291214,0.6368212921444293,0.13812868676434575,interior,0.3099046339199427,0.6362056235649909,0.13809182168536835
SinglePlyKEE,11,1.2000581136471016,0.40966166849865443,0.06685986558991258,interior,1.202819613622778,0.40914127543008766,0.0668347394231269
SinglePlyPVC,74,0.6603897816155123,0.36652222093292175,0.07651601974170802,interior,0.6562096406767561,0.36736356044839336,0.07650198717694595
SinglePlyPolyurethane,27,0.0011400155510175737,2.168402539237419,0.7894931298088111,boundary_guard,0.010000000000000002,1.8135619616742225,0.6492757217030549
SinglePlyTPO,62,5.189250725344246,0.13493543795021984,0.052055503006576714,interior,5.239601353002645,0.13400537555741768,0.052053960168328424
SprayedInsulation,11,0.003321421907089813,1.60754081922711,0.29334513885827807,boundary_guard,0.00999999999999999,1.5012945834302516,0.2758686039530991
SteelSuspensionAssembly,98,0.4581782349144481,0.45899441880935643,0.014043920492831414,interior,0.46415888336127786,0.4574233515840313,0.014031454309228497
StoneCladding,19,0.3671866778786691,0.718679984298768,0.28174515045871407,interior,0.36848179829116756,0.717722168945173,0.2814732797660568
StorageFurniture,15,3.6764653199672575,0.1833729771034085,0.07669621072957952,interior,3.7061441382662283,0.18232347299602594,0.076671961987367
SupplementaryCementitiousMaterials,28,1.3812845446309572,0.33019699097791666,0.09238266452842853,interior,1.389495494373137,0.3292044161654771,0.09233688513593058
Tables,161,3.899957470269054e-05,2.5919815746905552,0.7303049820239719,boundary_guard,0.01,1.9372302551740157,0.4858210805357818
TileGrout,43,0.06692187130122387,0.8843138582093127,0.17154089993617883,interior,0.06715334791115143,0.8836970028249238,0.17163347824309877
Timber,17,0.17941924650779925,0.9101986456806758,0.20786260168488185,interior,0.17911536074332307,0.9106690033882076,0.2079642254083623
TranslucentWallAndRoofAssemblies,46,0.05107131649625282,0.9503111643216217,0.18868157599570873,interior,0.05179474679231209,0.9482452886720447,0.1887910404085086
UnitSkylights,17,0.7213811199877691,0.5287392803407587,0.17883642165733293,interior,0.7155444070664577,0.5307866572834473,0.179154654643759
VinylSiding,11,0.025764426195027054,1.1379834758347982,0.12673038996545347,interior,0.025913963014396586,1.1372252300394732,0.12658871040710062
WallBase,14,1.4183702361627612e-16,15.530872890655246,0.37252062860863555,boundary_guard,0.00999999999999997,2.0954940735326884,0.24340797511067397
WallFinishes,173,0.001012074527714119,1.7907381712978712,0.3429928710982029,boundary_guard,0.01,1.491148227655422,0.2650391651739437
WallPanels,163,0.07390182017432785,0.829932909285564,0.09916576723097746,interior,0.07322538337604534,0.8310526615484796,0.09926098486061781
WeatherBarriers,59,0.0055024750153830305,1.2996786438347563,0.3181566171025425,boundary_guard,0.009999999999999993,1.2478974740766067,0.32064180130257325
WindTurbines,3,2.601054784871002e-16,16.479774612398803,0.49959899623689374,boundary_guard,0.00999999999999997,2.302944798511265,0.41100831454799513
Windows,358,0.26572521813989053,0.5980037226619261,0.13371846561293838,interior,0.2682695795279724,0.5962378776229111,0.1336733163251206
WireMeshSteel,53,0.2140606624659372,0.7000375976445227,0.13169654740536393,interior,0.21297116275234776,0.7009260794423292,0.1318760706073327
WoodDoors,32,0.5472015707829317,0.5279976163002754,0.12201930786397616,interior,0.5518926834697382,0.526148385421496,0.12194010214184198
WoodFlooring,86,0.5723262464786425,0.5421495364074006,0.1337800876887252,interior,0.5680492161728425,0.543806003808454,0.13393140356140693
WoodFraming,7,3.4712851211817077,0.20930920372351455,0.13681323931403028,interior,3.4983209357750344,0.20806477325354394,0.13675818615600693
WoodJoists,5,2.3370954593912943e-16,24.27728180700445,0.44855253213683227,boundary_guard,0.010000000000000031,2.4548959059679,0.3731071250401677
WorkSurfaces,12,46938.95499002631,2.130292926681644e-05,0.07826850360689283,boundary_normal_limit,1000.0,0.0009981166819708022,0.07834503336702708
