dataset,n,target_noise,var_vs_uniform,band
AccessFlooring,53,0.14988248405252821,0.09668770514547777,n 10-99
AccessFlooringPedestals,13,0.2265308091075571,0.09372275029830089,n 10-99
AcousticalCeilings,412,0.16732917761777322,0.0879334588898031,n 100-999
Aggregates,384,0.4148268082310684,0.26754493599212015,n 100-999
AluminiumBillets,120,0.06618926162255265,0.1181013129946413,n 100-999
AluminiumExtrusions,36,0.1934831709876672,0.17308093648450312,n 10-99
AluminiumSheetGoods,26,0.13804743998630617,0.1338525375096456,n 10-99
AluminiumSiding,3,0.5089928789755703,0.24385240466147365,n 3-9
AluminiumSuspensionAssembly,22,0.40052323148218577,0.17424120287467823,n 10-99
Asphalt,7232,0.002952666885518071,0.0025954825398885853,n >=1000
BackingAndUnderlay,45,0.33950176594589454,0.15183680705045496,n 10-99
BituminousRoofing,66,0.18447127314653766,0.11787809462789774,n 10-99
BlanketFacing,28,0.13819721682326055,0.06691910406871979,n 10-99
BlanketInsulation [mineral wool],184,0.11249444401036841,0.07100045595902109,n 100-999
BlanketInsulation [other],3,0.7180867490056911,0.6601910614903025,n 3-9
BlanketInsulation [type not stated],129,0.04580740552633701,0.17729734159212135,n 100-999
BlownInsulation [cellulose],3,1.7957924166050583,1.4871985650169877,n 3-9
BlownInsulation [type not stated],16,0.09299515843385821,0.2053448825649524,n 10-99
BoardInsulation [EPS],47,0.33522469306487623,0.2473698527400765,n 10-99
BoardInsulation [PIR or PUR],50,0.14868803821385318,0.2161299696983849,n 10-99
BoardInsulation [XPS],19,0.5364611524618343,0.3283971181118076,n 10-99
BoardInsulation [mineral wool],77,0.054655072743924255,0.03856113809063499,n 10-99
BoardInsulation [other],7,0.1699024736476064,0.07404420104368349,n 3-9
BoardInsulation [type not stated],131,0.27551297746025405,0.2493068502159356,n 100-999
Brick,215,0.11984607500346653,0.08422869578568563,n 100-999
CMU [3000-3999 psi],137,0.01826506126422176,0.029664548674777743,n 100-999
CMU [4000-4999 psi],18,0.07983256294988914,0.05477982981333909,n 10-99
CMU [5000-5999 psi],8,0.041241028594610867,0.021285544632437457,n 3-9
CMU [<3000 psi],274,0.04212629628060151,0.019909508710300755,n 100-999
CMU [>=6000 psi],8,0.06292959466235458,0.06016527116234306,n 3-9
CMU [strength not stated],39,0.14023175950526978,0.08073028028640733,n 10-99
CableTrays,59,0.26630585076107727,0.13780324976663286,n 10-99
Carpet,1989,0.02309930608797978,0.02001939907922679,n >=1000
CastDecksAndUnderlayment,255,0.01819539950423652,0.02191007094612955,n 100-999
Cement,1084,0.024856828314688544,0.011774541830320884,n >=1000
CementBoard,21,0.12675910246021294,0.11489749117760231,n 10-99
CementGrout,3764,0.006060423529876496,0.007154353888092191,n >=1000
CementitiousSheathingBoard,51,0.18153134240940524,0.08910307970074699,n 10-99
Chairs,86,0.1436045311543115,0.1897287933496906,n 10-99
Coil,140,0.12112575355630985,0.07972269391045485,n 100-999
CompositeLumber,16,0.12479314961659373,0.09296477842480354,n 10-99
CompositionSiding,3,0.49231566160953305,0.4458474389369387,n 3-9
ConcreteAdmixtures,118,0.15188291780687377,0.2300707205980035,n 100-999
ConcretePaving [3000-3999 psi],108,0.03696969193117428,0.03532447876542657,n 100-999
ConcretePaving [4000-4999 psi],160,0.03283922677610355,0.01914647533028509,n 100-999
ConcretePaving [5000-5999 psi],42,0.051753795959565495,0.04638134023617853,n 10-99
ConcretePaving [<3000 psi],32,0.07414856901869311,0.04273804361276766,n 10-99
ConcretePaving [strength not stated],38,0.06807428587008896,0.07296271805121099,n 10-99
Countertops,76,0.19143203109144774,0.08791998462742537,n 10-99
CurtainWalls,54,0.19555161749049782,0.12646190696869652,n 10-99
DampproofingAndWaterproofing,162,0.26329757626616124,0.09064869894374046,n 100-999
DataCabling,951,0.06631968281855867,0.04649860125755321,n 100-999
DeckingBoards,7,0.21443560442701695,0.19094734385543122,n 3-9
DeckingSteel,62,0.04782723368592134,0.03326523955857333,n 10-99
DemountablePartitionTrack,4,0.5218201195371089,0.8224564207431474,n 3-9
DemountablePartitions,45,0.09406482746403745,0.06287756398075887,n 10-99
DoorsAndFrames,61,0.10238610536532691,0.1303674483007245,n 10-99
Electrical,3,0.0015567789940771992,0.0015357130170808833,n 3-9
Elevators,20,0.34028677471277274,0.16478671751979887,n 10-99
FenestrationAccessories,17,0.2454047294024923,0.21555742288451685,n 10-99
FenestrationFraming,259,0.11304424784408283,0.13832774809166618,n 100-999
FiberCementSiding,29,0.12586300427711367,0.09561918212243443,n 10-99
FireAndSmokeProtection,22,0.12036939457488241,0.12974460585741474,n 10-99
FlashingAndSheetMetal,12,0.9187313454893233,0.4709864293004227,n 10-99
FlatGlassPanes,47,0.9198390454211016,0.7730478540675418,n 10-99
FlowableFill,2008,0.030116787291594067,0.02442477622242644,n >=1000
FoamedInPlace [PIR or PUR],8,0.8383265107114626,0.9842851577618968,n 3-9
FoamedInPlace [type not stated],5,0.05403827687979333,0.052875365031535296,n 3-9
Furnishings,7,0.12840020653536924,0.12015216379144669,n 3-9
GlazedDoors,141,0.20464486892123057,0.1400971928041141,n 100-999
Grouting,219,0.20834176042988037,0.27579317828237104,n 100-999
Gypsum,771,0.04955925875697229,0.04503878253275901,n 100-999
GypsumSheathingBoard,19,0.09697551878829788,0.09608911321299111,n 10-99
HeavyTimber,5,0.2672863707938277,0.24366188043310416,n 3-9
Hollow,145,0.05227066246661304,0.045824735854639975,n 100-999
HotRolled,81,0.3538786466153571,0.17329676334125155,n 10-99
InsulatedRoofPanels,271,0.0467478257247237,0.02211906974343569,n 100-999
InsulatedWallPanels,420,0.02900532532745346,0.021585138727585617,n 100-999
InsulatingGlazingUnits,32,0.7380558847727218,0.10877038378967653,n 10-99
JointProtection,5,0.19447017896878788,0.21997351972313164,n 3-9
Laminate,26,0.16119024096869888,0.1520647251430901,n 10-99
MBQ,40,0.08616857212602808,0.07678325676569554,n 10-99
MasonryCement,26,0.13187186800995054,0.13106041429654913,n 10-99
MassTimber,66,0.1344085161203876,0.07874672527918442,n 10-99
MechanicalInsulation,22,0.16000000640049095,0.18498412049782015,n 10-99
MetalDoorAndFrames,42,0.10317537706915685,0.09479227386263968,n 10-99
MetalRailings,13,0.35781340279847557,0.2182880571081678,n 10-99
MetalStairs,5,0.18453198904744392,0.07888467992754505,n 3-9
Mirrors,19,0.06255712391846843,0.021354094901120634,n 10-99
MiscMetalFabrication,69,0.3075214541082129,0.25380168234357925,n 10-99
Mortar,248,0.0581980867788131,0.11355700624116442,n 100-999
NetworkingCableTrays,22,0.13648281962099407,0.051385718557364596,n 10-99
NetworkingRaceways,32,0.2619100636791225,0.2994407673141017,n 10-99
NonStructuralWood,57,0.09546969878781796,0.07879365097287346,n 10-99
OilPatch,282,0.1206525073947497,0.08942439256174778,n 100-999
OpenWebMembranes,17,0.0986146139980217,0.05732502463660234,n 10-99
Openings,12,0.22471386516117536,0.1948379364535715,n 10-99
OtherFlooring,217,0.2519710273888945,0.16282776415509087,n 100-999
PaintingAndCoating,19,0.9060031158668407,0.5844415699158422,n 10-99
PlateSteel,72,0.133414753349125,0.0965404887198885,n 10-99
PostTensioningSteel,35,0.062182050707890804,0.04141954051744338,n 10-99
PowerCabling,400,0.5054774003205588,0.4320306695360769,n 100-999
PrecastConcrete,499,0.017329248560840817,0.019903003827178363,n 100-999
ProcessedNonInsulatingGlassPanes,130,0.19867275692750622,0.17286797055123296,n 100-999
ReadyMix [3000-3999 psi],20814,0.003210614834636945,0.0025243464299125836,n >=1000
ReadyMix [4000-4999 psi],31025,0.0020637606559553673,0.0015488094416324573,n >=1000
ReadyMix [5000-5999 psi],14366,0.0027268349321341876,0.0017721523320014534,n >=1000
ReadyMix [<3000 psi],3974,0.010208667497489665,0.0036016281071193598,n >=1000
ReadyMix [>=6000 psi],7887,0.005092788382203028,0.004328064245405669,n >=1000
ReadyMix [strength not stated],8777,0.00995526543493434,0.005274822612849965,n >=1000
RebarSteel,204,0.10442301513000794,0.09537286644936618,n 100-999
ResilientFlooring,468,0.07842964619864184,0.04854401713177492,n 100-999
RoofCoverBoards,20,0.04417131600493973,0.044497017343132376,n 10-99
RoofPanels,61,0.22776919236855642,0.15976883141159465,n 10-99
SheathingPanels,71,0.261872129511922,0.24786470202078262,n 10-99
Shotcrete [3000-3999 psi],183,0.0319871313926971,0.020826630036763535,n 100-999
Shotcrete [4000-4999 psi],651,0.011971332733417755,0.0060513854226996195,n 100-999
Shotcrete [5000-5999 psi],471,0.015492640182939749,0.013687611499654322,n 100-999
Shotcrete [<3000 psi],4,0.20556422811682473,0.057586814534726034,n 3-9
Shotcrete [>=6000 psi],264,0.011709377336515656,0.01822721835360603,n 100-999
Shotcrete [strength not stated],96,0.01448476488076747,0.04573159825281936,n 10-99
SinglePlyEPDM,29,0.11124069703762052,0.12899629402477014,n 10-99
SinglePlyKEE,11,0.20775307274460889,0.07186812282703585,n 10-99
SinglePlyPVC,74,0.12999787355047748,0.0680956821933233,n 10-99
SinglePlyPolyurethane,27,0.5540745615463851,0.2126563062045137,n 10-99
SinglePlyTPO,62,0.0628035001968682,0.030962743061942476,n 10-99
SprayedInsulation,11,0.7587097026358722,0.48637500595671335,n 10-99
SteelSuspensionAssembly,98,0.024022364194254155,0.012381393051935221,n 10-99
StoneCladding,19,0.5277616569303172,0.06571457525586318,n 10-99
StorageFurniture,15,0.17642875121040769,0.1935232836570574,n 10-99
SupplementaryCementitiousMaterials,28,0.23403702340692664,0.13579143063101926,n 10-99
Tables,161,0.2525115564065827,0.177413773508304,n 100-999
TileGrout,43,0.14574260049981808,0.2425255383626605,n 10-99
Timber,17,0.2780656240396586,0.2053102715171043,n 10-99
TranslucentWallAndRoofAssemblies,46,0.18696206347812988,0.2322315400481447,n 10-99
UnitSkylights,17,0.2558040550831904,0.25923153640806984,n 10-99
VinylSiding,11,0.8690546787433172,0.5577668888232981,n 10-99
WallBase,14,0.09562664969602636,0.1612374976014339,n 10-99
WallFinishes,173,0.20840137191146765,0.4137510794112376,n 100-999
WallPanels,163,0.10525785156747236,0.06494715689855321,n 100-999
WeatherBarriers,59,0.3102444721130437,0.31273408423519483,n 10-99
WindTurbines,3,0.6605179731360734,0.3667304316175616,n 3-9
Windows,358,0.06449052893606931,0.08010469834886003,n 100-999
WireMeshSteel,53,0.28543792885426944,0.1557020513232905,n 10-99
WoodDoors,32,0.14467560751497516,0.10250566258453396,n 10-99
WoodFlooring,86,0.11877593853169348,0.08122062401068401,n 10-99
WoodFraming,7,0.10702001215525063,0.22211031017001115,n 3-9
WoodJoists,5,0.30329822152307645,0.2711551186565717,n 3-9
WorkSurfaces,12,0.1801968708422796,0.18355203431921868,n 10-99
